date;time;h;x;y;gs;fv;fa;fw;fet;fit;bv;bc;bw;bwh;t1;t2;t3;soc;ke;jv;jc;jw;jwh;gsmspeed
2026-07-18;05:47:46.838;30.32;50.52920136;18.09612958;19;36.04;25.53;920.1;38.3;61.8;310.4;12.40;1805;0.100;32.2;34.2;33.0;85.0;44.9999;33.79;21.95;742.7;0.041;2
2026-07-18;05:47:47.035;30.52;50.52919267;18.09614928;20;35.83;26.31;942.9;38.1;62.3;310.2;12.02;1806;0.201;32.2;34.1;33.1;85.0;44.9998;33.91;21.18;759.2;0.083;3
2026-07-18;05:47:47.236;31.24;50.52918377;18.09616945;20;35.59;25.91;922.1;38.0;61.8;310.4;12.31;1775;0.299;32.2;34.0;33.1;85.0;44.9997;33.59;21.53;765.0;0.126;5
2026-07-18;05:47:47.436;31.42;50.52917482;18.09618974;20;35.64;25.84;921.1;38.1;61.8;309.9;11.67;1738;0.396;32.1;33.8;33.1;85.0;44.9996;33.85;22.41;751.3;0.168;7
2026-07-18;05:47:47.637;32.33;50.52916561;18.09621062;20;35.81;26.30;941.8;38.0;62.2;310.2;12.80;1715;0.491;31.9;33.9;33.0;85.0;44.9995;33.60;23.02;762.7;0.210;9
2026-07-18;05:47:47.837;33.49;50.52915607;18.09623224;21;35.62;26.45;942.2;38.4;61.8;309.6;12.05;1744;0.588;31.7;33.8;32.9;85.0;44.9994;33.47;23.63;745.0;0.251;11
2026-07-18;05:47:48.036;33.87;50.52914642;18.09625411;21;35.73;27.05;966.4;38.6;61.1;309.8;12.04;1721;0.684;31.7;33.7;33.0;85.0;44.9993;33.35;23.07;743.1;0.293;12
2026-07-18;05:47:48.237;34.31;50.52913665;18.09627626;20;36.03;26.46;953.4;38.7;60.8;309.7;11.78;1703;0.778;31.9;33.7;32.9;85.0;44.9992;33.51;23.04;754.7;0.335;14
2026-07-18;05:47:48.439;35.64;50.52912650;18.09629928;21;35.99;25.88;931.3;38.9;60.3;310.4;11.35;1679;0.871;32.1;33.4;33.0;85.0;44.9991;33.80;22.38;762.5;0.377;16
2026-07-18;05:47:48.637;35.61;50.52911635;18.09632227;22;36.11;25.32;914.2;38.6;60.2;310.4;12.08;1660;0.964;32.2;33.5;32.9;85.0;44.9990;34.12;22.04;771.8;0.420;18
2026-07-18;05:47:48.844;36.37;50.52910599;18.09634575;22;36.26;24.54;889.8;38.5;60.5;310.0;11.37;1664;1.056;32.0;33.5;32.9;85.0;44.9989;34.04;21.78;766.4;0.462;20
2026-07-18;05:47:49.042;37.37;50.52909535;18.09636988;22;36.32;25.01;908.6;38.8;59.9;309.4;12.02;1650;1.148;32.2;33.7;32.9;85.0;44.9989;34.11;21.51;785.9;0.506;22
2026-07-18;05:47:49.292;37.15;50.52908477;18.09639387;21;36.13;25.39;917.5;38.7;60.1;308.9;12.90;1640;1.239;32.3;33.9;32.8;85.0;44.9988;34.21;22.30;768.4;0.549;24
2026-07-18;05:47:49.441;36.81;50.52907428;18.09641763;22;35.90;25.08;900.5;38.5;59.9;308.6;12.13;1653;1.331;32.2;33.9;33.0;85.0;44.9987;33.97;22.52;777.2;0.592;26
2026-07-18;05:47:49.696;37.85;50.52906350;18.09644207;21;35.98;24.94;897.3;38.8;59.9;308.6;12.30;1672;1.424;32.2;34.0;33.0;85.0;44.9986;33.58;22.65;796.4;0.636;29
2026-07-18;05:47:49.844;38.76;50.52905246;18.09646710;22;35.88;25.10;900.4;38.7;59.9;308.9;13.19;1634;1.514;32.4;34.1;32.9;85.0;44.9985;33.85;23.14;780.1;0.680;31
2026-07-18;05:47:50.073;38.71;50.52904143;18.09649209;23;35.97;24.77;890.9;38.3;59.4;308.9;12.03;1673;1.607;32.6;34.2;32.9;85.0;44.9984;34.22;23.76;765.2;0.722;33
2026-07-18;05:47:50.244;38.64;50.52903043;18.09651703;24;36.07;25.30;912.7;38.4;59.9;308.7;12.41;1688;1.701;32.4;34.1;32.8;85.0;44.9983;34.52;24.24;765.5;0.765;35
2026-07-18;05:47:50.461;38.21;50.52901954;18.09654171;24;36.28;25.19;913.9;38.7;59.5;308.8;11.98;1684;1.795;32.4;34.2;32.9;85.0;44.9982;34.20;24.89;758.4;0.807;37
2026-07-18;05:47:50.646;38.52;50.52900857;18.09656658;23;36.03;25.74;927.6;38.4;60.2;309.4;12.49;1693;1.889;32.4;34.1;33.1;85.0;44.9981;33.83;24.46;754.8;0.849;39
2026-07-18;05:47:50.866;38.52;50.52899760;18.09659145;24;36.09;26.26;947.8;38.0;60.4;309.6;13.47;1706;1.984;32.4;34.2;33.1;85.0;44.9980;33.84;24.97;737.1;0.890;41
2026-07-18;05:47:51.045;38.73;50.52898656;18.09661646;25;36.32;26.75;971.4;38.2;60.4;309.4;12.63;1692;2.078;32.5;34.1;33.1;85.0;44.9979;33.58;25.02;716.1;0.929;44
2026-07-18;05:47:51.246;38.81;50.52897551;18.09664152;24;36.49;27.01;985.5;38.1;60.8;310.1;13.16;1654;2.169;32.4;34.0;33.1;85.0;44.9978;33.68;24.97;730.4;0.970;46
2026-07-18;05:47:51.445;38.56;50.52896452;18.09666642;24;36.42;26.89;979.4;38.4;60.6;310.5;14.30;1666;2.262;32.3;34.1;33.3;85.0;44.9977;33.65;25.20;720.0;1.010;48
2026-07-18;05:47:51.646;39.26;50.52895334;18.09669176;24;36.31;26.30;955.0;38.4;60.8;310.8;14.72;1689;2.356;32.1;34.0;33.1;85.0;44.9976;33.59;26.03;709.2;1.049;50
2026-07-18;05:47:51.846;38.57;50.52894235;18.09671667;25;36.06;26.66;961.3;38.0;61.0;310.6;14.26;1722;2.451;31.9;34.2;32.9;85.0;44.9975;33.98;25.27;716.3;1.089;52
2026-07-18;05:47:52.063;38.17;50.52893148;18.09674132;25;35.85;26.65;955.3;37.8;61.3;310.5;15.39;1697;2.546;32.1;34.4;32.7;85.0;44.9975;33.76;25.64;712.3;1.129;54
2026-07-18;05:47:52.270;38.59;50.52892049;18.09676623;24;35.82;27.22;974.9;37.9;60.6;310.3;16.13;1731;2.642;32.2;34.3;32.8;85.0;44.9974;33.85;25.63;697.3;1.167;56
2026-07-18;05:47:52.464;39.46;50.52890925;18.09679166;25;36.04;27.61;994.8;37.7;60.2;310.7;15.10;1750;2.739;32.4;34.4;32.7;85.0;44.9973;34.03;25.50;675.3;1.205;59
2026-07-18;05:47:52.648;40.18;50.52889757;18.09681735;24;35.99;27.42;987.1;37.7;60.5;311.2;15.37;1718;2.835;32.4;34.5;32.4;85.0;44.9972;34.21;25.11;686.1;1.243;61
2026-07-18;05:47:52.847;40.37;50.52888584;18.09684316;23;36.07;26.87;969.0;37.8;60.4;311.8;14.39;1685;2.928;32.4;34.7;32.6;85.0;44.9971;33.89;24.98;694.8;1.282;63
2026-07-18;05:47:53.047;41.01;50.52887392;18.09686938;24;36.16;26.48;957.5;37.9;60.4;311.8;14.75;1673;3.021;32.6;34.9;32.6;85.0;44.9970;34.09;25.51;701.1;1.321;65
2026-07-18;05:47:53.246;40.18;50.52886224;18.09689506;25;35.99;26.41;950.6;37.9;60.2;311.8;15.83;1684;3.115;32.6;34.9;32.7;85.0;44.9969;34.48;25.86;684.3;1.359;68
2026-07-18;05:47:53.448;40.37;50.52885051;18.09692087;24;35.72;27.19;971.4;38.0;60.2;312.3;14.71;1656;3.207;32.6;35.2;32.9;85.0;44.9968;34.45;26.43;678.9;1.396;70
2026-07-18;05:47:53.648;40.72;50.52883868;18.09694691;24;35.87;27.65;992.0;38.1;59.9;311.8;15.40;1629;3.297;32.8;35.0;32.9;85.0;44.9967;34.29;27.15;679.5;1.434;72
2026-07-18;05:47:53.848;40.74;50.52882684;18.09697295;24;36.02;27.22;980.4;38.0;60.1;311.7;15.41;1626;3.388;33.0;34.8;32.8;85.0;44.9966;33.99;26.88;668.0;1.471;74
2026-07-18;05:47:54.051;41.11;50.52881489;18.09699923;24;36.01;27.65;995.6;37.9;60.7;311.5;16.20;1619;3.477;32.9;35.0;32.7;85.0;44.9965;33.83;26.63;681.9;1.509;77
2026-07-18;05:47:54.251;41.74;50.52880276;18.09702592;23;35.85;27.01;968.5;37.9;60.4;311.4;16.58;1581;3.565;32.9;34.8;32.5;85.0;44.9964;34.08;25.78;675.3;1.547;79
2026-07-18;05:47:54.467;42.12;50.52879052;18.09705285;22;36.15;26.42;954.8;37.5;61.0;310.8;15.66;1571;3.653;33.0;34.6;32.5;85.0;44.9963;34.24;26.67;685.6;1.585;81
2026-07-18;05:47:54.651;41.95;50.52877833;18.09707967;22;36.15;25.98;939.0;37.7;61.3;311.0;14.68;1543;3.738;33.2;34.7;32.5;85.0;44.9963;34.04;26.28;699.0;1.624;84
2026-07-18;05:47:54.855;41.74;50.52876620;18.09710635;21;36.13;25.56;923.3;37.5;60.7;310.8;15.67;1521;3.823;33.0;34.7;32.6;85.0;44.9962;34.40;25.96;718.6;1.664;86
2026-07-18;05:47:55.085;41.99;50.52875440;18.09713320;22;36.06;26.31;948.8;37.1;60.5;310.7;15.93;1507;3.906;32.9;34.5;32.5;85.0;44.9961;34.17;26.15;725.3;1.704;88
2026-07-18;05:47:55.315;39.81;50.52874336;18.09715922;23;35.88;26.81;961.9;37.3;60.0;310.4;17.09;1534;3.992;32.9;34.3;32.8;85.0;44.9960;34.34;26.86;739.4;1.745;91
2026-07-18;05:47:55.483;38.06;50.52873280;18.09718411;22;36.08;26.23;946.4;37.1;60.1;310.8;16.21;1536;4.077;32.6;34.4;32.7;85.0;44.9959;34.21;26.35;757.4;1.787;93
2026-07-18;05:47:55.812;36.21;50.52872276;18.09720778;21;36.33;26.32;956.3;36.9;60.3;310.4;15.96;1558;4.164;32.7;34.4;32.7;85.0;44.9958;34.61;25.83;741.6;1.828;95
2026-07-18;05:47:55.895;35.35;50.52871296;18.09723089;20;36.28;25.60;928.8;36.8;60.4;310.5;16.26;1563;4.250;32.7;34.3;32.9;85.0;44.9957;34.55;26.28;747.2;1.870;97
2026-07-18;05:47:56.117;34.03;50.52870352;18.09725314;20;36.10;26.09;941.9;36.7;60.7;310.2;16.27;1529;4.335;32.7;34.4;32.9;85.0;44.9957;34.90;27.07;764.7;1.912;99
2026-07-18;05:47:56.423;32.42;50.52869453;18.09727433;20;36.00;26.52;954.6;36.8;60.8;309.7;17.35;1555;4.422;32.8;34.4;33.0;85.0;44.9956;34.93;27.22;780.9;1.956;100
2026-07-18;05:47:56.613;31.80;50.52868571;18.09729512;20;35.91;27.17;975.7;36.4;61.3;309.3;18.11;1566;4.509;32.8;34.3;32.9;85.0;44.9955;34.76;27.17;801.8;2.000;102
2026-07-18;05:47:56.739;30.75;50.52867718;18.09731523;19;36.11;27.77;1002.9;36.7;61.6;309.0;17.36;1588;4.597;32.7;34.2;32.9;85.0;44.9954;34.40;27.36;787.2;2.044;104
2026-07-18;05:47:56.943;30.34;50.52866876;18.09733506;19;35.89;27.31;980.2;36.4;61.7;308.5;17.77;1557;4.683;32.7;34.2;33.1;85.0;44.9953;34.25;27.74;796.8;2.088;105
2026-07-18;05:47:57.266;29.96;50.52866045;18.09735465;20;36.09;26.62;960.7;36.4;62.0;308.0;17.30;1596;4.772;32.7;34.0;33.1;85.0;44.9952;34.23;26.89;804.0;2.133;107
2026-07-18;05:47:57.364;29.28;50.52865233;18.09737378;21;36.33;26.20;951.7;36.2;62.2;308.7;17.02;1612;4.862;32.6;33.9;33.2;85.0;44.9951;34.08;27.63;792.4;2.177;109
2026-07-18;05:47:57.532;28.85;50.52864433;18.09739264;20;36.62;26.43;967.6;36.5;62.4;309.0;16.48;1636;4.953;32.7;33.9;33.4;85.0;44.9950;34.25;28.45;810.1;2.222;110
2026-07-18;05:47:58.303;28.26;50.52863649;18.09741112;19;36.35;25.87;940.2;36.9;62.2;308.7;17.63;1670;5.045;32.6;33.8;33.6;84.9;44.9950;34.10;28.43;801.2;2.266;112
2026-07-18;05:47:58.304;28.09;50.52862870;18.09742948;19;36.23;26.59;963.5;36.9;61.9;309.1;18.45;1688;5.139;32.7;33.7;33.6;84.9;44.9949;34.43;28.67;794.7;2.310;114
2026-07-18;05:47:58.605;28.07;50.52862092;18.09744783;18;36.10;26.07;941.1;36.9;62.3;309.8;17.82;1669;5.232;32.7;33.7;33.6;84.9;44.9948;34.19;29.16;780.6;2.354;115
2026-07-18;05:47:58.819;27.65;50.52860602;18.09745241;19;36.30;26.03;944.9;37.0;61.9;310.5;17.63;1678;5.325;32.6;33.8;33.4;84.9;44.9947;33.79;28.28;765.2;2.396;117
2026-07-18;05:47:58.819;26.69;50.52859276;18.09745470;20;36.50;26.24;957.7;36.9;62.1;311.1;16.55;1669;5.418;32.4;33.6;33.4;84.9;44.9946;33.55;27.95;774.0;2.439;118
2026-07-18;05:47:59.172;26.52;50.52857959;18.09745697;21;36.28;26.79;971.7;36.8;62.3;310.7;16.55;1689;5.512;32.7;33.8;33.4;84.9;44.9945;33.77;28.15;781.6;2.483;120
2026-07-18;05:47:59.172;26.08;50.52856664;18.09745920;21;36.21;26.33;953.3;37.0;62.6;311.2;15.39;1700;5.606;32.8;34.0;33.5;84.9;44.9944;34.15;28.00;796.6;2.527;121
2026-07-18;05:47:59.575;25.53;50.52855397;18.09746139;20;36.10;26.73;964.9;36.8;62.3;311.6;15.62;1739;5.703;32.9;34.0;33.4;84.9;44.9943;33.97;27.40;795.1;2.571;122
2026-07-18;05:47:59.575;25.31;50.52854140;18.09746355;21;35.90;27.53;988.3;36.7;62.5;311.1;15.00;1742;5.800;32.7;34.1;33.2;84.9;44.9942;34.20;26.67;792.8;2.615;124
2026-07-18;05:47:59.921;25.13;50.52852892;18.09746570;20;35.93;26.78;962.1;36.5;62.0;311.5;15.58;1729;5.896;32.4;33.9;33.1;84.9;44.9941;33.84;26.59;815.5;2.660;125
2026-07-18;05:48:00.036;24.54;50.52851673;18.09746781;19;35.65;27.35;975.0;36.5;61.4;311.8;16.43;1722;5.991;32.5;34.0;33.1;84.9;44.9940;33.68;26.83;840.0;2.707;127
2026-07-18;05:48:00.037;24.45;50.52850459;18.09746990;20;35.54;27.21;967.1;36.3;60.9;311.8;17.34;1706;6.086;32.6;34.1;32.8;84.9;44.9939;33.99;27.69;863.5;2.755;128
2026-07-18;05:48:00.117;24.16;50.52849259;18.09747197;21;35.59;27.65;984.0;36.2;61.1;312.1;16.59;1697;6.180;32.6;33.9;32.7;84.9;44.9938;33.63;26.83;880.1;2.804;129
2026-07-18;05:48:00.285;24.53;50.52848041;18.09747407;21;35.35;27.99;989.5;36.4;61.2;312.0;16.05;1676;6.274;32.7;33.9;32.9;84.9;44.9937;33.41;26.55;896.4;2.854;131
2026-07-18;05:48:00.547;23.99;50.52846849;18.09747612;20;35.21;28.73;1011.7;36.2;61.2;312.6;16.37;1658;6.366;32.8;33.8;32.9;84.9;44.9936;33.08;26.99;918.4;2.905;132
2026-07-18;05:48:00.823;23.51;50.52845681;18.09747814;20;35.31;28.63;1011.0;36.4;60.9;312.7;15.38;1669;6.458;32.7;34.0;33.0;84.9;44.9935;33.22;27.15;899.9;2.955;133
2026-07-18;05:48:01.232;23.07;50.52844535;18.09748011;19;35.41;28.21;999.0;36.7;60.2;312.8;14.68;1633;6.549;32.8;34.2;32.8;84.9;44.9935;33.60;27.95;884.4;3.004;135
2026-07-18;05:48:01.544;23.02;50.52843392;18.09748208;18;35.61;27.43;976.6;36.5;59.8;312.8;14.99;1654;6.641;32.9;34.0;33.0;84.9;44.9934;33.89;28.44;867.4;3.052;136
2026-07-18;05:48:01.729;22.67;50.52842267;18.09748402;19;35.61;27.46;977.9;36.3;59.9;313.2;16.07;1627;6.731;33.1;34.0;33.2;84.9;44.9933;34.20;27.64;853.9;3.100;137
2026-07-18;05:48:01.960;22.58;50.52841145;18.09748596;19;35.37;26.79;947.6;36.4;59.6;313.4;15.79;1659;6.824;33.2;33.9;33.5;84.9;44.9932;34.17;28.51;859.3;3.147;138
2026-07-18;05:48:01.961;22.51;50.52840027;18.09748788;20;35.47;26.46;938.6;36.6;60.0;313.2;15.61;1691;6.917;33.1;33.8;33.6;84.9;44.9931;33.92;28.25;851.5;3.195;140
2026-07-18;05:48:02.148;22.76;50.52838897;18.09748983;19;35.77;25.82;923.6;36.7;60.1;312.5;16.05;1697;7.012;33.0;33.8;33.5;84.9;44.9930;33.99;28.63;844.3;3.242;141
2026-07-18;05:48:02.298;22.98;50.52837755;18.09749180;20;35.77;26.13;934.4;36.6;60.1;312.7;16.66;1722;7.107;32.8;33.6;33.5;84.9;44.9929;34.15;28.68;832.5;3.288;142
2026-07-18;05:48:02.745;23.21;50.52836603;18.09749379;19;35.58;25.38;903.0;36.5;60.6;312.0;17.34;1696;7.202;32.6;33.6;33.7;84.9;44.9928;33.85;28.54;853.0;3.335;143
2026-07-18;05:48:02.981;23.01;50.52835460;18.09749576;20;35.80;26.00;931.0;36.7;60.2;311.6;16.34;1679;7.295;32.8;33.8;33.5;84.9;44.9927;34.24;28.46;831.4;3.381;145
2026-07-18;05:48:02.981;22.81;50.52834327;18.09749771;20;35.76;26.44;945.4;36.6;60.1;311.1;16.08;1676;7.388;32.6;33.9;33.6;84.9;44.9926;33.91;28.28;839.0;3.428;146
2026-07-18;05:48:03.242;22.34;50.52833217;18.09749963;20;35.99;26.18;942.2;36.6;60.3;311.2;16.84;1700;7.482;32.7;33.9;33.8;84.9;44.9925;34.18;27.86;820.1;3.474;147
2026-07-18;05:48:03.556;22.90;50.52832048;18.09748953;20;36.22;26.73;968.4;36.7;60.1;311.5;17.97;1681;7.576;32.6;33.7;33.9;84.9;44.9924;33.80;28.37;807.4;3.518;149
2026-07-18;05:48:03.782;22.69;50.52831119;18.09747931;21;36.15;26.44;955.7;36.6;60.4;311.2;18.87;1705;7.671;32.6;33.7;33.9;84.9;44.9923;33.96;28.35;822.3;3.564;150
2026-07-18;05:48:03.783;23.06;50.52830175;18.09746893;20;36.23;25.72;932.0;36.7;60.0;311.2;19.01;1704;7.765;32.5;33.5;33.7;84.9;44.9922;33.57;27.66;825.5;3.610;151
2026-07-18;05:48:03.859;23.27;50.52829222;18.09745844;20;36.48;25.51;930.5;36.4;59.5;311.1;18.09;1704;7.860;32.3;33.3;33.8;84.9;44.9921;33.39;27.96;804.8;3.655;152
2026-07-18;05:48:03.893;23.32;50.52828268;18.09744794;19;36.67;26.00;953.4;36.4;59.0;310.8;18.01;1694;7.954;32.3;33.4;33.6;84.9;44.9920;33.01;28.66;817.3;3.700;154
2026-07-18;05:48:04.077;23.25;50.52827315;18.09743747;19;36.50;25.27;922.3;36.1;59.0;310.2;18.60;1696;8.048;32.3;33.5;33.4;84.9;44.9920;32.72;28.68;831.8;3.746;155
2026-07-18;05:48:04.345;23.02;50.52826373;18.09742710;18;36.63;25.09;919.3;36.5;59.3;310.4;18.53;1663;8.141;32.1;33.4;33.3;84.9;44.9919;32.92;29.11;832.2;3.793;156
2026-07-18;05:48:04.581;23.50;50.52825411;18.09741652;19;36.43;24.78;902.7;36.2;58.8;310.1;19.04;1639;8.232;32.2;33.3;33.1;84.9;44.9918;33.23;28.65;847.1;3.840;158
2026-07-18;05:48:04.873;23.63;50.52824443;18.09740588;20;36.20;25.35;917.8;36.0;59.0;309.8;19.28;1603;8.321;32.4;33.5;33.1;84.9;44.9917;33.04;29.41;823.2;3.885;159
2026-07-18;05:48:04.986;24.02;50.52823460;18.09739506;19;35.94;24.76;889.7;35.8;59.4;310.0;18.91;1576;8.408;32.5;33.5;33.2;84.9;44.9916;32.69;28.84;831.5;3.932;160
2026-07-18;05:48:06.017;23.67;50.52822490;18.09738440;20;36.07;25.36;914.9;35.7;58.7;310.6;18.17;1578;8.496;32.5;33.3;33.4;84.9;44.9915;32.74;29.41;814.5;3.977;161
2026-07-18;05:48:06.020;23.80;50.52821516;18.09737367;19;35.98;24.60;885.2;35.6;59.3;310.7;19.06;1576;8.584;32.4;33.5;33.6;84.9;44.9914;32.68;28.99;828.0;4.023;163
2026-07-18;05:48:06.060;23.54;50.52820552;18.09736307;18;36.07;24.17;871.7;35.7;58.8;311.1;18.82;1611;8.673;32.2;33.3;33.5;84.9;44.9913;32.56;28.75;806.2;4.068;164
2026-07-18;05:48:06.060;23.49;50.52819590;18.09735249;17;36.36;24.02;873.3;35.9;58.4;311.8;18.21;1616;8.763;32.4;33.4;33.3;84.9;44.9912;32.64;28.31;825.8;4.113;165
2026-07-18;05:48:06.062;23.46;50.52818629;18.09734192;18;36.10;23.35;842.7;35.9;58.2;312.5;19.04;1649;8.854;32.3;33.4;33.3;84.9;44.9911;32.43;28.47;834.9;4.160;167
2026-07-18;05:48:06.143;23.32;50.52817674;18.09733142;18;36.13;22.83;824.9;36.0;57.7;312.5;19.33;1649;8.946;32.4;33.4;33.3;84.9;44.9911;32.21;28.60;837.4;4.206;168
2026-07-18;05:48:06.307;23.43;50.52816715;18.09732086;17;36.14;22.98;830.3;35.7;57.6;312.2;19.22;1642;9.037;32.6;33.4;33.2;84.9;44.9910;32.26;28.07;842.2;4.253;169
2026-07-18;05:48:06.792;22.96;50.52815775;18.09731052;17;36.09;23.71;855.6;35.7;57.5;311.7;18.15;1665;9.130;32.7;33.6;33.2;84.9;44.9909;32.63;27.84;819.1;4.299;171
2026-07-18;05:48:06.865;22.88;50.52814838;18.09730022;16;36.04;24.04;866.5;35.5;57.1;312.2;19.19;1659;9.222;32.7;33.3;33.2;84.9;44.9908;32.53;28.08;813.1;4.344;172
2026-07-18;05:48:07.267;22.46;50.52813918;18.09729010;17;36.21;24.07;871.5;35.8;57.7;311.5;19.19;1667;9.315;32.6;33.4;33.0;84.9;44.9907;32.29;28.02;834.1;4.390;173
2026-07-18;05:48:07.807;22.40;50.52813001;18.09728001;18;36.14;24.63;890.2;35.7;57.2;311.4;19.50;1676;9.408;32.8;33.6;32.9;84.9;44.9906;32.65;28.20;818.4;4.436;174
2026-07-18;05:48:07.807;22.82;50.52812067;18.09726973;19;35.92;24.15;867.4;35.3;57.6;311.5;20.66;1650;9.499;32.9;33.4;33.0;84.9;44.9905;33.03;29.06;815.6;4.481;176
2026-07-18;05:48:08.081;22.90;50.52811129;18.09725942;20;35.93;24.12;866.6;35.1;58.1;311.0;20.65;1622;9.589;32.9;33.3;33.2;84.9;44.9904;32.88;29.76;823.3;4.527;177
2026-07-18;05:48:08.082;22.60;50.52810204;18.09724924;19;35.92;23.69;850.9;35.4;57.6;311.5;21.32;1582;9.677;33.0;33.2;32.9;84.9;44.9903;32.59;29.73;821.8;4.572;178
2026-07-18;05:48:08.310;22.72;50.52809274;18.09723901;20;35.86;24.31;871.7;35.4;57.6;311.5;21.86;1581;9.765;33.0;33.2;33.0;84.9;44.9902;32.36;30.54;796.8;4.617;179
2026-07-18;05:48:08.448;23.04;50.52808331;18.09722864;20;36.06;24.24;874.0;35.1;58.1;310.8;21.30;1548;9.851;33.3;33.2;32.8;84.9;44.9901;32.03;31.28;778.0;4.660;181
2026-07-18;05:48:08.455;22.99;50.52807389;18.09721828;20;36.17;24.58;889.0;35.2;58.4;311.2;20.52;1559;9.938;33.0;33.1;32.6;84.9;44.9901;31.66;31.91;764.9;4.702;182
2026-07-18;05:48:08.536;22.77;50.52806457;18.09720802;19;36.06;24.76;892.7;35.4;58.1;310.7;20.78;1585;10.026;32.9;32.9;32.7;84.9;44.9900;31.52;31.55;766.6;4.745;183
2026-07-18;05:48:08.719;22.48;50.52805537;18.09719790;19;36.11;25.13;907.6;35.0;58.0;311.0;20.14;1578;10.114;32.9;33.0;32.5;84.9;44.9899;31.76;31.67;746.7;4.786;184
2026-07-18;05:48:08.948;22.47;50.52804617;18.09718778;18;36.32;25.36;921.1;34.9;58.7;310.8;20.20;1594;10.202;32.8;32.9;32.6;84.9;44.9898;31.85;32.18;721.9;4.826;186
2026-07-18;05:48:09.117;22.54;50.52803694;18.09717763;19;36.29;25.56;927.4;34.7;58.5;311.2;20.23;1600;10.291;32.6;32.7;32.8;84.9;44.9897;31.49;31.32;717.4;4.866;187
2026-07-18;05:48:09.280;22.75;50.52802992;18.09716865;18;36.47;25.65;935.6;34.6;58.8;310.9;19.29;1564;10.378;32.5;32.6;33.0;84.9;44.9896;31.42;30.79;700.1;4.905;188
2026-07-18;05:48:09.483;24.93;50.52802877;18.09714914;19;36.50;24.99;912.3;34.7;58.7;310.8;18.62;1600;10.467;32.7;32.6;32.9;84.9;44.9895;31.39;31.46;694.1;4.944;190
2026-07-18;05:48:09.680;26.16;50.52802757;18.09712867;20;36.60;24.24;887.2;34.6;59.0;310.9;17.46;1572;10.554;32.5;32.6;32.7;84.9;44.9894;31.62;31.35;717.1;4.984;191
2026-07-18;05:48:09.881;28.33;50.52802626;18.09710650;19;36.58;24.08;880.8;35.0;59.6;311.0;16.41;1577;10.642;32.6;32.8;32.5;84.9;44.9894;31.61;31.58;704.8;5.023;193
2026-07-18;05:48:10.093;29.46;50.52802491;18.09708344;18;36.42;23.29;848.2;34.9;59.1;310.4;15.94;1612;10.731;32.3;32.5;32.6;84.9;44.9893;31.30;30.87;714.0;5.062;194
2026-07-18;05:48:10.321;30.41;50.52802351;18.09705964;17;36.26;23.04;835.4;35.2;59.6;310.6;15.48;1648;10.823;32.5;32.4;32.6;84.9;44.9892;31.53;30.92;708.8;5.102;196
2026-07-18;05:48:10.481;30.63;50.52802210;18.09703567;17;36.36;22.76;827.5;35.6;59.8;310.4;16.55;1613;10.912;32.6;32.2;32.6;84.9;44.9891;31.22;30.36;724.8;5.142;198
2026-07-18;05:48:10.681;32.09;50.52802062;18.09701055;16;36.52;22.93;837.3;35.7;60.3;311.0;17.08;1649;11.004;32.4;32.3;32.7;84.9;44.9890;31.47;31.17;746.2;5.184;199
2026-07-18;05:48:10.883;33.66;50.52802000;18.09697028;16;36.47;22.63;825.5;35.8;60.4;310.3;16.85;1665;11.097;32.3;32.1;32.9;84.9;44.9889;31.68;30.72;753.0;5.225;201
2026-07-18;05:48:11.084;34.93;50.52802000;18.09694282;16;36.18;21.88;791.5;35.7;60.3;310.0;17.37;1634;11.187;32.5;32.2;33.1;84.9;44.9888;31.28;30.64;754.0;5.267;203
2026-07-18;05:48:11.281;35.50;50.52802000;18.09691492;17;36.45;21.26;774.9;35.3;60.2;310.7;17.95;1607;11.277;32.2;32.4;33.0;84.9;44.9887;31.14;31.17;741.9;5.308;205
2026-07-18;05:48:11.776;36.19;50.52802000;18.09688648;17;36.37;20.93;761.3;35.6;60.7;311.2;16.88;1631;11.367;32.1;32.6;32.9;84.9;44.9886;31.36;30.27;746.1;5.350;207
2026-07-18;05:48:11.833;36.19;50.52802000;18.09685803;17;36.10;21.61;780.0;35.3;60.2;311.1;17.38;1612;11.457;32.3;32.8;32.9;84.9;44.9885;31.68;30.10;766.8;5.393;209
2026-07-18;05:48:12.050;36.90;50.52802000;18.09682903;17;36.30;22.39;812.7;35.4;60.7;311.8;16.19;1644;11.548;32.2;32.7;32.9;84.9;44.9885;31.29;29.20;780.7;5.436;211
2026-07-18;05:48:12.084;37.59;50.52802000;18.09679948;16;36.00;23.03;829.1;35.4;61.2;311.9;16.86;1656;11.640;32.0;32.9;33.2;84.9;44.9884;31.13;30.01;784.8;5.480;213
2026-07-18;05:48:12.281;37.53;50.52802000;18.09676998;17;36.24;23.19;840.3;35.8;61.6;311.6;16.65;1622;11.730;32.0;32.8;33.2;84.9;44.9883;31.04;30.51;794.7;5.524;216
2026-07-18;05:48:12.482;37.40;50.52802000;18.09674059;16;36.17;23.03;833.1;35.7;61.1;312.3;17.09;1599;11.819;32.0;32.8;33.4;84.9;44.9882;30.79;30.40;786.5;5.567;218
2026-07-18;05:48:12.695;37.58;50.52802000;18.09671105;15;36.22;23.77;861.1;35.8;61.0;312.9;17.45;1563;11.906;32.1;32.7;33.5;84.9;44.9881;30.60;29.79;805.8;5.612;220
2026-07-18;05:48:12.885;38.19;50.52802000;18.09668104;14;36.24;23.28;843.8;35.7;60.4;312.2;17.24;1571;11.993;32.2;32.8;33.4;84.9;44.9880;30.63;29.34;819.2;5.658;222
2026-07-18;05:48:13.163;38.96;50.52801908;18.09665042;14;36.46;23.41;853.6;35.7;59.9;312.8;16.12;1552;12.079;32.3;32.7;33.5;84.9;44.9879;31.02;29.75;840.5;5.704;224
2026-07-18;05:48:13.396;39.70;50.52801810;18.09661925;13;36.29;22.90;831.1;35.9;60.5;313.0;15.35;1582;12.167;32.3;32.6;33.3;84.9;44.9878;31.14;30.33;836.0;5.751;226
2026-07-18;05:48:13.485;39.52;50.52801713;18.09658823;13;36.13;22.91;827.8;35.6;60.9;313.5;14.43;1609;12.257;32.3;32.6;33.3;84.9;44.9877;30.76;30.21;845.7;5.798;228
2026-07-18;05:48:13.687;40.26;50.52801614;18.09655663;14;36.35;23.12;840.4;35.5;60.5;313.4;14.64;1595;12.345;32.3;32.7;33.1;84.9;44.9877;30.45;30.70;836.7;5.844;231
2026-07-18;05:48:13.888;40.86;50.52801514;18.09652456;15;36.29;23.67;859.1;35.7;60.4;313.2;15.62;1605;12.434;32.1;32.9;32.9;84.9;44.9876;30.56;30.34;844.7;5.891;233
2026-07-18;05:48:14.088;40.33;50.52801415;18.09649290;16;36.16;24.04;869.1;36.0;60.0;312.9;16.78;1636;12.525;32.3;32.9;33.2;84.9;44.9875;30.68;30.34;836.2;5.938;235
2026-07-18;05:48:14.292;40.01;50.52801317;18.09646149;17;35.90;23.96;860.0;36.1;59.9;312.5;17.07;1641;12.617;32.3;32.7;33.0;84.9;44.9874;30.90;31.19;835.4;5.984;237
2026-07-18;05:48:14.861;40.11;50.52801219;18.09643000;16;35.72;23.33;833.2;36.0;60.1;312.8;17.58;1657;12.709;32.3;32.7;32.9;84.9;44.9873;30.60;31.00;820.7;6.030;240
2026-07-18;05:48:14.948;40.50;50.52801119;18.09639821;15;35.69;23.18;827.3;36.3;60.1;312.9;17.71;1673;12.802;32.3;32.5;32.8;84.9;44.9872;30.60;31.55;810.8;6.075;242
2026-07-18;05:48:15.026;39.98;50.52801021;18.09636683;15;35.73;22.87;817.0;36.5;60.0;313.1;18.78;1643;12.893;32.3;32.8;32.7;84.9;44.9871;30.63;32.06;831.2;6.121;244
2026-07-18;05:48:15.101;39.62;50.52801000;18.09633573;16;36.01;22.58;813.0;36.6;59.7;313.0;18.50;1620;12.983;32.4;32.7;32.5;84.9;44.9870;30.69;32.69;811.2;6.166;246
2026-07-18;05:48:15.293;40.12;50.52801000;18.09630420;17;36.04;23.33;840.9;36.4;59.2;313.0;19.32;1646;13.074;32.3;32.7;32.4;84.9;44.9869;30.36;33.41;808.7;6.211;248
2026-07-18;05:48:15.553;40.02;50.52801000;18.09627275;16;36.15;23.89;863.5;36.3;58.6;313.7;19.77;1645;13.166;32.4;32.8;32.5;84.9;44.9868;30.15;33.01;818.7;6.256;251
2026-07-18;05:48:15.715;39.65;50.52801000;18.09624159;17;36.16;23.39;845.7;36.0;59.0;313.3;19.52;1681;13.259;32.2;32.8;32.2;84.9;44.9867;29.87;33.07;799.9;6.301;253
2026-07-18;05:48:15.932;40.15;50.52801000;18.09621003;17;35.90;23.69;850.3;35.7;58.5;312.8;19.34;1689;13.353;32.2;32.9;32.3;84.9;44.9866;29.69;33.31;780.9;6.344;255
2026-07-18;05:48:16.086;39.87;50.52801000;18.09617870;18;36.00;23.69;853.0;35.6;58.6;312.7;20.13;1668;13.446;32.1;33.0;32.4;84.9;44.9866;29.97;33.08;763.0;6.387;257
2026-07-18;05:48:16.288;40.30;50.52801000;18.09614703;18;36.26;22.95;832.1;35.6;59.0;312.4;19.49;1694;13.540;31.9;33.0;32.3;84.9;44.9865;29.66;33.66;759.8;6.429;260
2026-07-18;05:48:16.491;40.58;50.52801000;18.09611514;17;36.52;23.57;860.6;35.9;59.1;312.7;19.05;1714;13.635;32.2;33.0;32.2;84.9;44.9864;29.66;34.24;737.6;6.470;262
2026-07-18;05:48:16.693;41.10;50.52801000;18.09608283;16;36.79;22.77;837.6;36.1;59.1;313.4;19.41;1723;13.731;32.3;33.1;32.0;84.9;44.9863;29.40;33.74;745.7;6.511;264
2026-07-18;05:48:16.893;41.32;50.52801000;18.09605036;16;36.59;22.17;811.2;35.8;59.3;312.9;18.63;1713;13.826;32.5;33.1;32.0;84.9;44.9862;29.50;34.60;758.8;6.553;266
2026-07-18;05:48:17.091;41.47;50.52801069;18.09601776;16;36.64;22.96;841.5;35.8;58.8;312.5;19.11;1734;13.922;32.5;33.3;32.1;84.9;44.9861;29.73;35.17;780.1;6.597;269
2026-07-18;05:48:17.291;40.77;50.52801170;18.09598576;16;36.42;22.79;829.8;35.6;58.2;311.9;18.73;1715;14.017;32.6;33.2;32.2;84.9;44.9860;29.36;35.79;797.7;6.641;271
2026-07-18;05:48:17.762;40.04;50.52801268;18.09595432;16;36.70;22.85;838.5;35.6;58.1;312.3;18.36;1677;14.111;32.7;33.4;32.3;84.9;44.9859;29.70;35.18;802.4;6.686;273
2026-07-18;05:48:18.486;40.69;50.52801368;18.09592238;15;36.76;22.64;832.0;35.3;58.2;311.7;18.26;1692;14.205;32.5;33.4;32.1;84.9;44.9858;29.63;35.17;781.0;6.729;275
2026-07-18;05:48:18.533;40.47;50.52801467;18.09589061;16;36.53;22.36;817.0;35.4;57.5;311.5;19.22;1679;14.298;32.6;33.4;32.2;84.9;44.9857;29.58;34.52;802.7;6.774;278
2026-07-18;05:48:18.533;40.03;50.52801565;18.09585919;15;36.26;22.70;823.1;35.2;58.2;310.9;18.87;1704;14.393;32.8;33.4;32.4;84.9;44.9856;29.81;34.20;815.7;6.819;280
2026-07-18;05:48:18.533;39.38;50.52801662;18.09582827;16;36.08;23.23;838.2;34.9;57.7;310.4;17.96;1718;14.488;32.6;33.3;32.6;84.9;44.9855;29.73;33.31;792.7;6.863;282
2026-07-18;05:48:18.534;39.80;50.52801759;18.09579703;15;36.12;22.62;817.2;34.9;57.3;309.8;18.67;1695;14.582;32.4;33.2;32.5;84.9;44.9854;29.46;32.57;771.5;6.906;284
2026-07-18;05:48:18.694;39.88;50.52801857;18.09576572;14;36.00;22.07;794.5;34.9;56.7;309.8;18.52;1730;14.678;32.5;33.3;32.7;84.9;44.9853;29.69;33.14;781.5;6.949;287
2026-07-18;05:48:18.894;39.42;50.52801954;18.09573477;15;35.77;21.54;770.5;35.1;56.6;309.8;19.71;1717;14.774;32.8;33.3;32.6;84.9;44.9852;29.81;33.63;786.3;6.993;289
2026-07-18;05:48:19.424;39.88;50.52802052;18.09570347;14;35.70;21.80;778.2;35.4;57.3;309.6;20.71;1706;14.868;33.0;33.3;32.7;84.9;44.9851;29.81;34.39;767.8;7.035;291
2026-07-18;05:48:19.524;39.19;50.52802148;18.09567270;14;35.71;21.07;752.6;35.3;57.3;309.5;19.94;1687;14.962;32.8;33.4;32.9;84.9;44.9850;29.63;33.98;755.8;7.077;293
2026-07-18;05:48:19.596;38.73;50.52802243;18.09564229;15;35.57;21.50;764.7;35.3;57.3;310.1;20.72;1691;15.056;32.6;33.4;32.7;84.8;44.9849;29.92;34.00;777.8;7.121;295
2026-07-18;05:48:19.699;39.23;50.52802339;18.09561150;14;35.47;20.82;738.6;35.4;57.9;310.3;21.47;1667;15.149;32.6;33.7;32.5;84.8;44.9849;29.84;34.19;783.5;7.164;297
2026-07-18;05:48:19.919;39.50;50.52802436;18.09558049;13;35.57;21.45;763.1;35.7;57.8;310.3;22.28;1692;15.243;32.4;33.6;32.4;84.8;44.9848;29.85;34.71;775.8;7.207;300
2026-07-18;05:48:20.133;39.03;50.52802532;18.09554985;13;35.28;22.16;781.9;35.5;58.5;310.2;22.16;1676;15.336;32.2;33.7;32.4;84.8;44.9847;29.94;34.32;772.3;7.250;302
2026-07-18;05:48:20.300;39.89;50.52802630;18.09551855;14;35.26;22.03;777.0;35.8;58.7;310.0;21.91;1706;15.431;32.4;33.9;32.5;84.8;44.9846;30.04;34.30;791.1;7.294;304
2026-07-18;05:48:20.587;40.53;50.52802729;18.09548673;14;35.34;22.50;795.3;36.0;58.9;310.2;22.06;1743;15.527;32.1;34.0;32.5;84.8;44.9845;30.21;34.59;782.7;7.338;306
2026-07-18;05:48:20.727;40.60;50.52802829;18.09545486;13;35.64;22.47;800.6;36.1;59.3;310.7;23.17;1744;15.624;32.4;34.2;32.3;84.8;44.9844;30.01;33.76;789.1;7.382;309
2026-07-18;05:48:20.900;40.56;50.52802928;18.09542302;14;35.69;22.09;788.5;36.4;59.7;310.9;22.30;1743;15.721;32.5;34.1;32.2;84.8;44.9843;29.72;33.54;801.5;7.426;311
2026-07-18;05:48:21.110;40.94;50.52803000;18.09539088;15;35.77;21.30;761.9;36.8;59.1;311.1;21.41;1766;15.819;32.3;34.2;32.2;84.8;44.9842;29.80;33.09;792.9;7.470;313
2026-07-18;05:48:21.304;40.57;50.52803000;18.09535899;15;35.87;21.23;761.7;36.9;58.7;311.6;20.80;1804;15.919;32.4;34.4;32.3;84.8;44.9841;30.09;32.82;779.8;7.513;315
2026-07-18;05:48:21.503;40.78;50.52803000;18.09532694;15;35.97;20.59;740.7;36.8;59.2;311.1;20.91;1766;16.018;32.4;34.6;32.5;84.8;44.9840;29.98;32.13;793.3;7.557;318
2026-07-18;05:48:21.718;40.17;50.52803000;18.09529537;15;35.69;21.16;755.3;36.6;59.9;311.3;20.81;1794;16.117;32.3;34.6;32.3;84.8;44.9839;30.08;31.80;769.1;7.600;320
2026-07-18;05:48:21.906;39.75;50.52803000;18.09526413;14;35.47;20.80;737.8;36.8;59.8;311.3;19.72;1768;16.215;32.1;34.6;32.3;84.8;44.9838;29.80;31.20;752.2;7.642;322
2026-07-18;05:48:22.105;39.55;50.52803000;18.09523305;15;35.44;20.74;735.1;37.0;59.1;311.6;20.54;1731;16.312;31.9;34.7;32.1;84.8;44.9837;29.58;31.58;731.5;7.683;324
2026-07-18;05:48:22.306;39.57;50.52803000;18.09520195;15;35.66;20.85;743.3;36.7;58.6;312.2;20.05;1748;16.409;32.0;34.9;31.9;84.8;44.9836;29.53;30.80;729.5;7.723;326
2026-07-18;05:48:22.579;39.43;50.52803000;18.09517096;16;35.62;20.60;733.8;36.7;58.1;312.1;21.00;1720;16.504;32.2;34.8;31.7;84.8;44.9835;29.84;30.47;704.7;7.762;329
2026-07-18;05:48:22.776;38.77;50.52803000;18.09514048;16;35.50;21.27;755.0;36.9;58.5;312.7;20.06;1697;16.598;32.0;34.9;31.6;84.8;44.9834;30.20;30.54;720.1;7.802;331
2026-07-18;05:48:22.905;39.49;50.52803000;18.09510944;16;35.30;20.55;725.4;37.2;58.7;313.0;19.21;1673;16.691;32.0;34.7;31.5;84.8;44.9833;30.46;31.25;707.3;7.842;333
2026-07-18;05:48:23.106;38.87;50.52803003;18.09507893;17;35.35;19.77;699.0;37.5;58.4;312.4;19.63;1685;16.785;32.3;34.7;31.6;84.8;44.9832;30.64;31.48;727.3;7.882;335
2026-07-18;05:48:23.306;39.71;50.52803104;18.09504776;16;35.30;19.63;693.1;37.3;58.4;311.7;19.53;1674;16.878;32.1;34.8;31.6;84.8;44.9831;30.67;32.18;749.0;7.924;337
2026-07-18;05:48:23.504;40.16;50.52803206;18.09501624;16;35.55;20.03;712.0;37.3;58.3;311.9;20.68;1710;16.973;32.3;34.9;31.8;84.8;44.9830;30.53;33.03;747.2;7.965;340
2026-07-18;05:48:23.704;39.92;50.52803307;18.09498490;16;35.68;19.29;688.2;37.6;57.6;311.4;20.24;1693;17.067;32.5;35.0;31.7;84.8;44.9829;30.16;33.50;742.7;8.006;342
2026-07-18;05:48:23.905;39.72;50.52803407;18.09495373;15;35.65;18.77;669.3;37.5;57.8;310.9;20.49;1665;17.160;32.5;35.0;31.5;84.8;44.9828;30.18;33.43;720.3;8.046;344
2026-07-18;05:48:24.139;39.78;50.52803508;18.09492250;16;35.81;19.51;698.7;37.4;57.6;310.5;20.40;1635;17.250;32.7;35.1;31.5;84.8;44.9827;30.12;33.46;740.8;8.088;346
2026-07-18;05:48:24.307;39.44;50.52803608;18.09489155;17;35.66;18.77;669.5;37.4;57.1;310.9;21.36;1599;17.339;32.5;35.1;31.5;84.8;44.9827;29.89;33.95;743.7;8.129;348
2026-07-18;05:48:24.508;38.84;50.52803706;18.09486106;16;35.61;19.28;686.6;37.6;57.8;311.3;20.17;1610;17.429;32.7;35.1;31.3;84.8;44.9826;29.80;33.43;755.2;8.171;351
2026-07-18;05:48:24.712;38.60;50.52803804;18.09483077;16;35.86;19.41;696.1;37.6;58.0;310.8;19.38;1631;17.519;32.6;35.0;31.4;84.8;44.9825;29.77;33.90;759.1;8.213;353
2026-07-18;05:48:24.911;38.47;50.52803901;18.09480057;15;36.12;19.27;695.9;37.3;58.4;310.8;18.24;1609;17.609;32.5;35.0;31.2;84.8;44.9824;29.89;34.33;770.2;8.256;355
2026-07-18;05:48:25.113;39.09;50.52804000;18.09476989;16;35.92;19.40;697.0;37.5;59.0;310.5;18.51;1583;17.697;32.7;34.9;31.0;84.8;44.9823;30.13;33.63;795.1;8.300;357
2026-07-18;05:48:25.314;39.52;50.52804000;18.09473883;16;35.91;19.29;692.6;37.1;58.9;310.8;18.45;1619;17.787;32.5;34.9;31.0;84.8;44.9822;30.02;33.17;782.1;8.343;359
2026-07-18;05:48:25.517;39.28;50.52804000;18.09470795;16;35.85;18.95;679.3;37.2;59.0;310.6;19.03;1591;17.875;32.3;34.7;30.8;84.8;44.9821;30.23;33.06;779.1;8.387;361
2026-07-18;05:48:25.721;39.92;50.52804000;18.09467658;17;35.74;18.22;651.3;37.4;59.5;310.9;18.78;1579;17.963;32.3;34.8;30.5;84.8;44.9820;30.18;32.85;773.1;8.430;364
2026-07-18;05:48:25.916;40.55;50.52804000;18.09464471;16;36.03;18.00;648.5;37.7;59.9;310.9;17.92;1607;18.052;32.3;34.6;30.7;84.8;44.9819;30.13;33.10;781.0;8.473;366
2026-07-18;05:48:26.117;41.25;50.52804000;18.09461229;15;36.08;18.00;649.5;38.1;59.9;311.6;17.09;1611;18.141;32.4;34.8;30.5;84.8;44.9819;29.74;33.91;767.4;8.516;368
2026-07-18;05:48:26.353;40.81;50.52804000;18.09458021;15;36.24;18.79;681.0;38.1;59.5;311.0;17.94;1628;18.232;32.3;34.6;30.3;84.8;44.9818;29.82;34.46;747.3;8.557;370
2026-07-18;05:48:26.543;40.79;50.52804000;18.09454815;15;36.14;18.35;663.3;37.8;59.1;311.4;18.04;1647;18.323;32.3;34.4;30.1;84.8;44.9817;29.73;34.12;748.1;8.599;373
2026-07-18;05:48:26.718;40.62;50.52804000;18.09451623;14;36.16;18.54;670.3;37.8;59.2;311.7;18.79;1633;18.414;32.3;34.4;30.1;84.8;44.9816;29.71;33.61;742.5;8.640;375
2026-07-18;05:48:26.923;41.21;50.52804000;18.09448384;13;36.21;19.06;690.4;37.6;59.5;311.2;18.77;1671;18.507;32.1;34.5;30.3;84.8;44.9815;29.93;33.62;747.6;8.682;377
2026-07-18;05:48:27.118;41.48;50.52804000;18.09445124;12;35.98;18.89;679.6;37.5;59.4;311.7;17.60;1698;18.601;32.3;34.4;30.3;84.8;44.9814;29.84;33.49;738.9;8.723;380
2026-07-18;05:48:27.318;40.65;50.52804000;18.09441929;11;36.01;18.24;656.9;37.3;59.7;311.6;16.69;1700;18.696;32.2;34.6;30.5;84.8;44.9813;29.65;33.73;718.0;8.762;382
2026-07-18;05:48:27.519;41.33;50.52804000;18.09438681;11;36.28;18.92;686.2;37.2;59.3;311.8;16.44;1683;18.789;32.2;34.5;30.4;84.8;44.9812;29.30;34.06;715.7;8.802;384
2026-07-18;05:48:27.719;40.65;50.52804000;18.09435486;11;36.50;18.59;678.4;37.5;60.0;311.7;17.34;1652;18.881;32.5;34.3;30.4;84.8;44.9811;29.60;34.91;715.6;8.842;386
2026-07-18;05:48:27.922;41.28;50.52804000;18.09432242;10;36.68;18.95;694.8;37.1;59.5;311.5;16.92;1625;18.971;32.3;34.3;30.5;84.8;44.9810;29.93;35.42;701.2;8.881;389
2026-07-18;05:48:28.133;40.48;50.52804000;18.09429060;10;36.96;18.90;698.5;36.8;60.2;312.0;17.47;1626;19.062;32.4;34.2;30.3;84.8;44.9809;29.89;34.68;680.0;8.919;391
2026-07-18;05:48:28.320;39.88;50.52804000;18.09425926;9;36.69;19.50;715.4;37.1;60.5;312.6;17.24;1645;19.153;32.4;34.1;30.1;84.8;44.9808;29.61;34.43;702.7;8.958;393
2026-07-18;05:48:28.519;40.36;50.52804000;18.09422753;10;36.97;20.12;743.8;37.1;59.8;312.9;17.96;1632;19.244;32.5;34.1;30.3;84.8;44.9808;29.75;34.08;715.0;8.997;395
2026-07-18;05:48:28.721;40.01;50.52804000;18.09419609;10;37.10;20.51;761.0;37.4;60.3;312.3;17.27;1601;19.333;32.5;33.9;30.5;84.8;44.9807;29.71;33.91;696.4;9.036;398
2026-07-18;05:48:28.924;40.25;50.52804000;18.09416446;11;37.20;20.77;772.7;37.7;60.4;313.0;17.05;1613;19.422;32.3;33.7;30.6;84.8;44.9806;29.64;34.04;678.3;9.074;400
2026-07-18;05:48:29.158;40.74;50.52804000;18.09413244;11;37.00;21.26;786.5;38.0;60.7;313.2;17.50;1602;19.511;32.5;33.8;30.5;84.8;44.9805;29.56;34.70;695.0;9.112;402
2026-07-18;05:48:29.330;39.93;50.52804000;18.09410106;12;36.97;21.49;794.4;38.3;60.1;312.9;17.39;1572;19.599;32.7;33.7;30.5;84.8;44.9804;29.77;34.71;701.1;9.151;404
2026-07-18;05:48:29.524;39.62;50.52804000;18.09406992;12;37.11;21.05;781.4;38.6;59.6;312.8;17.54;1559;19.685;32.8;33.5;30.4;84.8;44.9803;29.85;33.99;722.9;9.192;406
2026-07-18;05:48:29.724;40.23;50.52804000;18.09403830;12;37.09;21.66;803.3;39.0;59.2;313.3;17.67;1564;19.772;33.0;33.3;30.3;84.8;44.9802;30.22;33.53;747.4;9.233;409
2026-07-18;05:48:29.924;40.94;50.52804000;18.09400612;12;36.97;21.76;804.4;38.6;59.2;312.8;17.29;1549;19.858;33.1;33.4;30.1;84.8;44.9801;30.47;33.01;752.8;9.275;411
2026-07-18;05:48:30.123;40.98;50.52804000;18.09397392;11;37.02;21.05;779.4;38.3;59.6;313.0;18.10;1560;19.945;33.1;33.4;30.0;84.8;44.9801;30.24;33.58;764.6;9.317;413
2026-07-18;05:48:30.324;40.15;50.52804000;18.09394237;10;36.84;21.31;785.0;38.0;59.6;312.7;18.48;1573;20.032;33.2;33.5;29.8;84.8;44.9800;30.45;32.78;764.7;9.360;415
2026-07-18;05:48:30.527;40.37;50.52804000;18.09390925;9;36.55;22.07;806.8;37.8;60.0;312.4;18.00;1574;20.120;33.3;33.4;29.6;84.8;44.9799;30.84;32.55;765.9;9.402;418
2026-07-18;05:48:31.228;40.14;50.52804000;18.09387771;8;36.28;21.54;781.5;38.0;60.5;312.3;17.28;1560;20.206;33.2;33.6;29.5;84.8;44.9798;30.50;33.22;760.1;9.445;420
2026-07-18;05:48:31.399;40.29;50.52804000;18.09384604;9;36.53;21.68;791.9;38.4;59.9;312.8;18.47;1559;20.293;33.2;33.7;29.3;84.8;44.9797;30.41;32.86;773.1;9.488;422
2026-07-18;05:48:31.472;39.66;50.52804000;18.09381487;9;36.55;22.06;806.5;38.1;59.2;313.3;18.85;1545;20.379;33.4;33.8;29.4;84.8;44.9796;30.41;33.38;778.1;9.531;424
2026-07-18;05:48:31.476;39.83;50.52804000;18.09378356;8;36.59;21.79;797.5;38.4;59.3;313.9;19.35;1517;20.463;33.4;33.8;29.3;84.8;44.9795;30.62;34.16;757.9;9.573;427
2026-07-18;05:48:31.547;39.14;50.52804000;18.09375280;8;36.62;21.82;798.9;38.2;58.9;314.5;18.95;1518;20.547;33.5;33.7;29.3;84.8;44.9795;30.42;33.55;779.4;9.616;429
2026-07-18;05:48:31.728;39.14;50.52804000;18.09372204;8;36.53;21.48;784.7;38.0;59.5;314.1;19.36;1545;20.633;33.5;33.6;29.5;84.8;44.9794;30.40;34.02;778.3;9.660;431
2026-07-18;05:48:31.979;39.96;50.52804000;18.09369063;9;36.57;21.80;797.1;37.7;59.9;314.7;19.54;1537;20.719;33.5;33.7;29.7;84.8;44.9793;30.35;33.70;754.4;9.701;433
2026-07-18;05:48:32.128;40.13;50.52804000;18.09365909;9;36.36;21.51;782.2;38.0;60.2;314.6;18.45;1500;20.802;33.6;33.5;29.8;84.8;44.9792;30.07;32.99;773.1;9.744;435
2026-07-18;05:48:32.386;39.90;50.52804000;18.09362789;8;36.60;21.35;781.4;38.1;60.2;314.7;17.81;1467;20.883;33.6;33.5;29.9;84.8;44.9791;30.39;32.75;771.4;9.787;438
2026-07-18;05:48:32.566;40.68;50.52804000;18.09359592;8;36.50;21.73;793.1;38.1;60.5;314.7;17.62;1467;20.965;33.6;33.5;30.0;84.8;44.9790;30.44;33.13;776.3;9.830;440
2026-07-18;05:48:32.728;40.90;50.52804000;18.09356377;8;36.56;21.05;769.8;38.4;60.0;314.3;16.87;1449;21.045;33.5;33.6;29.8;84.8;44.9790;30.43;32.95;783.0;9.874;442
2026-07-18;05:48:32.930;40.48;50.52804000;18.09353196;9;36.60;21.74;795.8;38.2;60.3;314.7;16.47;1445;21.126;33.4;33.4;29.9;84.8;44.9789;30.24;33.44;758.6;9.916;444
2026-07-18;05:48:33.132;41.19;50.52804000;18.09349958;10;36.69;21.96;805.7;38.5;60.2;314.2;15.63;1433;21.205;33.5;33.5;29.7;84.8;44.9788;30.19;33.88;753.0;9.958;447
2026-07-18;05:48:33.334;41.47;50.52804000;18.09346699;9;36.79;21.33;784.9;38.9;60.4;313.7;16.65;1406;21.283;33.7;33.3;29.7;84.8;44.9787;30.33;34.59;776.4;10.001;449
2026-07-18;05:48:33.531;41.76;50.52804000;18.09343417;9;36.90;20.83;768.6;38.5;60.7;313.8;16.71;1423;21.362;33.6;33.2;29.7;84.8;44.9786;30.42;35.27;763.4;10.043;451
2026-07-18;05:48:33.732;42.05;50.52804000;18.09340112;8;37.01;20.67;765.1;38.2;60.2;313.6;15.88;1431;21.442;33.4;32.9;29.9;84.8;44.9786;30.16;35.34;741.8;10.085;454
2026-07-18;05:48:33.931;41.42;50.52804000;18.09336856;8;36.98;21.06;779.0;38.4;60.6;313.5;16.98;1453;21.522;33.4;32.8;29.9;84.8;44.9785;30.07;34.51;734.0;10.125;456
2026-07-18;05:48:34.133;40.60;50.52804048;18.09333665;8;37.27;20.64;769.1;38.5;60.7;313.8;16.98;1453;21.603;33.5;32.9;30.0;84.8;44.9784;29.87;34.89;723.8;10.166;458
2026-07-18;05:48:34.338;40.17;50.52804160;18.09330513;8;37.03;20.13;745.4;38.5;60.3;313.5;15.96;1420;21.682;33.4;32.7;30.1;84.8;44.9783;29.50;34.40;727.6;10.206;460
2026-07-18;05:48:34.530;40.86;50.52804275;18.09327306;9;37.32;20.17;752.9;38.2;59.8;313.8;16.60;1436;21.762;33.3;32.5;30.3;84.8;44.9782;29.29;35.17;749.1;10.248;463
2026-07-18;05:48:34.806;40.66;50.52804389;18.09324116;8;37.04;19.71;730.2;38.2;59.9;313.5;16.15;1441;21.842;33.5;32.5;30.1;84.8;44.9782;29.51;34.98;734.1;10.288;465
2026-07-18;05:48:35.032;40.75;50.52804503;18.09320918;8;36.78;20.48;753.3;38.2;59.7;314.0;16.68;1445;21.922;33.7;32.4;30.1;84.8;44.9781;29.27;34.96;712.3;10.328;467
2026-07-18;05:48:35.133;41.23;50.52804618;18.09317683;8;37.06;20.61;763.8;37.9;60.3;314.1;16.11;1482;22.005;33.7;32.4;30.0;84.8;44.9780;29.27;34.75;733.2;10.369;470
2026-07-18;05:48:35.335;41.46;50.52804735;18.09314429;8;36.85;20.21;744.8;38.3;60.6;313.9;15.97;1462;22.086;33.5;32.4;29.9;84.8;44.9779;29.32;34.32;733.1;10.409;472
2026-07-18;05:48:35.537;41.93;50.52804852;18.09311139;8;36.67;20.03;734.4;38.5;61.0;314.1;15.31;1462;22.167;33.4;32.4;29.8;84.8;44.9778;29.31;34.37;734.0;10.450;474
2026-07-18;05:48:35.738;41.53;50.52804969;18.09307881;8;36.38;20.78;755.9;38.8;60.4;314.7;16.32;1485;22.249;33.5;32.4;30.0;84.8;44.9778;29.16;35.07;754.0;10.492;476
2026-07-18;05:48:35.936;41.22;50.52805000;18.09304562;8;36.20;20.06;726.3;39.2;60.7;315.1;15.76;1451;22.330;33.7;32.6;29.9;84.8;44.9777;29.00;35.21;752.6;10.534;479
2026-07-18;05:48:36.138;41.26;50.52805000;18.09301319;9;35.94;20.26;728.3;39.2;60.7;314.8;16.59;1448;22.411;33.4;32.7;29.9;84.8;44.9776;29.27;35.09;742.0;10.575;481
2026-07-18;05:48:36.336;40.59;50.52805000;18.09298128;10;35.99;20.46;736.2;38.9;60.8;314.4;17.76;1436;22.490;33.3;32.5;29.7;84.8;44.9775;29.55;35.50;766.5;10.618;483
2026-07-18;05:48:36.645;41.29;50.52805000;18.09294884;11;35.95;20.68;743.3;38.8;61.2;314.3;16.82;1419;22.569;33.5;32.4;29.5;84.8;44.9774;29.36;35.22;748.6;10.659;486
2026-07-18;05:48:36.753;41.37;50.52805000;18.09291632;10;35.92;20.92;751.2;38.5;61.2;314.8;16.49;1387;22.646;33.4;32.4;29.3;84.8;44.9774;29.17;35.71;738.7;10.700;488
2026-07-18;05:48:36.940;40.56;50.52805000;18.09288445;11;36.17;21.47;776.4;38.6;60.6;314.7;17.10;1368;22.722;33.5;32.6;29.1;84.8;44.9773;29.41;36.43;728.9;10.741;490
2026-07-18;05:48:37.139;40.52;50.52805000;18.09285260;10;36.09;21.72;784.1;38.6;60.1;314.7;16.39;1382;22.799;33.3;32.8;29.3;84.8;44.9772;29.74;36.79;736.3;10.782;492
2026-07-18;05:48:37.340;40.06;50.52805000;18.09282111;11;36.03;22.50;810.6;38.5;60.4;314.0;15.51;1418;22.878;33.2;32.9;29.5;84.8;44.9771;29.53;36.91;749.6;10.823;495
2026-07-18;05:48:37.539;40.16;50.52805000;18.09278955;12;35.87;22.67;813.2;38.4;59.9;314.3;15.96;1403;22.956;33.3;32.7;29.5;84.8;44.9770;29.23;36.22;736.6;10.864;497
2026-07-18;05:48:37.739;39.70;50.52805000;18.09275910;13;35.96;23.14;832.0;38.4;59.4;314.6;15.88;1385;23.033;33.1;32.9;29.3;84.8;44.9770;29.32;36.97;756.4;10.906;499
2026-07-18;05:48:37.940;39.52;50.52805000;18.09272804;14;36.23;23.66;857.4;38.2;59.1;314.2;15.48;1403;23.111;33.1;33.0;29.2;84.8;44.9769;29.43;36.52;750.8;10.948;501
2026-07-18;05:48:38.193;38.84;50.52805000;18.09269751;14;36.06;23.71;855.0;38.0;59.0;313.5;15.40;1424;23.190;33.3;33.2;29.1;84.8;44.9768;29.41;36.36;752.5;10.990;503
2026-07-18;05:48:38.340;39.21;50.52805000;18.09266669;14;36.34;24.35;884.7;38.2;58.6;314.0;16.01;1429;23.269;33.4;33.2;29.0;84.8;44.9767;29.20;36.55;774.8;11.033;506
2026-07-18;05:48:38.536;38.85;50.52805000;18.09263616;13;36.19;23.91;865.3;38.3;59.2;314.4;16.67;1392;23.346;33.2;33.3;29.0;84.8;44.9767;29.00;36.52;751.2;11.075;508
2026-07-18;05:48:38.737;39.34;50.52805000;18.09260524;13;36.32;24.07;874.4;38.4;59.0;314.4;17.76;1423;23.425;33.4;33.4;29.0;84.8;44.9766;29.08;37.22;741.9;11.116;510
2026-07-18;05:48:38.938;39.81;50.52805000;18.09257395;13;36.24;24.86;901.0;38.5;59.0;314.9;17.80;1436;23.505;33.4;33.5;29.2;84.8;44.9765;29.00;36.92;746.2;11.157;512
2026-07-18;05:48:39.141;40.55;50.52805000;18.09254208;13;36.47;24.43;890.9;38.7;59.2;315.5;17.92;1420;23.584;33.7;33.8;29.2;84.8;44.9764;29.35;37.14;744.7;11.199;514
2026-07-18;05:48:39.344;40.47;50.52805000;18.09251027;13;36.52;23.65;863.5;38.9;58.7;316.1;16.78;1412;23.663;33.8;33.7;29.3;84.8;44.9763;29.48;36.83;727.4;11.239;517
2026-07-18;05:48:39.590;40.57;50.52805077;18.09247839;13;36.44;23.14;843.2;39.2;58.1;316.0;16.83;1438;23.742;33.6;33.7;29.5;84.8;44.9763;29.41;36.97;705.8;11.278;519
2026-07-18;05:48:39.739;40.23;50.52805190;18.09244681;13;36.40;22.52;820.0;39.3;57.8;316.1;16.81;1402;23.820;33.8;33.7;29.4;84.8;44.9762;29.37;36.42;723.5;11.318;521
2026-07-18;05:48:39.942;39.43;50.52805300;18.09241587;14;36.12;22.95;829.0;39.5;58.3;316.6;16.74;1397;23.898;33.7;33.4;29.4;84.8;44.9761;29.76;36.82;733.4;11.359;523
2026-07-18;05:48:40.141;39.40;50.52805411;18.09238496;13;36.34;23.18;842.4;39.7;58.2;316.2;16.98;1399;23.976;33.8;33.3;29.4;84.8;44.9760;29.45;37.06;723.5;11.399;526
2026-07-18;05:48:40.342;39.02;50.52805520;18.09235434;14;36.25;23.06;836.0;39.8;58.7;316.8;16.72;1366;24.052;33.7;33.5;29.5;84.8;44.9759;29.65;37.69;743.1;11.441;528
2026-07-18;05:48:40.543;39.15;50.52805630;18.09232362;13;36.08;23.07;832.2;40.1;59.2;316.7;16.52;1350;24.127;33.7;33.5;29.3;84.8;44.9759;29.99;38.00;725.4;11.481;530
2026-07-18;05:48:40.742;38.64;50.52805738;18.09229330;12;36.06;22.56;813.4;40.1;59.7;316.4;15.34;1310;24.199;33.7;33.4;29.3;84.8;44.9758;29.62;37.49;710.3;11.520;532
2026-07-18;05:48:41.243;39.51;50.52805849;18.09226230;11;36.22;21.92;794.0;39.7;60.1;316.7;16.53;1275;24.270;33.8;33.7;29.2;84.8;44.9757;29.23;38.00;692.5;11.559;534
2026-07-18;05:48:41.282;39.93;50.52805961;18.09223097;10;36.17;22.02;796.5;39.8;60.6;316.6;15.88;1296;24.342;33.7;33.8;29.2;84.8;44.9757;29.17;37.39;684.3;11.597;536
2026-07-18;05:48:41.354;40.09;50.52806000;18.09219951;10;35.91;21.90;786.3;40.1;61.3;316.4;15.98;1257;24.412;34.0;33.8;29.0;84.8;44.9756;29.47;37.25;663.0;11.634;539
2026-07-18;05:48:41.544;39.77;50.52806000;18.09216825;11;35.79;21.41;766.3;40.2;61.9;317.1;16.57;1228;24.480;33.8;33.8;29.0;84.8;44.9755;29.67;37.97;670.4;11.671;541
2026-07-18;05:48:41.757;40.52;50.52806000;18.09213640;12;36.04;21.19;763.6;40.1;62.3;317.7;15.56;1196;24.547;33.8;33.8;29.2;84.8;44.9755;29.35;38.00;665.8;11.708;543
2026-07-18;05:48:41.945;40.66;50.52806000;18.09210445;13;36.00;21.85;786.6;40.2;62.6;317.6;15.95;1226;24.615;33.7;33.6;29.4;84.8;44.9754;29.52;38.00;644.1;11.744;545
2026-07-18;05:48:42.144;40.95;50.52806000;18.09207227;12;35.99;22.02;792.6;40.5;62.0;318.0;16.69;1234;24.683;33.5;33.4;29.5;84.8;44.9753;29.91;37.94;656.3;11.780;548
2026-07-18;05:48:42.346;40.93;50.52806000;18.09204010;12;36.15;21.39;773.1;40.7;61.5;318.1;17.39;1231;24.752;33.4;33.3;29.6;84.8;44.9752;30.08;38.00;678.2;11.818;550
2026-07-18;05:48:42.930;41.58;50.52806000;18.09200742;12;36.21;21.20;767.5;40.4;61.9;318.1;16.53;1267;24.822;33.5;33.1;29.8;84.8;44.9752;30.06;37.45;675.5;11.855;552
2026-07-18;05:48:43.089;41.61;50.52806000;18.09197471;13;36.08;21.46;774.3;40.5;62.5;317.9;15.43;1298;24.894;33.3;33.1;29.6;84.8;44.9751;29.99;36.93;694.1;11.894;555
2026-07-18;05:48:43.089;40.99;50.52806000;18.09194249;12;35.81;22.13;792.5;40.3;63.0;317.7;15.30;1293;24.966;33.3;33.1;29.6;84.8;44.9750;29.89;36.35;710.0;11.933;557
2026-07-18;05:48:43.161;40.48;50.52806000;18.09191068;11;35.53;22.21;789.0;40.3;62.4;317.6;15.21;1282;25.037;33.1;33.1;29.4;84.7;44.9750;29.91;35.59;686.9;11.972;559
2026-07-18;05:48:43.343;41.01;50.52806000;18.09187844;12;35.37;21.85;772.6;40.6;62.8;317.1;14.03;1287;25.109;33.3;33.0;29.6;84.7;44.9749;29.69;35.81;698.0;12.010;561
2026-07-18;05:48:43.585;40.23;50.52806000;18.09184682;12;35.48;21.81;773.8;40.7;62.4;317.1;14.60;1265;25.179;33.4;33.0;29.4;84.7;44.9748;29.75;35.34;682.9;12.048;564
2026-07-18;05:48:43.947;40.51;50.52806000;18.09181498;11;35.63;21.50;765.8;40.3;63.1;317.8;15.45;1230;25.247;33.7;32.9;29.2;84.7;44.9748;29.69;34.79;686.6;12.086;566
2026-07-18;05:48:44.021;40.00;50.52806000;18.09178355;11;35.42;21.79;771.8;40.5;63.0;317.8;16.44;1197;25.314;33.5;32.9;29.4;84.7;44.9747;29.34;34.36;702.5;12.126;568
2026-07-18;05:48:44.168;40.00;50.52806000;18.09175211;10;35.53;21.98;781.0;40.7;62.8;317.2;16.75;1196;25.380;33.4;33.0;29.5;84.7;44.9746;29.10;34.91;709.2;12.165;570
2026-07-18;05:48:44.345;40.28;50.52806000;18.09172045;11;35.80;22.57;807.8;41.0;62.4;317.6;17.77;1224;25.448;33.4;32.8;29.6;84.7;44.9746;29.31;35.03;693.0;12.203;573
2026-07-18;05:48:44.571;40.64;50.52806000;18.09168851;10;36.04;22.04;794.4;41.1;62.6;318.1;18.38;1218;25.516;33.5;32.8;29.7;84.7;44.9745;29.49;35.83;694.5;12.242;575
2026-07-18;05:48:44.747;40.44;50.52806000;18.09165673;10;36.08;22.46;810.5;40.8;63.2;317.5;19.39;1210;25.583;33.5;32.8;29.5;84.7;44.9744;29.59;35.87;684.4;12.280;577
2026-07-18;07:36:07.470;24.40;50.52851949;18.09746733;21;37.58;22.84;858.3;40.7;64.1;311.0;6.00;1631;6.402;30.6;33.2;33.2;84.9;44.9936;31.90;19.22;714.5;2.763;126
2026-07-18;07:36:07.646;23.96;50.52850759;18.09746938;20;37.44;22.09;827.0;40.7;63.6;310.6;6.27;1648;6.494;30.8;33.1;33.0;84.9;44.9935;31.56;18.84;708.9;2.802;128
2026-07-18;07:36:07.841;23.39;50.52849597;18.09747138;21;37.32;21.81;814.1;40.9;64.3;310.8;6.64;1684;6.587;30.8;33.3;32.9;84.9;44.9934;31.40;18.57;730.1;2.843;129
2026-07-18;07:36:08.089;23.59;50.52848425;18.09747340;21;37.61;22.54;847.7;41.0;64.7;311.0;6.45;1720;6.683;31.0;33.2;33.1;84.9;44.9933;31.46;18.84;751.1;2.885;130
2026-07-18;07:36:08.286;23.13;50.52847276;18.09747539;22;37.68;23.02;867.6;41.0;64.6;310.6;6.00;1748;6.780;31.0;33.0;33.3;84.9;44.9932;31.58;18.07;769.7;2.927;132
2026-07-18;07:36:08.477;22.80;50.52846144;18.09747734;21;37.49;22.60;847.5;40.9;64.7;310.7;6.00;1788;6.879;30.8;33.2;33.1;84.9;44.9931;31.72;18.39;762.4;2.970;133
2026-07-18;07:36:08.645;22.62;50.52845021;18.09747927;21;37.44;22.56;844.6;41.0;64.8;310.5;6.00;1821;6.981;30.9;33.2;33.1;84.9;44.9930;31.76;19.26;771.1;3.013;134
2026-07-18;07:36:08.871;22.67;50.52843895;18.09748122;21;37.58;23.26;874.2;41.1;64.8;310.5;6.00;1797;7.080;30.9;33.2;33.1;84.9;44.9929;31.52;19.75;795.4;3.057;135
2026-07-18;07:36:09.057;22.29;50.52842788;18.09748312;20;37.38;23.12;864.2;40.9;64.5;310.8;6.00;1805;7.181;31.0;33.2;32.8;84.9;44.9928;31.14;20.49;786.0;3.100;137
2026-07-18;07:36:09.255;22.76;50.52841657;18.09748507;21;37.17;22.75;845.6;40.7;64.7;310.8;6.18;1810;7.281;30.8;33.1;32.9;84.9;44.9927;31.43;19.86;790.4;3.144;138
2026-07-18;07:36:09.457;22.78;50.52840526;18.09748702;20;37.18;22.55;838.2;40.7;64.4;311.2;6.00;1817;7.382;30.9;33.2;32.8;84.9;44.9926;31.41;20.59;794.4;3.188;139
2026-07-18;07:36:09.660;22.59;50.52839404;18.09748896;21;37.26;22.04;821.2;40.6;64.1;311.6;6.00;1796;7.482;30.7;33.4;32.9;84.9;44.9925;31.38;20.87;793.6;3.233;141
2026-07-18;07:36:09.869;22.82;50.52838271;18.09749091;22;37.25;22.72;846.4;40.6;64.3;312.2;6.33;1782;7.581;30.5;33.3;32.6;84.9;44.9924;31.00;20.87;790.1;3.276;142
2026-07-18;07:36:10.064;23.04;50.52837127;18.09749288;22;37.50;23.38;877.0;40.5;64.3;312.5;6.00;1779;7.680;30.3;33.1;32.5;84.9;44.9923;31.36;20.69;814.1;3.322;143
2026-07-18;07:36:10.298;22.83;50.52835993;18.09749484;21;37.55;22.88;859.0;40.7;63.7;312.0;6.00;1747;7.777;30.3;33.0;32.4;84.9;44.9922;31.30;21.05;799.9;3.366;144
2026-07-18;07:36:10.471;22.79;50.52834861;18.09749679;22;37.37;23.21;867.6;41.0;63.9;312.4;6.00;1722;7.873;30.4;33.2;32.4;84.9;44.9921;31.30;21.06;787.9;3.410;146
2026-07-18;07:36:10.696;22.47;50.52833745;18.09749872;21;37.32;23.61;881.1;41.1;64.3;311.9;6.14;1728;7.969;30.6;33.2;32.6;84.9;44.9920;31.06;21.92;782.4;3.453;147
2026-07-18;07:36:10.884;22.39;50.52832620;18.09749582;20;37.40;23.35;873.5;40.7;63.9;311.7;6.00;1733;8.065;30.7;32.9;32.4;84.9;44.9919;31.01;21.69;770.3;3.496;148
2026-07-18;07:36:11.101;22.28;50.52831708;18.09748578;21;37.33;23.59;880.7;40.8;63.5;312.3;6.04;1760;8.163;30.9;33.0;32.3;84.9;44.9918;31.36;22.55;755.7;3.538;149
2026-07-18;07:36:11.294;21.99;50.52830807;18.09747588;22;37.60;24.01;902.7;40.9;63.0;311.7;6.11;1769;8.261;30.9;32.8;32.5;84.9;44.9917;31.21;21.77;745.5;3.580;151
2026-07-18;07:36:11.508;22.31;50.52829894;18.09746583;22;37.80;24.37;921.1;40.9;62.4;312.1;6.00;1802;8.361;31.1;32.8;32.3;84.9;44.9916;31.22;22.24;734.9;3.620;152
2026-07-18;07:36:11.700;22.78;50.52828961;18.09745558;22;37.97;25.10;952.9;41.2;63.1;312.8;6.88;1770;8.459;31.2;32.9;32.1;84.9;44.9915;31.14;21.34;742.5;3.662;153
2026-07-18;07:36:11.896;22.46;50.52828042;18.09744546;23;37.69;25.27;952.5;40.8;62.9;312.9;6.00;1732;8.556;31.2;33.1;32.3;84.9;44.9914;31.22;21.12;721.2;3.702;154
2026-07-18;07:36:12.083;22.25;50.52827131;18.09743544;24;37.51;25.08;940.5;40.9;63.4;312.7;6.14;1758;8.653;31.2;33.3;32.5;84.9;44.9913;31.53;20.45;723.9;3.742;156
2026-07-18;07:36:12.286;21.98;50.52826231;18.09742554;23;37.32;25.51;952.1;41.1;63.8;312.0;6.46;1725;8.749;31.4;33.2;32.7;84.9;44.9913;31.49;20.56;716.5;3.782;157
2026-07-18;07:36:12.511;21.93;50.52825333;18.09741566;24;37.02;25.66;949.9;41.0;63.9;312.7;6.00;1687;8.843;31.1;33.2;32.5;84.9;44.9912;31.87;20.60;730.5;3.822;158
2026-07-18;07:36:12.742;21.70;50.52824444;18.09740589;25;36.80;26.26;966.6;41.2;63.3;312.6;6.24;1675;8.936;30.9;33.1;32.3;84.9;44.9911;31.65;19.85;736.7;3.863;159
2026-07-18;07:36:12.908;21.55;50.52823562;18.09739618;26;37.01;26.59;983.9;41.5;63.3;312.3;6.00;1666;9.028;31.1;33.1;32.3;84.9;44.9910;31.75;20.63;746.6;3.905;160
2026-07-18;07:36:13.088;21.91;50.52822665;18.09738632;27;37.11;26.50;983.5;41.2;62.6;311.9;6.00;1649;9.120;30.9;33.4;32.4;84.9;44.9909;31.52;20.46;748.9;3.946;162
2026-07-18;07:36:13.289;21.85;50.52821770;18.09737647;27;37.06;27.04;1002.2;41.0;62.8;312.2;6.00;1680;9.213;31.1;33.2;32.5;84.9;44.9908;31.78;20.78;730.1;3.987;163
2026-07-18;07:36:13.487;21.86;50.52820875;18.09736663;28;37.06;26.51;982.5;41.0;63.5;311.6;6.00;1658;9.306;31.1;33.2;32.3;84.9;44.9907;31.96;20.97;717.3;4.027;164
2026-07-18;07:36:13.687;21.95;50.52819977;18.09735674;27;37.20;25.84;961.3;40.9;64.1;311.4;6.00;1675;9.399;31.0;33.2;32.2;84.9;44.9906;31.80;21.32;742.2;4.068;165
2026-07-18;07:36:13.887;22.14;50.52819070;18.09734677;27;37.12;25.83;959.0;40.7;64.7;310.9;6.00;1675;9.492;31.0;33.2;32.2;84.9;44.9905;31.66;21.28;760.7;4.110;166
2026-07-18;07:36:14.095;22.06;50.52818167;18.09733684;26;37.22;25.14;935.8;41.1;64.3;311.0;6.81;1707;9.586;31.1;33.1;32.4;84.9;44.9904;31.94;21.13;780.1;4.154;168
2026-07-18;07:36:14.298;22.49;50.52817246;18.09732671;25;37.44;25.57;957.5;41.2;63.8;311.4;7.96;1730;9.683;31.3;33.1;32.3;84.9;44.9903;32.31;20.74;762.4;4.196;169
2026-07-18;07:36:14.497;22.82;50.52816312;18.09731643;26;37.42;25.83;966.6;41.3;63.4;311.2;8.26;1732;9.779;31.5;33.3;32.3;84.9;44.9902;31.97;21.16;743.5;4.237;170
2026-07-18;07:36:14.700;22.98;50.52815371;18.09730608;27;37.23;26.57;989.1;41.5;63.9;311.4;7.48;1770;9.877;31.5;33.1;32.1;84.9;44.9901;32.14;20.86;757.5;4.279;171
2026-07-18;07:36:14.898;23.32;50.52814417;18.09729558;28;37.19;26.68;992.3;41.8;64.2;311.4;7.41;1804;9.977;31.4;33.3;31.9;84.9;44.9900;31.82;21.60;769.9;4.322;173
2026-07-18;07:36:15.163;22.96;50.52813477;18.09728524;28;37.15;26.65;990.1;41.7;64.2;311.6;6.86;1807;10.078;31.3;33.5;31.8;84.9;44.9899;31.60;22.30;767.3;4.365;174
2026-07-18;07:36:15.341;22.63;50.52812550;18.09727505;29;36.96;26.39;975.2;41.4;63.7;311.5;6.91;1831;10.179;31.4;33.7;31.9;84.9;44.9898;31.49;21.52;784.5;4.408;175
2026-07-18;07:36:15.550;22.42;50.52811632;18.09726495;29;36.76;26.60;977.9;41.6;63.8;311.7;7.37;1801;10.280;31.2;33.5;32.1;84.9;44.9897;31.76;20.62;776.1;4.451;177
2026-07-18;07:36:15.749;22.84;50.52810697;18.09725467;29;36.66;25.97;952.2;41.9;64.1;311.9;7.51;1785;10.379;31.2;33.7;32.0;84.9;44.9896;31.90;20.77;790.6;4.495;178
2026-07-18;07:36:15.944;23.26;50.52809745;18.09724419;28;36.53;25.37;926.7;41.7;64.2;311.3;7.68;1801;10.479;31.2;33.7;32.1;84.9;44.9895;31.94;21.07;782.7;4.539;179
2026-07-18;07:36:16.149;23.48;50.52808784;18.09723362;27;36.29;24.92;904.4;41.7;64.6;310.8;6.51;1825;10.580;31.1;33.8;32.3;84.9;44.9894;31.61;20.48;798.0;4.583;180
2026-07-18;07:36:16.362;23.09;50.52807838;18.09722322;28;36.33;25.20;915.6;41.7;64.9;310.4;6.89;1830;10.682;31.3;33.7;32.4;84.9;44.9893;31.22;20.54;821.7;4.629;182
2026-07-18;07:36:16.552;22.62;50.52806912;18.09721303;28;36.42;25.77;938.6;41.4;64.3;310.8;6.22;1850;10.785;31.1;33.5;32.2;84.9;44.9892;30.98;20.38;800.6;4.673;183
2026-07-18;07:36:16.746;22.83;50.52805977;18.09720275;29;36.48;25.94;946.3;41.6;64.2;311.4;6.02;1825;10.886;31.3;33.3;32.0;84.9;44.9891;31.32;20.45;798.0;4.718;184
2026-07-18;07:36:16.946;23.34;50.52805021;18.09719224;28;36.51;26.46;965.9;41.7;64.6;311.3;6.00;1796;10.986;31.0;33.2;32.1;84.9;44.9890;31.23;20.13;806.9;4.762;186
2026-07-18;07:36:17.149;23.13;50.52804074;18.09718182;28;36.40;26.17;952.4;41.4;64.5;312.0;6.24;1826;11.087;30.8;33.3;31.8;84.9;44.9889;30.89;20.07;827.0;4.808;187
2026-07-18;07:36:17.351;23.57;50.52803109;18.09717120;28;36.42;26.29;957.7;41.6;64.8;312.4;6.52;1863;11.191;30.6;33.4;31.6;84.9;44.9888;31.03;19.35;829.1;4.854;188
2026-07-18;07:36:17.547;23.12;50.52802972;18.09716526;27;36.58;25.88;946.9;41.7;65.3;311.9;6.48;1895;11.296;30.6;33.3;31.8;84.9;44.9887;30.75;19.60;832.2;4.901;189
2026-07-18;07:36:17.747;25.27;50.52802856;18.09714548;26;36.67;25.97;952.3;41.8;64.6;312.0;6.41;1863;11.399;30.5;33.2;31.8;84.9;44.9886;30.87;19.52;838.4;4.947;191
2026-07-18;07:36:17.948;26.79;50.52802732;18.09712451;26;36.61;26.09;955.1;41.7;64.7;311.9;6.74;1847;11.502;30.4;33.4;32.0;84.9;44.9885;30.51;18.68;834.0;4.994;192
2026-07-18;07:36:18.147;27.88;50.52802604;18.09710269;25;36.90;26.38;973.2;41.6;64.0;312.1;6.00;1839;11.604;30.4;33.2;32.0;84.9;44.9884;30.31;19.04;850.1;5.041;194
2026-07-18;07:36:18.347;29.17;50.52802470;18.09707986;26;36.98;26.62;984.6;41.9;63.5;312.0;6.96;1834;11.706;30.5;33.3;31.8;84.9;44.9883;30.57;18.62;828.5;5.087;195
2026-07-18;07:36:18.546;29.80;50.52802333;18.09705654;26;36.78;26.03;957.4;42.2;64.2;311.7;8.02;1852;11.809;30.7;33.3;31.8;84.9;44.9882;30.86;17.88;826.3;5.133;197
2026-07-18;07:36:18.747;30.18;50.52802194;18.09703293;27;36.94;26.04;961.8;42.6;64.3;312.3;8.96;1839;11.911;30.5;33.5;31.9;84.9;44.9881;31.22;18.43;847.2;5.180;199
2026-07-18;07:36:18.948;30.67;50.52802052;18.09700892;28;36.80;26.21;964.4;42.4;64.6;312.8;10.02;1862;12.015;30.4;33.5;31.7;84.9;44.9880;31.18;17.95;838.3;5.226;201
2026-07-18;07:36:19.147;32.19;50.52802000;18.09696937;28;37.08;26.02;964.7;42.5;64.6;313.2;9.70;1882;12.119;30.5;33.7;31.6;84.9;44.9879;31.24;17.12;858.2;5.274;202
2026-07-18;07:36:19.348;33.28;50.52802000;18.09694322;27;37.14;25.82;959.0;42.2;63.9;313.6;8.79;1891;12.224;30.3;33.8;31.6;84.9;44.9878;31.31;17.46;859.3;5.322;204
2026-07-18;07:36:19.547;33.25;50.52802000;18.09691708;26;36.99;25.62;947.8;42.3;63.9;313.9;8.13;1885;12.329;30.5;33.8;31.4;84.9;44.9877;31.01;17.14;864.9;5.370;206
2026-07-18;07:36:19.746;33.27;50.52802000;18.09689093;27;37.26;26.23;977.6;42.1;63.4;314.1;9.16;1846;12.432;30.6;33.6;31.3;84.9;44.9876;30.98;17.29;877.2;5.419;208
2026-07-18;07:36:19.947;34.15;50.52802000;18.09686409;28;37.20;26.64;990.9;41.9;63.3;314.0;9.48;1860;12.535;30.5;33.8;31.2;84.9;44.9875;31.38;17.85;874.0;5.467;210
2026-07-18;07:36:20.147;35.46;50.52802000;18.09683622;29;37.02;27.28;1009.8;41.7;63.9;313.6;8.48;1835;12.637;30.5;33.6;31.3;84.9;44.9874;31.68;17.58;876.2;5.516;212
2026-07-18;07:36:20.348;35.40;50.52802000;18.09680840;28;37.09;28.03;1039.5;41.8;64.1;313.1;8.61;1826;12.738;30.6;33.4;31.4;84.9;44.9873;31.92;16.86;884.2;5.565;214
2026-07-18;07:36:20.550;36.10;50.52802000;18.09678003;29;37.21;28.28;1052.2;41.5;64.3;312.8;7.77;1796;12.838;30.7;33.6;31.6;84.9;44.9872;32.02;16.37;900.1;5.615;216
2026-07-18;07:36:20.750;36.01;50.52802000;18.09675172;30;36.92;27.72;1023.5;41.3;64.0;313.1;7.50;1771;12.936;30.6;33.5;31.6;84.9;44.9871;32.24;16.28;907.9;5.665;218
2026-07-18;07:36:20.951;36.42;50.52802000;18.09672310;30;36.63;27.81;1018.5;41.4;63.9;313.3;7.00;1750;13.034;30.6;33.5;31.6;84.9;44.9870;32.15;16.05;901.7;5.715;220
2026-07-18;07:36:21.151;37.08;50.52802000;18.09669396;29;36.80;28.14;1035.5;41.1;63.6;313.1;6.17;1752;13.131;30.6;33.6;31.6;84.9;44.9869;32.12;16.05;883.0;5.765;222
2026-07-18;07:36:21.351;37.19;50.52801952;18.09666473;29;37.03;27.59;1021.6;40.8;63.9;313.0;6.64;1749;13.228;30.7;33.7;31.4;84.9;44.9868;32.40;15.69;885.1;5.814;224
2026-07-18;07:36:21.551;37.96;50.52801859;18.09663493;30;36.94;27.23;1005.9;40.4;63.6;313.6;7.76;1737;13.325;30.8;33.5;31.5;84.9;44.9867;32.60;15.00;905.0;5.864;226
2026-07-18;07:36:21.751;38.04;50.52801766;18.09660507;30;36.89;26.49;977.4;40.4;63.1;313.0;8.59;1714;13.420;30.7;33.4;31.3;84.9;44.9866;32.66;15.00;907.9;5.914;228
2026-07-18;07:36:21.951;37.93;50.52801673;18.09657530;30;36.93;26.31;971.6;40.6;63.0;312.8;8.01;1684;13.513;30.7;33.4;31.6;84.9;44.9865;32.29;15.00;893.3;5.964;230
2026-07-18;07:36:22.153;38.65;50.52801578;18.09654496;30;36.67;27.04;991.6;40.5;63.5;312.1;7.44;1708;13.608;30.5;33.6;31.5;84.9;44.9864;32.54;15.69;912.7;6.015;232
2026-07-18;07:36:22.353;38.43;50.52801484;18.09651479;30;36.75;26.37;969.0;40.7;63.9;311.9;7.87;1702;13.703;30.5;33.4;31.4;84.9;44.9863;32.39;16.51;892.1;6.064;234
2026-07-18;07:36:22.552;39.03;50.52801388;18.09648415;30;37.02;25.88;958.1;40.6;63.7;311.5;7.36;1689;13.797;30.3;33.2;31.3;84.9;44.9862;32.74;17.05;898.1;6.114;237
2026-07-18;07:36:22.753;38.38;50.52801294;18.09645402;30;37.05;25.94;961.2;40.7;63.2;311.5;6.32;1693;13.891;30.3;33.3;31.5;84.9;44.9861;32.78;16.64;875.6;6.163;239
2026-07-18;07:36:22.954;39.18;50.52801198;18.09642327;30;37.22;25.56;951.5;41.0;63.7;311.4;6.07;1702;13.985;30.1;33.0;31.7;84.9;44.9860;32.43;17.11;886.1;6.212;241
2026-07-18;07:36:23.154;39.72;50.52801100;18.09639209;30;37.45;25.59;958.4;40.8;64.0;310.7;6.85;1709;14.080;29.9;33.1;31.8;84.9;44.9859;32.03;17.92;870.8;6.260;243
2026-07-18;07:36:23.354;40.17;50.52801002;18.09636055;30;37.45;25.90;970.0;40.9;64.3;310.7;7.53;1714;14.175;29.7;33.3;31.7;84.9;44.9858;32.32;18.55;870.3;6.309;245
2026-07-18;07:36:23.556;40.90;50.52801000;18.09632844;30;37.24;25.40;945.9;40.7;64.4;311.3;8.22;1713;14.271;29.5;33.1;31.5;84.9;44.9857;32.69;19.00;871.4;6.357;248
2026-07-18;07:36:23.756;40.22;50.52801000;18.09629683;30;37.50;24.91;934.1;41.0;64.8;311.0;7.70;1733;14.367;29.7;32.9;31.4;84.9;44.9856;32.64;18.64;846.5;6.404;250
2026-07-18;07:36:23.958;40.09;50.52801000;18.09626532;30;37.31;24.55;916.0;41.2;64.7;311.5;7.47;1703;14.461;29.7;32.8;31.6;84.9;44.9855;32.70;18.81;828.4;6.450;252
2026-07-18;07:36:24.158;40.77;50.52801000;18.09623328;30;37.47;23.97;898.1;41.3;64.2;311.3;8.43;1688;14.555;29.6;32.7;31.5;84.9;44.9854;33.02;19.49;811.1;6.495;254
2026-07-18;07:36:24.358;41.24;50.52801000;18.09620087;29;37.76;23.56;889.5;41.1;64.1;311.3;8.76;1711;14.650;29.4;32.8;31.3;84.9;44.9853;32.70;19.41;817.3;6.541;257
2026-07-18;07:36:24.559;41.42;50.52801000;18.09616831;28;37.59;24.00;901.9;40.9;64.5;311.0;9.55;1723;14.746;29.4;33.1;31.3;84.9;44.9853;33.09;19.44;836.3;6.587;259
2026-07-18;07:36:24.759;41.04;50.52801000;18.09613606;29;37.58;23.89;897.9;40.7;63.9;311.1;8.39;1716;14.841;29.6;32.8;31.3;84.9;44.9852;33.37;18.63;856.8;6.635;261
2026-07-18;07:36:24.959;40.73;50.52801000;18.09610404;30;37.68;24.13;909.3;40.4;64.6;311.1;8.04;1731;14.938;29.7;32.7;31.2;84.9;44.9851;33.06;19.52;880.9;6.684;263
2026-07-18;07:36:25.159;41.24;50.52801000;18.09607163;30;37.73;24.59;927.8;40.2;64.1;311.7;9.09;1738;15.034;29.9;32.6;31.4;84.8;44.9850;33.18;18.90;904.5;6.734;266
2026-07-18;07:36:25.359;41.65;50.52801003;18.09603890;30;37.69;25.04;944.0;40.6;64.5;312.3;8.46;1722;15.130;30.0;32.6;31.2;84.8;44.9849;33.40;19.39;919.9;6.785;268
2026-07-18;07:36:25.559;41.41;50.52801105;18.09600639;30;37.46;25.19;943.8;40.3;63.9;311.7;8.65;1731;15.226;30.2;32.7;31.3;84.8;44.9848;33.31;20.26;917.9;6.836;270
2026-07-18;07:36:25.758;41.63;50.52801207;18.09597371;30;37.66;25.71;968.3;40.0;63.2;312.3;8.28;1705;15.321;30.3;32.7;31.6;84.8;44.9847;33.11;20.81;914.7;6.887;273
2026-07-18;07:36:25.962;41.72;50.52801309;18.09594097;29;37.65;25.34;954.2;39.8;63.1;312.1;8.23;1733;15.417;30.2;32.5;31.5;84.8;44.9846;33.21;21.59;932.0;6.939;275
2026-07-18;07:36:26.162;41.60;50.52801412;18.09590831;30;37.65;24.85;935.8;39.9;62.6;312.2;9.17;1713;15.512;30.2;32.4;31.3;84.8;44.9845;33.11;21.73;925.8;6.990;277
2026-07-18;07:36:26.362;41.05;50.52801512;18.09587609;30;37.76;25.08;946.9;39.9;62.8;311.6;10.27;1710;15.607;30.2;32.2;31.2;84.8;44.9844;32.73;22.35;950.4;7.043;280
2026-07-18;07:36:26.561;41.42;50.52801614;18.09584358;30;37.99;25.08;952.9;40.0;63.2;311.5;9.89;1678;15.700;30.2;32.3;31.3;84.8;44.9843;32.48;21.89;972.3;7.097;282
2026-07-18;07:36:26.761;41.61;50.52801716;18.09581091;30;37.92;24.98;947.3;40.1;63.8;311.2;10.52;1702;15.795;30.2;32.1;31.1;84.8;44.9842;32.30;21.34;951.5;7.150;284
2026-07-18;07:36:26.962;41.10;50.52801817;18.09577865;30;37.83;25.07;948.5;40.1;63.2;311.6;11.00;1725;15.891;30.1;32.1;31.2;84.8;44.9841;31.91;21.23;934.2;7.202;287
2026-07-18;07:36:27.162;40.46;50.52801916;18.09574689;30;37.56;25.61;961.9;40.1;63.7;311.5;10.23;1698;15.985;29.9;31.9;31.4;84.8;44.9840;31.90;20.93;928.7;7.253;289
2026-07-18;07:36:27.364;40.99;50.52802017;18.09571471;30;37.31;25.93;967.4;40.2;63.1;310.9;11.20;1720;16.081;29.9;32.1;31.3;84.8;44.9839;32.25;20.18;918.3;7.304;291
2026-07-18;07:36:27.563;40.10;50.52802115;18.09568323;30;37.38;26.09;975.4;40.3;63.6;310.3;11.82;1702;16.175;29.8;32.2;31.2;84.8;44.9838;32.32;20.62;902.5;7.354;293
2026-07-18;07:36:27.763;40.67;50.52802215;18.09565130;30;37.18;25.45;946.2;40.1;63.5;310.4;12.79;1677;16.268;29.9;32.0;31.3;84.8;44.9837;32.06;19.88;920.6;7.406;296
2026-07-18;07:36:27.963;41.27;50.52802316;18.09561891;29;37.22;25.62;953.6;40.5;63.2;310.8;13.11;1685;16.362;30.1;31.9;31.2;84.8;44.9836;32.39;19.42;905.8;7.456;298
2026-07-18;07:36:28.164;40.71;50.52802416;18.09558695;29;37.10;26.09;967.7;40.5;62.8;311.4;13.89;1698;16.456;29.9;32.1;31.2;84.8;44.9835;32.07;19.25;885.4;7.505;300
2026-07-18;07:36:28.365;41.15;50.52802517;18.09555465;30;37.37;26.78;1000.9;40.1;62.8;312.0;13.32;1711;16.551;29.7;32.1;31.4;84.8;44.9834;32.01;18.73;903.6;7.555;302
2026-07-18;07:36:28.566;41.58;50.52802619;18.09552201;30;37.36;27.26;1018.5;39.9;62.8;312.4;14.15;1731;16.647;29.7;32.3;31.4;84.8;44.9834;31.95;17.87;891.8;7.605;305
2026-07-18;07:36:28.768;41.92;50.52802722;18.09548911;29;37.39;27.17;1015.7;40.1;62.5;311.7;14.73;1751;16.745;29.7;32.1;31.4;84.8;44.9833;32.27;17.56;888.0;7.654;307
2026-07-18;07:36:28.968;41.19;50.52802823;18.09545677;30;37.41;26.59;994.8;40.2;62.0;311.4;14.80;1712;16.840;29.6;31.9;31.5;84.8;44.9832;32.32;17.52;909.1;7.705;309
2026-07-18;07:36:29.168;40.54;50.52802922;18.09542494;29;37.19;26.81;997.0;40.2;61.7;311.9;14.58;1718;16.935;29.6;31.7;31.8;84.8;44.9831;32.62;17.16;889.7;7.754;312
2026-07-18;07:36:29.367;40.15;50.52803000;18.09539343;28;37.17;26.30;977.6;40.3;61.5;311.9;15.32;1700;17.030;29.5;31.5;32.0;84.8;44.9830;32.91;17.69;865.3;7.802;314
2026-07-18;07:36:29.567;39.54;50.52803000;18.09536235;28;37.42;25.65;959.7;40.5;61.4;312.0;14.97;1693;17.124;29.4;31.4;31.7;84.8;44.9829;33.17;17.83;855.9;7.850;316
2026-07-18;07:36:29.767;40.26;50.52803000;18.09533070;28;37.67;25.95;977.6;40.8;62.0;312.6;14.95;1713;17.219;29.4;31.3;31.6;84.8;44.9828;32.99;17.44;863.1;7.898;318
2026-07-18;07:36:29.967;39.82;50.52803000;18.09529940;27;37.39;25.80;964.7;40.9;61.4;313.2;14.65;1710;17.314;29.5;31.4;31.8;84.8;44.9827;33.15;18.00;884.4;7.947;320
2026-07-18;07:36:30.167;40.03;50.52803000;18.09526794;26;37.34;25.94;968.6;40.7;61.9;312.9;14.76;1707;17.409;29.7;31.4;31.8;84.8;44.9826;33.18;18.29;898.9;7.997;323
2026-07-18;07:36:30.367;40.25;50.52803000;18.09523631;25;37.31;26.37;983.8;40.4;61.9;313.2;14.45;1741;17.505;29.7;31.3;31.7;84.8;44.9825;33.21;18.83;901.5;8.047;325
2026-07-18;07:36:30.567;41.01;50.52803000;18.09520407;26;37.17;26.95;1001.8;40.2;62.2;312.9;14.26;1744;17.602;29.8;31.1;31.6;84.8;44.9824;33.16;18.41;880.3;8.096;327
2026-07-18;07:36:30.768;40.95;50.52803000;18.09517189;26;36.90;27.43;1011.9;39.9;62.6;312.2;14.29;1781;17.701;29.9;31.2;31.4;84.8;44.9823;32.95;18.58;874.9;8.144;329
2026-07-18;07:36:30.969;41.25;50.52803000;18.09513947;27;37.07;26.75;991.6;39.6;62.7;312.6;13.44;1749;17.798;29.8;31.0;31.6;84.8;44.9822;33.04;19.16;852.7;8.192;332
2026-07-18;07:36:31.167;41.61;50.52803000;18.09510676;27;36.97;27.03;999.4;39.8;62.4;312.8;12.94;1761;17.896;30.0;31.0;31.5;84.8;44.9821;32.79;18.30;836.4;8.238;334
2026-07-18;07:36:31.368;41.66;50.52803019;18.09507421;28;37.24;27.41;1020.8;39.7;62.0;312.4;13.78;1755;17.994;29.9;31.0;31.5;84.8;44.9820;32.48;17.74;843.1;8.285;336
2026-07-18;07:36:31.569;41.48;50.52803124;18.09504165;29;37.02;26.75;990.5;39.3;62.2;312.7;13.23;1743;18.091;29.8;30.9;31.8;84.8;44.9819;32.40;18.46;848.4;8.332;339
2026-07-18;07:36:31.769;42.05;50.52803230;18.09500865;28;36.90;26.80;988.7;39.5;62.7;313.0;13.15;1759;18.188;30.0;30.9;31.8;84.8;44.9818;32.11;18.88;828.9;8.378;341
2026-07-18;07:36:31.970;41.62;50.52803336;18.09497598;27;36.84;26.79;986.8;39.8;62.7;313.3;11.96;1722;18.284;29.8;31.1;31.6;84.8;44.9817;32.30;19.73;808.3;8.423;343
2026-07-18;07:36:32.169;42.12;50.52803442;18.09494292;28;37.03;27.29;1010.7;39.6;62.9;313.6;12.15;1707;18.379;29.9;31.3;31.6;84.8;44.9816;32.05;20.41;785.7;8.467;346
2026-07-18;07:36:32.371;41.73;50.52803548;18.09491016;27;37.05;27.11;1004.6;39.9;63.1;313.8;12.84;1710;18.474;30.0;31.5;31.7;84.8;44.9815;31.92;20.07;778.1;8.510;348
2026-07-18;07:36:32.572;41.95;50.52803654;18.09487724;27;37.19;26.32;978.8;39.7;62.6;313.4;12.11;1722;18.569;30.2;31.4;31.5;84.8;44.9814;32.23;19.85;773.9;8.553;350
2026-07-18;07:36:32.772;40.98;50.52803758;18.09484507;28;37.21;26.79;996.7;39.4;62.9;313.8;11.08;1712;18.665;30.3;31.4;31.6;84.8;44.9813;32.18;19.82;772.2;8.596;353
2026-07-18;07:36:32.972;41.32;50.52803862;18.09481263;27;37.49;27.41;1027.6;39.1;62.9;313.7;11.98;1714;18.760;30.5;31.5;31.7;84.8;44.9812;31.81;20.46;780.3;8.639;355
2026-07-18;07:36:33.172;40.43;50.52803965;18.09478090;28;37.29;27.45;1023.6;38.9;62.6;314.0;12.48;1734;18.856;30.6;31.4;31.6;84.8;44.9811;31.71;20.61;774.4;8.682;357
2026-07-18;07:36:33.373;41.00;50.52804000;18.09475078;29;37.35;26.96;1006.8;39.1;62.0;313.6;13.66;1697;18.950;30.9;31.4;31.8;84.8;44.9810;31.61;20.64;762.7;8.725;359
2026-07-18;07:36:33.572;40.91;50.52804000;18.09471863;30;37.48;27.62;1035.2;39.5;61.4;313.3;13.39;1735;19.047;30.8;31.5;31.8;84.8;44.9810;31.95;21.01;752.2;8.766;362
2026-07-18;07:36:33.773;41.22;50.52804000;18.09468623;30;37.20;27.80;1034.2;39.7;61.5;313.3;13.98;1721;19.142;30.8;31.3;31.9;84.8;44.9809;32.12;21.56;753.5;8.808;364
2026-07-18;07:36:33.972;40.88;50.52804000;18.09465411;29;37.49;27.17;1018.6;40.0;60.8;313.2;13.16;1695;19.237;30.7;31.5;32.0;84.8;44.9808;31.76;22.32;731.2;8.849;366
2026-07-18;07:36:34.171;40.27;50.52804000;18.09462246;28;37.41;26.76;1000.9;39.9;61.5;312.9;14.32;1731;19.333;30.6;31.6;31.8;84.8;44.9807;32.12;21.79;714.9;8.889;368
2026-07-18;07:36:34.372;39.93;50.52804000;18.09459108;28;37.66;26.68;1004.8;39.7;61.9;313.6;14.67;1735;19.429;30.8;31.8;31.7;84.8;44.9806;32.27;20.92;732.4;8.929;371
2026-07-18;07:36:34.571;40.27;50.52804000;18.09455943;27;37.50;26.22;983.2;39.9;62.5;314.1;14.17;1772;19.528;31.0;31.8;31.7;84.8;44.9805;32.08;20.83;715.9;8.969;373
2026-07-18;07:36:34.786;40.36;50.52804000;18.09452771;28;37.78;26.28;992.8;39.7;63.2;314.5;13.41;1734;19.624;30.8;32.0;32.0;84.8;44.9804;32.06;19.99;712.6;9.009;375
2026-07-18;07:36:34.973;40.45;50.52804000;18.09449592;28;37.97;25.51;968.4;39.5;63.8;314.4;13.15;1712;19.719;31.0;32.1;32.0;84.8;44.9803;32.43;20.55;719.5;9.049;377
2026-07-18;07:36:35.173;40.83;50.52804000;18.09446383;28;38.24;25.62;979.6;39.3;64.4;313.8;12.63;1679;19.812;31.2;32.1;32.2;84.8;44.9802;32.69;19.79;735.9;9.090;380
2026-07-18;07:36:35.372;41.46;50.52804000;18.09443125;27;38.35;26.05;999.0;39.4;64.0;313.8;12.83;1644;19.904;31.0;32.0;32.3;84.8;44.9801;32.38;20.21;756.2;9.132;382
2026-07-18;07:36:35.572;40.85;50.52804000;18.09439914;26;38.27;26.84;1027.0;39.2;64.6;314.5;13.38;1609;19.993;30.8;31.9;32.1;84.8;44.9800;32.47;19.66;745.3;9.173;384
2026-07-18;07:36:35.773;41.22;50.52804000;18.09436674;27;38.19;26.76;1021.9;39.5;64.9;315.2;12.39;1584;20.081;31.1;32.1;32.1;84.8;44.9799;32.86;19.65;742.0;9.214;387
2026-07-18;07:36:35.973;41.83;50.52804000;18.09433386;26;37.95;26.88;1020.3;39.6;65.2;315.0;11.43;1573;20.168;31.0;31.9;31.9;84.8;44.9798;32.72;18.82;718.4;9.254;389
2026-07-18;07:36:36.183;42.26;50.52804000;18.09430065;26;37.95;26.34;999.6;39.3;65.7;314.4;11.41;1545;20.254;31.0;32.1;32.0;84.8;44.9797;32.38;19.49;696.2;9.293;391
2026-07-18;07:36:36.380;41.80;50.52804000;18.09426780;27;38.11;25.75;981.3;39.5;66.3;314.3;10.88;1520;20.339;31.0;32.1;32.1;84.8;44.9797;32.26;19.01;684.9;9.331;394
2026-07-18;07:36:36.582;41.67;50.52804000;18.09423505;26;38.13;26.21;999.5;39.3;66.6;313.9;10.40;1532;20.424;30.8;32.1;31.9;84.8;44.9796;32.53;19.24;669.3;9.368;396
2026-07-18;07:36:36.778;41.63;50.52804000;18.09420234;25;38.35;26.18;1004.2;39.5;67.1;314.2;9.74;1508;20.508;31.0;32.0;31.7;84.8;44.9795;32.35;19.17;662.0;9.405;398
2026-07-18;07:36:36.977;41.25;50.52804000;18.09416992;26;38.19;25.80;985.3;39.4;67.7;313.6;9.61;1530;20.593;31.1;32.2;31.5;84.8;44.9794;32.58;19.33;639.7;9.440;400
2026-07-18;07:36:37.176;41.14;50.52804000;18.09413758;26;37.96;26.15;992.8;39.4;67.6;313.0;10.21;1504;20.676;31.1;32.0;31.4;84.8;44.9793;32.93;18.99;644.3;9.476;403
2026-07-18;07:36:37.377;40.78;50.52804000;18.09410554;26;37.97;25.42;965.3;39.4;68.0;313.4;10.40;1495;20.759;31.1;31.9;31.3;84.8;44.9792;32.62;18.14;652.4;9.512;405
2026-07-18;07:36:37.623;40.17;50.52804000;18.09407396;25;37.86;25.71;973.6;39.8;67.7;313.6;10.80;1461;20.840;31.3;31.8;31.4;84.8;44.9792;32.86;17.80;669.7;9.550;407
2026-07-18;07:36:37.825;40.66;50.52804000;18.09404201;25;37.73;25.50;962.3;39.8;67.8;313.0;10.43;1460;20.921;31.4;31.8;31.2;84.8;44.9791;32.58;17.59;693.8;9.588;410
2026-07-18;07:36:38.013;41.17;50.52804000;18.09400965;26;37.99;25.32;961.7;39.9;68.4;312.6;11.16;1436;21.001;31.3;32.0;31.3;84.8;44.9790;32.68;16.93;677.6;9.626;412
2026-07-18;07:36:38.242;40.34;50.52804000;18.09397795;26;37.69;25.73;969.8;39.8;67.9;312.5;10.89;1460;21.082;31.3;32.2;31.1;84.8;44.9789;32.81;17.59;698.5;9.665;414
2026-07-18;07:36:38.444;39.62;50.52804000;18.09394681;25;37.55;25.18;945.8;40.0;68.6;312.4;10.45;1446;21.163;31.5;32.4;31.0;84.8;44.9788;32.88;17.41;685.7;9.703;416
2026-07-18;07:36:38.579;39.26;50.52804000;18.09391495;26;37.69;25.40;957.4;39.6;67.9;312.2;9.36;1419;21.241;31.3;32.4;30.9;84.8;44.9788;32.81;17.32;700.0;9.742;418
2026-07-18;07:36:38.847;39.34;50.52804000;18.09388403;25;37.77;25.49;962.7;39.2;67.6;312.0;8.23;1441;21.322;31.4;32.2;31.0;84.8;44.9787;32.67;18.16;688.3;9.780;421
2026-07-18;07:36:38.987;39.91;50.52804000;18.09385266;25;37.82;25.31;957.3;39.0;67.6;311.7;8.38;1421;21.400;31.4;32.3;31.0;84.8;44.9786;32.85;18.26;663.5;9.817;423
2026-07-18;07:36:39.188;39.52;50.52804000;18.09382160;26;37.61;25.24;949.5;39.4;67.0;312.4;7.27;1436;21.480;31.2;32.2;30.7;84.8;44.9785;33.02;18.25;649.2;9.853;425
2026-07-18;07:36:39.385;40.32;50.52804000;18.09378991;25;37.87;24.82;940.0;39.0;66.8;312.0;6.27;1403;21.558;31.3;32.1;30.8;84.8;44.9784;33.17;17.79;653.1;9.889;427
2026-07-18;07:36:39.582;39.77;50.52804000;18.09375865;25;38.00;25.30;961.3;39.3;67.0;311.5;6.00;1394;21.636;31.5;32.0;30.6;84.8;44.9784;33.05;17.91;652.0;9.925;429
2026-07-18;07:36:39.783;40.51;50.52804000;18.09372681;26;38.28;25.06;959.4;39.5;67.2;312.2;6.68;1410;21.714;31.7;32.0;30.4;84.8;44.9783;32.78;18.24;635.4;9.960;432
2026-07-18;07:36:40.016;40.94;50.52804000;18.09369464;25;38.58;25.51;983.9;39.2;67.6;311.7;6.00;1373;21.790;31.8;31.9;30.3;84.8;44.9782;32.62;19.05;627.9;9.995;434
2026-07-18;07:36:40.187;40.62;50.52804000;18.09366271;24;38.32;25.58;980.4;39.2;68.2;311.5;6.97;1351;21.865;31.7;31.7;30.2;84.8;44.9781;32.89;18.53;635.4;10.031;436
2026-07-18;07:36:40.387;41.07;50.52804000;18.09363043;24;38.30;25.85;990.1;39.5;67.7;311.5;7.39;1362;21.941;31.6;31.8;30.3;84.8;44.9781;33.13;19.13;638.3;10.066;439
2026-07-18;07:36:40.586;41.68;50.52804000;18.09359983;24;38.21;25.19;962.8;39.5;67.7;311.9;6.41;1324;22.014;31.8;31.8;30.5;84.8;44.9780;33.35;19.25;663.0;10.103;441
2026-07-18;07:36:40.789;41.65;50.52804000;18.09356710;24;38.51;25.49;981.5;39.7;67.7;312.4;6.88;1286;22.086;31.9;32.0;30.3;84.8;44.9779;33.34;19.47;670.3;10.140;443
2026-07-18;07:36:40.986;41.53;50.52804000;18.09353445;25;38.22;24.81;948.3;39.6;68.1;312.3;6.00;1277;22.157;32.1;32.0;30.6;84.8;44.9778;33.26;19.25;664.4;10.177;445
2026-07-18;08:44:02.390;31.77;50.52920095;18.09613051;18;36.16;24.90;900.3;38.0;62.1;309.5;12.70;1809;0.100;32.2;33.8;32.8;85.0;44.9999;34.08;22.55;726.1;0.040;2
2026-07-18;08:44:02.589;31.82;50.52919188;18.09615106;18;36.20;25.13;909.7;37.7;62.4;310.0;12.59;1797;0.200;32.2;34.0;32.6;85.0;44.9998;33.88;21.79;709.7;0.080;4
2026-07-18;08:44:02.791;32.30;50.52918268;18.09617192;18;36.21;25.31;916.7;37.4;62.5;309.4;13.35;1831;0.302;32.1;34.2;32.5;85.0;44.9997;34.14;21.62;714.9;0.119;5
2026-07-18;08:44:02.989;33.25;50.52917321;18.09619339;17;36.25;24.78;898.0;37.6;62.9;308.9;13.03;1867;0.406;31.9;34.1;32.5;85.0;44.9996;34.34;22.25;729.5;0.160;7
2026-07-18;08:44:03.209;34.65;50.52916334;18.09621576;16;36.35;24.95;907.1;37.4;62.4;309.4;13.03;1848;0.508;32.0;34.0;32.6;85.0;44.9995;34.32;22.40;746.3;0.201;9
2026-07-18;08:44:03.424;34.87;50.52915341;18.09623827;17;36.29;24.40;885.6;37.6;62.6;309.7;13.00;1858;0.612;32.0;34.0;32.4;85.0;44.9994;34.13;22.54;750.3;0.243;11
2026-07-18;08:44:03.609;35.99;50.52914316;18.09626151;17;36.14;24.51;886.1;37.7;62.3;309.3;13.30;1855;0.715;32.0;33.9;32.4;85.0;44.9993;33.84;22.65;767.3;0.286;13
2026-07-18;08:44:03.845;36.69;50.52913270;18.09628521;16;36.12;25.08;905.8;38.1;62.2;309.2;13.79;1884;0.819;32.2;34.1;32.2;85.0;44.9992;33.50;22.88;781.5;0.329;15
2026-07-18;08:44:04.027;37.66;50.52912198;18.09630952;15;35.97;25.45;915.6;38.0;62.2;308.6;14.55;1899;0.925;32.1;34.2;32.0;85.0;44.9991;33.84;23.06;796.2;0.373;17
2026-07-18;08:44:04.258;37.39;50.52911132;18.09633366;15;35.85;24.70;885.7;38.2;62.3;308.2;14.89;1913;1.031;32.1;34.3;32.0;85.0;44.9990;33.49;22.33;801.5;0.418;19
2026-07-18;08:44:04.438;37.86;50.52910054;18.09635811;15;35.57;24.49;871.1;38.4;62.6;308.0;13.70;1891;1.136;32.4;34.2;31.8;85.0;44.9989;33.82;22.44;805.2;0.463;21
2026-07-18;08:44:04.664;37.38;50.52908989;18.09638225;16;35.83;23.86;854.8;38.1;62.3;308.6;14.24;1862;1.240;32.3;34.4;31.6;85.0;44.9988;33.71;22.87;824.1;0.508;23
2026-07-18;08:44:04.839;37.77;50.52907913;18.09640663;16;35.56;23.11;821.9;37.9;62.4;309.0;13.86;1867;1.343;32.5;34.3;31.6;85.0;44.9987;33.70;22.33;834.5;0.555;26
2026-07-18;08:44:04.995;37.41;50.52906848;18.09643079;16;35.86;23.91;857.3;37.8;61.8;308.8;12.69;1867;1.447;32.6;34.1;31.5;85.0;44.9986;34.00;21.91;853.4;0.602;28
2026-07-18;08:44:05.242;36.97;50.52905794;18.09645466;15;35.85;23.58;845.3;38.2;62.1;308.5;12.05;1833;1.549;32.8;33.9;31.4;85.0;44.9985;34.25;22.72;837.2;0.649;30
2026-07-18;08:44:05.407;37.88;50.52904715;18.09647912;16;36.05;24.09;868.4;38.0;62.6;308.4;12.65;1844;1.651;32.8;33.8;31.3;85.0;44.9983;34.02;22.91;826.1;0.695;32
2026-07-18;08:44:05.655;38.57;50.52903616;18.09650403;17;35.81;23.33;835.3;37.7;62.2;308.7;11.67;1845;1.754;32.8;34.0;31.1;85.0;44.9982;34.39;22.28;828.5;0.741;34
2026-07-18;08:44:05.823;38.59;50.52902517;18.09652894;17;36.07;24.10;869.3;37.5;61.9;308.6;12.14;1877;1.858;32.8;34.1;31.3;85.0;44.9981;34.58;22.69;843.2;0.788;36
2026-07-18;08:44:05.996;39.31;50.52901398;18.09655432;16;36.17;23.64;854.9;37.5;62.0;308.8;11.82;1900;1.964;32.7;34.2;31.3;85.0;44.9980;34.26;23.44;863.6;0.836;38
2026-07-18;08:44:06.268;39.18;50.52900282;18.09657962;16;36.06;23.36;842.3;37.5;61.8;309.1;12.64;1930;2.071;32.7;34.1;31.4;85.0;44.9979;34.33;23.95;883.7;0.885;40
2026-07-18;08:44:06.408;38.61;50.52899182;18.09660455;17;35.94;22.86;821.7;37.1;61.3;309.0;11.90;1929;2.178;32.6;33.9;31.5;85.0;44.9978;34.72;23.85;904.5;0.935;43
2026-07-18;08:44:06.604;38.87;50.52898075;18.09662964;18;36.21;22.98;832.1;37.4;61.1;309.2;11.33;1900;2.284;32.7;33.9;31.3;85.0;44.9977;34.73;24.67;922.0;0.986;45
2026-07-18;08:44:06.825;39.09;50.52896961;18.09665489;17;36.17;23.67;856.0;37.2;60.4;309.9;10.81;1866;2.387;32.8;34.1;31.5;85.0;44.9976;34.61;23.92;928.3;1.038;47
2026-07-18;08:44:07.058;39.31;50.52895841;18.09668027;17;36.25;23.11;838.0;37.3;60.9;309.7;11.46;1881;2.492;33.0;34.2;31.7;85.0;44.9975;34.88;24.25;927.9;1.089;49
2026-07-18;08:44:07.240;39.09;50.52894728;18.09670551;16;36.18;23.15;837.6;37.3;61.3;310.1;10.34;1854;2.595;33.2;34.0;31.8;85.0;44.9974;35.05;24.02;945.7;1.142;51
2026-07-18;08:44:07.458;38.52;50.52893630;18.09673038;16;36.23;23.57;854.0;37.3;61.8;310.2;9.30;1839;2.697;33.0;33.8;31.8;85.0;44.9973;34.85;24.40;950.7;1.195;53
2026-07-18;08:44:07.600;38.48;50.52892534;18.09675523;16;36.52;22.96;838.5;37.0;61.8;310.9;10.39;1868;2.801;33.1;33.8;31.9;85.0;44.9972;34.58;23.56;967.3;1.248;56
2026-07-18;08:44:07.800;38.87;50.52891427;18.09678033;17;36.75;23.47;862.6;37.2;61.4;311.4;10.29;1908;2.907;33.0;33.7;31.8;85.0;44.9971;34.89;23.16;964.8;1.302;58
2026-07-18;08:44:08.009;39.75;50.52890294;18.09680553;16;36.64;22.88;838.2;36.9;61.4;310.7;9.10;1906;3.013;33.0;33.5;31.8;85.0;44.9970;35.13;23.19;963.3;1.355;60
2026-07-18;08:44:08.200;40.14;50.52889128;18.09683119;15;36.58;22.39;819.3;36.9;61.9;310.0;9.54;1903;3.118;32.9;33.8;31.6;85.0;44.9969;34.82;24.01;967.5;1.409;62
2026-07-18;08:44:08.408;40.90;50.52887939;18.09685733;14;36.34;22.49;817.1;37.2;61.3;310.7;10.02;1878;3.223;32.9;33.6;31.6;85.0;44.9968;34.67;24.21;961.5;1.463;64
2026-07-18;08:44:08.601;41.31;50.52886739;18.09688374;14;36.26;23.10;837.8;37.2;61.1;310.6;10.78;1889;3.328;32.7;33.8;31.8;85.0;44.9967;34.41;24.49;961.2;1.516;67
2026-07-18;08:44:08.810;41.04;50.52885547;18.09690998;15;36.42;23.31;849.1;37.5;61.7;311.2;11.07;1899;3.433;32.8;33.7;31.5;85.0;44.9966;34.80;23.67;986.2;1.571;69
2026-07-18;08:44:09.007;40.71;50.52884363;18.09693601;16;36.53;22.68;828.4;37.3;61.4;311.8;11.61;1900;3.539;32.9;33.9;31.5;85.0;44.9965;34.88;24.14;998.7;1.626;71
2026-07-18;08:44:09.213;40.66;50.52883182;18.09696200;16;36.27;22.30;808.7;37.5;61.2;312.1;10.57;1936;3.646;33.1;33.9;31.4;85.0;44.9964;34.63;24.07;1013.4;1.683;73
2026-07-18;08:44:09.405;40.14;50.52882015;18.09698767;15;36.39;22.41;815.6;37.3;61.5;311.6;11.57;1926;3.753;33.3;34.1;31.1;85.0;44.9962;34.43;24.17;1032.5;1.740;76
2026-07-18;08:44:09.611;39.56;50.52880866;18.09701296;14;36.17;22.24;804.5;37.0;61.0;311.0;10.41;1887;3.858;33.3;34.0;31.0;85.0;44.9961;34.28;24.89;1032.2;1.797;78
2026-07-18;08:44:09.805;39.17;50.52879727;18.09703800;13;35.92;23.00;825.9;37.0;60.7;311.2;9.66;1899;3.964;33.2;33.8;31.3;85.0;44.9960;33.93;24.17;1041.3;1.855;80
2026-07-18;08:44:10.012;39.20;50.52878588;18.09706306;14;35.69;22.39;799.3;36.8;60.5;311.3;9.03;1935;4.071;33.2;34.0;31.2;85.0;44.9959;33.64;23.62;1066.2;1.914;82
2026-07-18;08:44:10.207;39.26;50.52877447;18.09708816;14;35.43;22.45;795.5;37.1;61.0;311.1;8.39;1929;4.178;33.4;33.9;31.2;85.0;44.9958;33.43;23.29;1044.8;1.972;84
2026-07-18;08:44:10.416;38.74;50.52876321;18.09711293;15;35.56;21.90;778.7;36.9;61.0;310.9;8.47;1921;4.285;33.3;34.0;31.4;85.0;44.9957;33.61;22.54;1033.7;2.030;87
2026-07-18;08:44:10.609;38.81;50.52875247;18.09713774;14;35.36;22.44;793.4;36.7;60.5;311.1;9.40;1906;4.391;33.4;33.8;31.4;85.0;44.9956;33.34;22.75;1047.3;2.088;89
2026-07-18;08:44:10.848;37.65;50.52874203;18.09716235;13;35.62;22.67;807.7;36.8;60.2;311.0;9.69;1911;4.497;33.4;33.7;31.6;85.0;44.9955;33.73;22.25;1065.9;2.147;91
2026-07-18;08:44:11.065;36.28;50.52873197;18.09718607;13;35.48;22.37;793.5;36.7;60.9;311.7;9.77;1949;4.605;33.3;33.5;31.3;85.0;44.9954;33.83;22.48;1072.4;2.207;93
2026-07-18;08:44:11.214;35.06;50.52872225;18.09720899;12;35.40;22.27;788.5;36.3;61.2;311.7;8.96;1917;4.712;33.2;33.6;31.4;85.0;44.9953;33.59;22.33;1059.3;2.266;95
2026-07-18;08:44:11.414;33.89;50.52871285;18.09723114;11;35.51;22.66;804.9;36.5;61.1;311.7;9.80;1928;4.819;33.2;33.5;31.3;85.0;44.9952;33.23;21.70;1068.2;2.325;97
2026-07-18;08:44:11.642;32.82;50.52870375;18.09725260;12;35.57;22.27;792.2;36.5;61.7;311.5;10.76;1933;4.926;33.2;33.7;31.3;85.0;44.9951;33.32;22.11;1064.0;2.384;99
2026-07-18;08:44:11.814;32.20;50.52869482;18.09727365;12;35.82;21.80;781.0;36.5;61.3;312.0;10.01;1937;5.034;33.1;33.5;31.4;84.9;44.9950;33.35;21.99;1044.1;2.442;100
2026-07-18;08:44:12.015;31.61;50.52868605;18.09729431;11;36.01;21.69;780.8;36.3;61.4;311.8;9.93;1911;5.140;33.0;33.5;31.4;84.9;44.9949;33.07;21.77;1035.2;2.500;102
2026-07-18;08:44:12.222;30.84;50.52867750;18.09731447;12;35.80;20.89;748.0;36.3;61.3;312.4;9.04;1873;5.244;32.9;33.6;31.4;84.9;44.9948;33.23;21.53;1036.8;2.557;104
2026-07-18;08:44:12.418;30.26;50.52866910;18.09733425;11;35.72;20.62;736.4;36.5;61.7;311.8;9.74;1910;5.350;33.1;33.4;31.2;84.9;44.9946;33.57;20.86;1044.7;2.615;105
2026-07-18;08:44:12.635;30.03;50.52866078;18.09735388;11;35.62;20.85;742.6;36.1;61.6;311.3;10.00;1888;5.455;33.0;33.4;31.1;84.9;44.9945;33.81;21.01;1066.6;2.675;107
2026-07-18;08:44:12.816;28.98;50.52865274;18.09737283;10;35.60;20.51;730.1;36.0;61.6;311.9;9.53;1874;5.559;33.1;33.4;31.1;84.9;44.9944;33.76;21.03;1076.9;2.734;109
2026-07-18;08:44:13.033;27.93;50.52864499;18.09739109;10;35.64;21.27;758.0;35.8;61.5;311.8;10.53;1899;5.665;33.3;33.2;30.9;84.9;44.9943;33.60;21.85;1067.7;2.794;110
2026-07-18;08:44:13.218;27.43;50.52863739;18.09740902;9;35.91;20.67;742.2;35.6;61.2;311.4;10.15;1933;5.772;33.2;33.0;31.0;84.9;44.9942;33.24;21.42;1062.4;2.853;112
2026-07-18;08:44:13.441;27.43;50.52862978;18.09742695;9;36.16;20.75;750.1;35.5;60.7;311.9;9.51;1964;5.881;33.1;33.2;31.0;84.9;44.9941;33.06;21.30;1082.6;2.913;113
2026-07-18;08:44:13.659;27.34;50.52862220;18.09744482;9;35.97;21.49;772.8;35.8;61.2;312.3;9.31;1965;5.990;33.3;33.1;30.9;84.9;44.9940;33.23;21.67;1102.1;2.974;115
2026-07-18;08:44:13.821;26.71;50.52860920;18.09745186;9;36.16;21.99;795.2;35.8;60.7;312.9;8.51;1995;6.101;33.3;33.3;30.9;84.9;44.9939;33.21;21.16;1122.1;3.036;116
2026-07-18;08:44:14.023;26.81;50.52859589;18.09745416;10;36.04;22.67;816.9;35.9;61.1;313.2;8.32;1972;6.211;33.2;33.5;31.1;84.9;44.9938;32.87;21.56;1109.1;3.098;118
2026-07-18;08:44:14.230;26.48;50.52858274;18.09745642;9;35.78;22.66;810.9;36.1;61.2;312.8;8.64;1992;6.322;33.2;33.4;31.0;84.9;44.9937;32.86;21.52;1108.9;3.160;119
2026-07-18;08:44:14.435;25.66;50.52856999;18.09745862;10;35.60;22.77;810.4;36.1;61.9;312.4;7.57;2028;6.434;33.4;33.5;30.9;84.9;44.9936;33.25;21.82;1103.2;3.221;121
2026-07-18;08:44:14.644;25.34;50.52855741;18.09746079;11;35.82;22.79;816.4;36.5;61.5;312.4;7.53;2067;6.549;33.5;33.6;31.1;84.9;44.9935;33.53;21.64;1119.3;3.283;122
2026-07-18;08:44:14.821;24.64;50.52854517;18.09746290;11;35.90;22.36;803.0;36.5;62.1;311.9;6.56;2045;6.663;33.6;33.7;31.1;84.9;44.9933;33.27;21.86;1127.4;3.346;123
2026-07-18;08:44:15.043;24.39;50.52853306;18.09746499;11;35.86;21.76;780.3;36.3;61.9;311.9;6.07;2073;6.778;33.9;33.7;30.9;84.9;44.9932;33.06;21.15;1104.8;3.407;125
2026-07-18;08:44:15.223;24.68;50.52852080;18.09746710;12;36.07;21.89;789.6;36.1;62.1;312.5;6.00;2057;6.892;33.6;33.9;31.0;84.9;44.9931;32.87;22.04;1083.1;3.467;126
2026-07-18;08:44:15.446;24.13;50.52850881;18.09746917;12;35.82;22.59;809.3;36.4;62.0;312.1;6.51;2027;7.005;33.5;33.8;31.1;84.9;44.9930;33.02;21.30;1094.3;3.528;128
2026-07-18;08:44:15.661;24.20;50.52849680;18.09747124;12;35.59;22.10;786.7;36.2;62.1;312.0;6.00;2043;7.118;33.7;33.6;30.9;84.9;44.9929;33.24;21.10;1119.1;3.590;129
2026-07-18;08:44:15.822;24.20;50.52848478;18.09747331;11;35.71;21.33;761.8;36.1;61.7;312.2;6.22;2009;7.230;33.6;33.5;31.1;84.9;44.9928;33.16;20.54;1135.4;3.653;130
2026-07-18;08:44:16.026;23.65;50.52847303;18.09747534;10;35.94;21.54;774.3;36.1;62.2;312.1;6.96;2022;7.342;33.4;33.3;31.2;84.9;44.9927;32.80;19.70;1120.8;3.716;132
2026-07-18;08:44:16.237;23.44;50.52846139;18.09747735;10;36.23;20.83;754.7;35.8;62.5;311.8;6.32;1986;7.452;33.7;33.6;31.0;84.9;44.9925;33.19;18.87;1120.6;3.778;133
2026-07-18;08:44:16.423;23.76;50.52844959;18.09747938;11;36.12;21.41;773.3;36.0;62.9;312.0;6.30;2016;7.564;33.5;33.7;31.1;84.9;44.9924;33.10;18.01;1100.0;3.839;134
2026-07-18;08:44:16.643;23.30;50.52843802;18.09748138;11;35.89;21.35;766.5;35.9;62.9;311.7;6.00;2007;7.676;33.3;33.8;31.1;84.9;44.9923;33.09;18.07;1090.0;3.900;135
2026-07-18;08:44:16.829;23.53;50.52842633;18.09748339;12;36.09;20.78;750.2;36.0;62.8;311.8;6.39;1969;7.785;33.3;33.6;31.3;84.9;44.9922;33.45;18.25;1081.4;3.960;137
2026-07-18;08:44:17.073;23.10;50.52841486;18.09748537;11;36.29;20.83;755.8;35.7;62.5;312.1;7.15;1935;7.893;33.4;33.5;31.1;84.9;44.9921;33.73;17.61;1076.0;4.019;138
2026-07-18;08:44:17.287;23.48;50.52840319;18.09748738;10;36.39;20.46;744.7;35.4;62.0;311.5;6.83;1920;7.999;33.2;33.3;31.1;84.9;44.9920;33.75;18.05;1074.9;4.079;139
2026-07-18;08:44:17.429;23.68;50.52839143;18.09748941;10;36.39;20.09;731.0;35.2;62.6;312.2;7.38;1926;8.106;33.1;33.0;31.3;84.9;44.9919;33.64;17.31;1098.1;4.140;141
2026-07-18;08:44:17.627;23.26;50.52837988;18.09749140;10;36.52;20.68;755.1;35.0;62.0;312.9;7.46;1948;8.215;33.3;33.3;31.5;84.9;44.9918;33.57;16.75;1093.9;4.201;142
2026-07-18;08:44:17.840;23.35;50.52836828;18.09749340;9;36.63;20.71;758.8;34.8;62.0;312.2;8.05;1983;8.325;33.3;33.3;31.3;84.9;44.9917;33.86;17.35;1078.0;4.261;143
2026-07-18;08:44:18.027;22.84;50.52835694;18.09749536;9;36.58;20.34;743.8;34.8;61.5;312.3;8.58;1950;8.433;33.3;33.2;31.1;84.9;44.9916;33.82;17.51;1054.9;4.319;145
2026-07-18;08:44:18.245;22.64;50.52834570;18.09749729;10;36.79;21.11;776.6;34.7;61.0;311.8;9.35;1923;8.540;33.4;33.4;31.3;84.9;44.9915;33.74;17.74;1066.2;4.379;146
2026-07-18;08:44:18.431;22.72;50.52833441;18.09749924;9;36.79;20.92;769.7;34.5;60.6;311.6;9.42;1910;8.646;33.6;33.2;31.5;84.9;44.9914;33.93;17.67;1077.4;4.438;147
2026-07-18;08:44:18.629;22.66;50.52832292;18.09749221;9;36.98;20.91;773.4;34.3;60.8;311.5;10.05;1914;8.752;33.6;33.3;31.4;84.9;44.9912;33.66;18.55;1060.4;4.497;148
2026-07-18;08:44:18.840;22.69;50.52831363;18.09748199;9;37.13;20.54;762.6;34.5;61.3;311.7;9.60;1876;8.857;33.4;33.5;31.5;84.9;44.9911;33.92;18.20;1077.1;4.557;150
2026-07-18;08:44:19.032;22.28;50.52830451;18.09747196;8;36.99;19.92;736.8;34.5;60.8;311.7;9.73;1908;8.963;33.6;33.4;31.3;84.9;44.9910;33.66;18.50;1079.0;4.617;151
2026-07-18;08:44:19.238;22.01;50.52829550;18.09746205;8;37.11;19.64;728.7;34.2;60.9;311.2;8.64;1940;9.070;33.7;33.2;31.5;84.9;44.9909;33.46;19.06;1089.4;4.678;152
2026-07-18;08:44:19.431;21.76;50.52828659;18.09745225;8;37.36;19.51;728.7;33.8;61.4;311.2;9.67;1976;9.180;33.8;33.2;31.5;84.9;44.9908;33.52;18.70;1107.5;4.739;153
2026-07-18;08:44:19.636;21.65;50.52827772;18.09744249;8;37.12;19.23;714.0;33.5;61.2;310.6;8.65;1987;9.291;33.8;33.4;31.4;84.9;44.9907;33.22;19.47;1120.7;4.801;154
2026-07-18;08:44:19.829;21.82;50.52826879;18.09743267;8;36.87;19.08;703.5;33.5;60.6;310.7;8.54;2027;9.403;33.6;33.4;31.5;84.9;44.9906;33.41;20.06;1106.8;4.863;156
2026-07-18;08:44:20.037;22.08;50.52825975;18.09742272;8;36.91;19.11;705.3;33.4;60.9;311.3;8.64;2042;9.517;33.5;33.6;31.3;84.9;44.9905;33.46;20.91;1120.7;4.925;157
2026-07-18;08:44:20.231;22.47;50.52825055;18.09741261;8;36.92;19.55;721.9;33.7;60.8;310.9;8.62;2034;9.630;33.5;33.3;31.3;84.9;44.9904;33.15;21.77;1128.2;4.988;158
2026-07-18;08:44:20.439;22.31;50.52824141;18.09740256;8;36.65;19.96;731.6;33.6;61.1;311.4;9.24;2037;9.743;33.6;33.3;31.3;84.9;44.9903;32.79;21.27;1110.8;5.050;159
2026-07-18;08:44:20.648;22.84;50.52823206;18.09739227;9;36.49;19.90;726.2;33.5;60.5;311.5;9.34;2076;9.858;33.6;33.4;31.2;84.9;44.9901;32.41;21.94;1131.0;5.112;161
2026-07-18;08:44:20.833;23.03;50.52822264;18.09738190;8;36.75;20.39;749.4;33.5;60.3;311.5;10.14;2071;9.973;33.9;33.1;31.2;84.9;44.9900;32.42;21.04;1107.6;5.174;162
2026-07-18;08:44:21.033;23.21;50.52821313;18.09737144;8;36.94;20.11;742.8;33.2;60.2;311.4;10.30;2043;10.087;33.8;33.2;31.1;84.9;44.9899;32.78;21.62;1107.9;5.236;163
2026-07-18;08:44:21.241;22.94;50.52820374;18.09736111;8;36.68;20.48;751.4;33.5;60.2;311.7;10.71;2056;10.201;33.6;33.3;31.3;84.9;44.9898;32.93;22.25;1103.9;5.297;165
2026-07-18;08:44:21.434;23.04;50.52819430;18.09735073;9;36.85;19.78;728.9;33.8;60.3;312.4;11.81;2058;10.315;33.5;33.5;31.1;84.9;44.9897;32.96;21.55;1104.5;5.358;166
2026-07-18;08:44:21.646;22.71;50.52818500;18.09734050;10;37.00;19.48;720.8;33.5;60.9;312.2;12.47;2088;10.431;33.6;33.3;30.9;84.9;44.9896;32.79;21.11;1103.2;5.419;167
2026-07-18;08:44:21.835;22.37;50.52817584;18.09733043;11;36.79;18.83;692.5;33.6;60.6;311.7;12.66;2064;10.546;33.5;33.5;31.0;84.9;44.9895;33.10;20.95;1117.9;5.482;168
2026-07-18;08:44:22.043;22.91;50.52816646;18.09732011;11;36.93;18.19;671.6;33.5;60.7;312.3;13.50;2102;10.663;33.3;33.4;31.2;84.9;44.9893;33.45;21.64;1108.4;5.543;170
2026-07-18;08:44:22.286;22.54;50.52815723;18.09730996;12;37.01;18.00;666.1;33.5;60.2;312.1;12.51;2117;10.780;33.1;33.4;31.2;84.9;44.9892;33.66;20.96;1086.8;5.604;171
2026-07-18;08:44:22.504;22.15;50.52814816;18.09729998;12;37.23;18.00;670.2;33.7;59.8;311.8;12.46;2088;10.896;32.9;33.5;31.2;84.9;44.9891;33.33;21.14;1095.7;5.664;172
2026-07-18;08:44:22.635;22.08;50.52813913;18.09729004;12;37.53;18.00;675.6;33.9;60.2;311.9;13.52;2109;11.014;32.9;33.7;31.3;84.9;44.9890;33.14;21.98;1111.3;5.726;173
2026-07-18;08:44:22.835;22.24;50.52813002;18.09728002;11;37.74;18.00;679.3;33.6;59.6;311.4;12.60;2070;11.129;33.1;33.8;31.5;84.9;44.9889;32.85;21.62;1134.2;5.789;175
2026-07-18;08:44:23.068;21.85;50.52812107;18.09727018;12;37.75;18.00;679.4;33.8;59.6;311.8;12.29;2084;11.244;33.0;33.6;31.3;84.9;44.9888;32.71;20.99;1125.1;5.852;176
2026-07-18;08:44:23.237;22.46;50.52811188;18.09726006;13;38.04;18.00;684.7;34.1;59.0;311.5;13.25;2094;11.361;32.8;33.3;31.2;84.9;44.9886;33.00;21.18;1106.6;5.913;177
2026-07-18;08:44:23.439;22.79;50.52810254;18.09724980;14;37.81;18.31;692.4;34.3;58.9;312.0;12.09;2070;11.476;32.8;33.1;31.2;84.9;44.9885;33.22;20.39;1123.5;5.976;178
2026-07-18;08:44:23.650;23.19;50.52809305;18.09723935;14;37.75;18.00;679.6;34.3;58.6;312.0;10.93;2078;11.591;32.7;32.9;31.0;84.9;44.9884;33.47;19.96;1119.8;6.038;180
2026-07-18;08:44:23.839;22.96;50.52808364;18.09722901;13;37.97;18.00;683.5;34.5;58.6;312.4;10.22;2081;11.707;32.8;33.0;31.2;84.9;44.9883;33.19;19.65;1141.1;6.101;181
2026-07-18;08:44:24.048;23.13;50.52807418;18.09721859;14;37.83;18.25;690.3;34.4;58.0;312.3;11.14;2089;11.823;32.7;33.1;30.9;84.9;44.9882;33.02;19.45;1162.7;6.166;182
2026-07-18;08:44:24.239;23.32;50.52806462;18.09720809;14;37.79;18.74;708.3;34.5;57.4;311.9;11.58;2055;11.937;32.6;33.3;31.1;84.9;44.9881;33.18;18.67;1154.9;6.230;183
2026-07-18;08:44:24.449;23.19;50.52805513;18.09719764;15;38.02;18.63;708.3;34.4;57.9;311.9;11.31;2051;12.051;32.5;33.4;31.1;84.9;44.9879;32.84;18.13;1162.7;6.295;185
2026-07-18;08:44:24.642;23.18;50.52804564;18.09718720;16;37.96;18.75;711.8;34.5;58.5;311.9;10.42;2034;12.164;32.7;33.5;31.0;84.9;44.9878;33.04;17.50;1138.2;6.358;186
2026-07-18;08:44:24.850;23.02;50.52803621;18.09717683;15;38.15;18.76;715.6;34.8;58.1;311.5;10.28;2023;12.276;32.9;33.3;31.0;84.9;44.9877;32.70;16.80;1121.4;6.420;187
2026-07-18;08:44:25.042;23.27;50.52802989;18.09716812;16;38.01;18.97;720.9;35.2;58.2;311.5;10.75;2011;12.388;32.9;33.4;30.8;84.9;44.9876;32.93;17.22;1133.8;6.483;189
2026-07-18;08:44:25.242;24.49;50.52802876;18.09714896;17;38.13;18.78;716.1;34.9;58.4;310.9;10.71;2003;12.499;32.7;33.6;30.9;84.9;44.9875;32.78;16.36;1109.8;6.545;190
2026-07-18;08:44:25.455;25.29;50.52802760;18.09712917;18;38.31;18.20;697.2;34.7;58.6;310.3;11.08;2018;12.611;32.6;33.6;30.8;84.9;44.9874;32.67;15.94;1094.0;6.605;191
2026-07-18;08:44:25.642;27.49;50.52802633;18.09710766;19;38.22;18.00;688.0;34.4;58.5;309.7;12.19;2044;12.725;32.7;33.6;31.0;84.9;44.9873;32.28;15.65;1100.9;6.667;193
2026-07-18;08:44:25.850;28.21;50.52802503;18.09708558;19;38.24;18.00;688.3;34.7;58.4;309.4;13.02;2042;12.838;32.6;33.8;31.1;84.9;44.9872;32.37;15.87;1101.3;6.728;194
2026-07-18;08:44:26.043;29.04;50.52802370;18.09706285;19;38.13;18.00;686.4;35.1;58.9;310.0;13.54;2027;12.951;32.7;33.6;30.9;84.9;44.9870;32.43;16.16;1099.0;6.789;196
2026-07-18;08:44:26.252;30.24;50.52802230;18.09703918;18;38.13;18.43;702.6;35.3;59.4;310.0;12.92;2040;13.064;32.5;33.5;30.9;84.9;44.9869;32.17;16.93;1086.5;6.849;198
2026-07-18;08:44:26.443;30.84;50.52802089;18.09701505;18;37.94;18.76;711.7;35.3;58.9;310.4;13.01;2037;13.178;32.5;33.6;30.9;84.9;44.9868;32.30;16.25;1091.3;6.910;199
2026-07-18;08:44:26.652;32.17;50.52802000;18.09698094;19;37.88;18.84;713.6;35.4;59.2;310.9;14.05;2046;13.291;32.3;33.4;31.0;84.9;44.9867;32.29;16.01;1099.9;6.971;201
2026-07-18;08:44:26.842;32.88;50.52802000;18.09695510;18;37.63;19.45;732.0;35.4;59.0;310.9;13.50;2082;13.407;32.4;33.2;31.1;84.9;44.9866;32.38;15.37;1089.5;7.031;203
2026-07-18;08:44:27.060;33.03;50.52802000;18.09692914;19;37.45;19.13;716.3;35.7;59.7;310.8;14.43;2071;13.522;32.3;33.2;30.9;84.9;44.9865;32.07;16.27;1084.6;7.092;205
2026-07-18;08:44:27.276;33.16;50.52802000;18.09690308;18;37.15;18.99;705.5;35.5;60.3;310.6;14.61;2036;13.635;32.4;33.3;31.0;84.9;44.9864;32.13;16.86;1104.1;7.153;207
2026-07-18;08:44:27.446;33.33;50.52802000;18.09687688;18;37.03;19.26;713.2;35.5;59.8;311.2;14.33;2046;13.749;32.3;33.1;30.8;84.9;44.9863;31.96;16.94;1111.9;7.215;209
2026-07-18;08:44:27.646;33.59;50.52802000;18.09685048;18;37.20;18.94;704.6;35.4;59.2;310.9;14.47;2083;13.865;32.5;33.2;30.7;84.9;44.9861;31.85;16.86;1091.6;7.276;210
2026-07-18;08:44:27.853;33.78;50.52802000;18.09682393;19;37.31;19.51;728.1;35.5;59.9;311.5;15.59;2117;13.982;32.4;33.2;30.6;84.9;44.9860;31.94;16.68;1073.5;7.335;212
2026-07-18;08:44:28.047;33.89;50.52802000;18.09679730;20;37.48;20.00;749.5;35.7;59.5;311.1;16.67;2131;14.101;32.5;33.0;30.5;84.9;44.9859;31.58;17.20;1089.0;7.396;214
2026-07-18;08:44:28.253;35.30;50.52802000;18.09676955;20;37.70;19.44;732.8;35.4;60.0;311.5;15.68;2169;14.221;32.4;33.1;30.6;84.9;44.9858;31.84;17.72;1085.2;7.456;216
2026-07-18;08:44:28.445;36.57;50.52802000;18.09674081;21;37.41;20.06;750.3;35.0;59.4;312.1;16.75;2142;14.340;32.2;33.4;30.7;84.9;44.9857;31.85;17.84;1105.8;7.517;218
2026-07-18;08:44:28.652;36.87;50.52802000;18.09671183;20;37.46;19.27;722.0;35.2;58.7;312.4;15.96;2120;14.458;32.5;33.4;30.9;84.9;44.9855;31.93;17.70;1114.1;7.579;220
2026-07-18;08:44:28.849;37.39;50.52802000;18.09668245;21;37.53;18.65;699.9;35.2;59.3;312.2;15.76;2133;14.576;32.3;33.5;31.0;84.9;44.9854;32.23;18.51;1103.9;7.641;222
2026-07-18;08:44:29.056;37.23;50.52801916;18.09665319;20;37.63;18.04;678.8;35.4;59.3;312.5;14.84;2141;14.695;32.3;33.5;31.0;84.9;44.9853;32.09;18.45;1123.7;7.703;224
2026-07-18;08:44:29.249;37.01;50.52801825;18.09662414;21;37.66;18.39;692.6;35.3;59.5;312.0;14.00;2126;14.813;32.2;33.3;31.1;84.9;44.9852;31.96;19.25;1101.3;7.764;226
2026-07-18;08:44:29.456;36.60;50.52801736;18.09659541;21;37.75;18.00;679.4;35.5;59.6;312.5;13.24;2087;14.929;32.4;33.5;31.0;84.9;44.9851;32.05;19.79;1108.2;7.826;228
2026-07-18;08:44:29.651;37.13;50.52801645;18.09656626;21;37.75;18.36;693.0;35.3;59.4;312.6;12.62;2058;15.044;32.1;33.3;30.9;84.8;44.9850;32.07;19.12;1089.6;7.886;230
2026-07-18;08:44:29.857;38.11;50.52801551;18.09653635;21;38.00;18.96;720.4;35.3;58.8;313.1;12.43;2023;15.156;32.3;33.4;30.9;84.8;44.9848;31.94;18.84;1104.1;7.948;233
2026-07-18;08:44:30.053;38.56;50.52801456;18.09650607;20;38.09;19.47;741.5;35.1;58.4;313.0;11.69;2041;15.269;32.4;33.2;30.6;84.8;44.9847;31.90;18.21;1104.8;8.009;235
2026-07-18;08:44:30.258;38.82;50.52801361;18.09647560;19;38.16;20.14;768.7;35.0;58.1;313.6;11.72;2028;15.382;32.4;33.1;30.7;84.8;44.9846;31.77;17.63;1093.9;8.070;237
2026-07-18;08:44:30.449;38.46;50.52801267;18.09644541;18;38.28;19.70;754.3;34.8;58.5;313.3;11.10;2054;15.496;32.5;33.2;30.8;84.8;44.9845;31.82;16.94;1090.1;8.130;239
2026-07-18;08:44:30.665;38.25;50.52801173;18.09641538;17;38.53;19.03;733.2;35.1;58.8;312.8;10.72;2069;15.611;32.6;33.3;31.0;84.8;44.9844;31.51;17.12;1069.0;8.190;241
2026-07-18;08:44:30.852;37.80;50.52801080;18.09638571;18;38.33;19.04;729.8;35.2;59.3;313.5;10.20;2080;15.727;32.4;33.5;30.7;84.8;44.9843;31.43;16.85;1088.3;8.250;243
2026-07-18;08:44:31.144;37.53;50.52801000;18.09635625;18;38.47;18.58;714.9;35.5;58.7;313.9;10.53;2104;15.844;32.5;33.5;30.8;84.8;44.9842;31.63;16.98;1086.1;8.311;245
2026-07-18;08:44:31.281;37.32;50.52801000;18.09632691;17;38.65;18.24;705.0;35.8;58.3;313.8;10.57;2081;15.959;32.5;33.4;30.9;84.8;44.9840;31.84;17.20;1083.9;8.371;247
2026-07-18;08:44:31.452;36.85;50.52801000;18.09629795;16;38.77;18.67;724.0;36.1;58.5;314.2;9.46;2089;16.075;32.5;33.3;31.0;84.8;44.9839;31.56;16.35;1069.2;8.430;249
2026-07-18;08:44:31.654;37.62;50.52801000;18.09626839;15;38.69;18.21;704.5;35.8;58.8;314.6;8.86;2076;16.190;32.7;33.1;30.8;84.8;44.9838;31.53;15.76;1082.5;8.490;252
2026-07-18;08:44:31.865;37.48;50.52801000;18.09623893;14;38.71;18.26;706.9;35.9;58.6;314.5;8.19;2070;16.306;32.9;33.1;31.0;84.8;44.9837;31.64;16.57;1071.1;8.550;254
2026-07-18;08:44:32.056;37.30;50.52801000;18.09620961;14;38.69;18.33;709.3;35.7;58.7;314.5;9.19;2041;16.419;32.8;33.1;30.9;84.8;44.9836;31.29;17.06;1050.8;8.608;256
2026-07-18;08:44:32.266;37.17;50.52801000;18.09618039;13;38.40;18.31;703.2;36.0;58.0;315.2;10.23;2023;16.531;32.9;33.2;31.1;84.8;44.9835;31.35;17.52;1035.9;8.666;258
2026-07-18;08:44:32.456;38.06;50.52801000;18.09615049;12;38.66;18.09;699.2;35.9;58.0;315.3;9.74;2001;16.643;33.1;33.0;31.2;84.8;44.9834;31.50;17.71;1046.7;8.724;260
2026-07-18;08:44:32.664;38.21;50.52801000;18.09612046;13;38.88;18.39;714.9;35.5;58.0;315.0;8.72;2031;16.755;33.1;32.8;31.3;84.8;44.9832;31.90;18.14;1037.2;8.781;262
2026-07-18;08:44:32.856;38.39;50.52801000;18.09609028;12;38.75;18.61;721.2;35.3;58.7;315.4;8.77;2022;16.868;33.3;32.8;31.0;84.8;44.9831;31.77;17.91;1024.6;8.838;264
2026-07-18;08:44:33.063;39.29;50.52801000;18.09605940;12;38.71;18.91;732.0;35.2;58.0;314.8;7.93;2054;16.982;33.4;32.6;31.2;84.8;44.9830;31.45;17.76;1014.0;8.895;266
2026-07-18;08:44:33.255;39.47;50.52801036;18.09602838;12;38.71;18.32;709.3;35.0;58.1;314.5;7.17;2037;17.095;33.3;32.5;31.3;84.8;44.9829;31.39;17.55;1016.9;8.951;269
2026-07-18;08:44:33.465;40.31;50.52801135;18.09599674;13;38.68;19.06;737.3;35.3;58.2;314.7;6.00;2039;17.208;33.6;32.5;31.3;84.8;44.9828;31.31;17.63;1001.8;9.007;271
2026-07-18;08:44:33.657;40.90;50.52801236;18.09596463;12;38.97;18.40;716.8;35.0;58.8;315.3;6.94;2039;17.321;33.7;32.4;31.5;84.8;44.9827;31.13;17.65;1001.0;9.063;273
2026-07-18;08:44:33.873;41.10;50.52801336;18.09593236;11;38.73;18.00;697.1;35.3;58.3;314.9;6.84;2043;17.435;33.6;32.4;31.5;84.8;44.9826;30.86;18.20;984.2;9.117;275
2026-07-18;08:44:34.089;40.29;50.52801435;18.09590073;11;38.74;18.00;697.3;35.5;58.5;315.1;6.18;2051;17.549;33.8;32.6;31.5;84.8;44.9825;30.83;17.74;989.6;9.172;278
2026-07-18;08:44:34.256;39.73;50.52801533;18.09586955;11;38.62;18.49;713.9;35.3;58.5;315.1;6.00;2053;17.663;33.7;32.6;31.4;84.8;44.9823;30.75;17.12;1010.7;9.228;280
2026-07-18;08:44:34.458;40.09;50.52801631;18.09583808;11;38.71;19.23;744.5;35.0;58.7;315.8;7.09;2019;17.775;33.4;32.3;31.4;84.8;44.9822;30.55;17.24;1032.4;9.286;282
2026-07-18;08:44:34.664;40.33;50.52801730;18.09580642;10;38.56;19.39;747.5;34.9;58.2;315.5;6.65;2041;17.889;33.7;32.3;31.5;84.8;44.9821;30.77;18.14;1029.3;9.343;284
2026-07-18;08:44:34.859;39.53;50.52801827;18.09577539;10;38.44;20.02;769.5;34.9;57.6;315.6;7.15;2017;18.001;33.5;32.1;31.3;84.8;44.9820;30.43;18.95;1020.2;9.400;286
2026-07-18;08:44:35.071;40.07;50.52801925;18.09574393;11;38.68;20.34;786.6;34.8;57.8;316.1;8.20;2016;18.113;33.3;31.9;31.1;84.8;44.9819;30.33;19.56;1005.3;9.455;289
2026-07-18;08:44:35.259;40.68;50.52802025;18.09571200;11;38.98;20.56;801.3;34.5;57.8;316.1;7.16;1989;18.223;33.4;31.8;31.1;84.8;44.9818;30.54;19.91;1017.4;9.512;291
2026-07-18;08:44:35.466;40.68;50.52802125;18.09568006;12;39.14;19.79;774.6;34.5;58.0;316.1;7.41;1982;18.333;33.1;31.7;31.3;84.8;44.9817;30.16;20.26;1007.3;9.568;293
2026-07-18;08:44:35.662;40.91;50.52802225;18.09564795;13;39.06;19.98;780.5;34.6;58.3;316.8;6.57;1984;18.443;33.2;31.8;31.3;84.8;44.9816;29.93;20.74;1029.9;9.625;295
2026-07-18;08:44:35.868;41.21;50.52802326;18.09561560;13;39.30;19.27;757.4;34.6;58.3;317.1;7.33;1964;18.553;33.1;31.8;31.3;84.8;44.9814;29.55;20.92;1019.2;9.682;298
2026-07-18;08:44:36.061;40.43;50.52802425;18.09558386;12;39.27;19.43;762.8;34.9;57.8;317.0;7.52;1942;18.660;32.9;31.8;31.2;84.8;44.9813;29.70;21.72;1011.6;9.738;300
2026-07-18;08:44:36.267;40.59;50.52802525;18.09555200;11;39.53;19.59;774.5;35.1;58.3;317.1;8.29;1944;18.768;32.8;31.7;31.4;84.8;44.9812;29.63;20.91;989.5;9.793;302
2026-07-18;08:44:36.462;39.84;50.52802623;18.09552073;12;39.26;19.99;785.0;35.3;58.9;316.4;9.22;1909;18.874;32.7;31.5;31.7;84.8;44.9811;29.86;21.14;982.1;9.847;304
2026-07-18;08:44:36.669;39.94;50.52802721;18.09548937;12;39.46;19.43;766.7;35.4;59.1;316.5;9.45;1914;18.981;32.6;31.6;31.5;84.8;44.9810;29.93;21.50;994.7;9.903;307
2026-07-18;08:44:36.863;40.69;50.52802821;18.09545743;12;39.24;18.84;739.4;35.5;58.9;316.7;9.90;1885;19.086;32.7;31.3;31.6;84.8;44.9809;29.81;21.35;1018.0;9.959;309
2026-07-18;08:44:37.073;40.83;50.52802921;18.09542538;13;39.04;18.19;710.2;35.8;58.3;317.4;9.18;1857;19.189;32.9;31.5;31.5;84.8;44.9808;29.65;21.19;1007.8;10.015;311
2026-07-18;08:44:37.267;40.98;50.52803000;18.09539321;13;38.99;18.00;701.9;36.0;58.7;317.4;9.47;1845;19.291;33.0;31.4;31.6;84.8;44.9807;29.44;21.82;1026.0;10.072;313
2026-07-18;08:44:37.469;41.03;50.52803000;18.09536097;12;38.98;18.26;711.6;35.9;58.5;316.9;8.49;1843;19.394;33.2;31.2;31.8;84.8;44.9806;29.25;22.25;1026.1;10.129;316
2026-07-18;08:44:37.665;41.03;50.52803000;18.09532872;12;38.99;18.37;716.1;35.7;58.1;317.2;7.76;1850;19.496;33.1;31.4;31.8;84.8;44.9805;29.22;22.39;1003.6;10.185;318
2026-07-18;08:44:37.873;41.24;50.52803000;18.09529631;11;38.89;18.61;723.9;35.9;58.5;316.5;8.56;1822;19.598;33.1;31.4;31.6;84.8;44.9804;29.00;22.54;1012.5;10.241;320
2026-07-18;08:44:38.065;41.43;50.52803000;18.09526375;12;38.61;18.70;722.1;36.1;58.9;316.2;8.37;1817;19.699;32.9;31.2;31.7;84.8;44.9803;29.28;22.38;993.6;10.296;323
2026-07-18;08:44:38.267;41.11;50.52803000;18.09523144;12;38.34;18.59;712.8;36.0;58.8;316.7;9.35;1834;19.801;32.8;31.5;31.6;84.8;44.9802;29.46;23.20;983.2;10.351;325
2026-07-18;08:44:38.482;41.49;50.52803000;18.09519883;11;38.19;18.00;687.5;36.3;58.1;316.4;8.25;1829;19.902;33.0;31.7;31.5;84.8;44.9801;29.55;22.49;975.9;10.405;327
2026-07-18;08:44:38.698;40.81;50.52803000;18.09516676;11;38.47;18.00;692.4;36.4;58.4;316.5;8.96;1807;20.003;33.3;31.8;31.6;84.8;44.9800;29.64;23.12;999.7;10.461;329
2026-07-18;08:44:38.886;40.00;50.52803000;18.09513533;11;38.20;18.40;703.2;36.5;57.7;316.3;8.15;1776;20.101;33.1;31.9;31.6;84.8;44.9799;29.55;22.52;999.7;10.516;332
2026-07-18;08:44:39.069;39.78;50.52803000;18.09510406;10;38.26;18.00;688.6;36.5;58.0;316.1;7.71;1792;20.201;33.1;31.6;31.5;84.8;44.9798;29.34;21.74;979.2;10.571;334
2026-07-18;08:44:39.285;40.53;50.52803024;18.09507245;10;38.50;18.00;693.0;36.2;57.5;316.3;7.26;1766;20.299;33.1;31.8;31.3;84.8;44.9797;29.66;21.40;986.8;10.626;336
2026-07-18;08:44:39.470;41.02;50.52803128;18.09504026;10;38.40;18.00;691.1;36.4;57.8;316.0;6.37;1767;20.397;33.3;31.8;31.1;84.8;44.9796;29.67;20.92;987.9;10.680;338
2026-07-18;08:44:39.685;40.89;50.52803232;18.09500816;11;38.59;18.03;695.8;36.7;57.5;316.6;6.00;1745;20.494;33.2;32.0;31.2;84.8;44.9795;29.59;20.56;1011.3;10.737;341
2026-07-18;08:44:39.869;40.39;50.52803334;18.09497646;10;38.85;18.00;699.2;36.7;57.8;317.2;6.00;1707;20.589;33.4;31.8;31.3;84.8;44.9794;29.57;20.71;1002.9;10.792;343
2026-07-18;08:44:40.087;40.87;50.52803437;18.09494438;9;39.06;18.00;703.1;36.5;57.9;317.9;6.00;1731;20.685;33.2;31.7;31.2;84.8;44.9793;29.69;21.60;1012.6;10.849;345
2026-07-18;08:44:40.269;41.32;50.52803542;18.09491195;8;38.78;18.00;698.1;36.2;58.3;318.6;6.00;1769;20.783;33.2;31.7;31.0;84.8;44.9792;29.79;20.92;1005.2;10.904;348
2026-07-18;08:44:40.495;41.93;50.52803648;18.09487904;8;38.53;18.48;712.0;36.1;57.7;318.2;6.30;1752;20.880;33.0;31.7;31.0;84.8;44.9791;29.69;20.21;1016.7;10.961;350
2026-07-18;08:44:40.715;41.32;50.52803753;18.09484661;9;38.50;18.15;699.0;35.9;58.0;317.9;6.00;1765;20.979;32.9;31.7;30.9;84.8;44.9790;29.75;20.71;993.0;11.016;352
2026-07-18;08:44:40.876;41.37;50.52803858;18.09481413;10;38.28;18.00;689.1;36.0;57.3;317.4;6.00;1750;21.076;33.0;31.5;30.8;84.8;44.9789;29.60;20.36;1011.6;11.072;354
2026-07-18;08:44:41.071;41.58;50.52803963;18.09478150;9;38.10;18.54;706.4;35.8;57.7;317.9;6.00;1779;21.175;32.9;31.7;30.6;84.8;44.9788;29.24;19.77;1032.3;11.130;357
2026-07-18;08:44:41.291;41.30;50.52804000;18.09475110;9;38.03;18.80;714.8;36.1;57.7;318.6;7.20;1761;21.272;32.9;31.8;30.5;84.8;44.9787;29.06;20.32;1023.8;11.187;359
2026-07-18;08:44:41.509;40.85;50.52804000;18.09471900;8;38.23;19.39;741.4;36.3;58.3;317.9;7.16;1757;21.370;32.7;31.9;30.4;84.8;44.9786;29.14;20.98;1029.2;11.244;361
2026-07-18;08:44:41.672;40.39;50.52804000;18.09468725;9;38.35;19.06;731.0;36.7;58.7;317.7;6.33;1750;21.467;32.7;32.2;30.3;84.8;44.9785;29.28;20.18;1023.9;11.301;364
2026-07-18;08:44:41.873;40.06;50.52804000;18.09465576;10;38.63;19.04;735.6;37.0;59.2;317.2;6.99;1774;21.566;32.7;32.1;30.4;84.8;44.9784;29.30;20.20;1006.6;11.357;366
2026-07-18;08:44:42.081;39.55;50.52804000;18.09462468;11;38.36;19.10;732.8;37.4;59.2;317.4;8.15;1763;21.664;32.7;32.0;30.2;84.8;44.9783;29.03;20.46;1016.9;11.413;368
2026-07-18;08:44:42.273;40.19;50.52804000;18.09459309;11;38.33;18.68;715.9;37.0;59.3;317.4;7.73;1731;21.760;32.8;31.9;30.1;84.8;44.9782;29.00;20.47;1026.0;11.470;370
2026-07-18;08:44:42.488;40.67;50.52804000;18.09456113;12;38.52;18.48;712.0;37.4;59.2;317.6;7.44;1731;21.856;32.8;32.0;30.1;84.8;44.9781;29.00;19.92;1020.4;11.527;372
2026-07-18;08:44:42.673;40.33;50.52804000;18.09452943;13;38.28;18.35;702.4;37.4;59.1;317.6;8.52;1745;21.953;32.6;32.2;30.0;84.8;44.9780;29.19;20.44;1011.7;11.583;375
2026-07-18;08:44:42.890;39.86;50.52804000;18.09449810;13;38.52;18.65;718.6;37.3;59.3;317.8;8.81;1728;22.049;32.8;32.1;30.3;84.8;44.9780;29.57;19.71;988.3;11.638;377
2026-07-18;08:44:43.074;39.85;50.52804000;18.09446678;13;38.44;18.24;701.2;37.5;59.8;317.9;7.78;1720;22.145;32.7;32.3;30.5;84.8;44.9779;29.39;19.47;987.9;11.693;379
2026-07-18;08:44:43.292;39.61;50.52804000;18.09443565;13;38.57;18.62;718.2;37.7;59.3;317.9;8.89;1705;22.239;32.7;32.4;30.7;84.8;44.9778;29.54;20.30;972.5;11.747;381
2026-07-18;08:44:43.476;40.04;50.52804000;18.09440418;12;38.87;18.90;734.7;38.0;59.0;318.3;7.99;1703;22.334;32.5;32.6;30.8;84.8;44.9777;29.43;20.01;989.7;11.802;384
2026-07-18;08:44:43.709;40.38;50.52804000;18.09437244;12;38.81;18.79;729.0;38.0;59.0;318.6;8.98;1664;22.426;32.3;32.8;30.8;84.8;44.9776;29.72;20.48;1013.6;11.858;386
2026-07-18;08:44:43.895;40.63;50.52804000;18.09434051;13;38.75;18.52;717.8;38.2;58.7;319.3;9.41;1627;22.517;32.4;32.8;30.6;84.8;44.9775;29.65;20.53;1020.1;11.915;388
2026-07-18;08:44:44.167;40.89;50.52804000;18.09430838;12;39.01;18.60;725.5;38.1;58.3;319.6;8.97;1646;22.608;32.4;32.8;30.6;84.8;44.9774;29.89;21.35;1033.5;11.972;390
2026-07-18;08:44:44.432;40.05;50.52804000;18.09427690;12;39.25;18.96;744.0;38.3;58.8;319.7;8.46;1654;22.700;32.5;32.9;30.4;84.8;44.9773;30.16;20.58;1032.7;12.029;393
2026-07-18;08:44:44.530;39.95;50.52804000;18.09424550;11;39.01;18.68;728.6;37.9;58.8;320.0;9.33;1626;22.790;32.5;32.9;30.6;84.8;44.9772;29.94;20.46;1038.7;12.087;395
2026-07-18;08:44:44.803;39.22;50.52804000;18.09421468;10;39.02;19.35;755.1;37.6;58.6;319.8;8.35;1631;22.881;32.6;33.1;30.8;84.8;44.9771;29.59;19.58;1055.0;12.146;397
2026-07-18;08:44:44.938;39.06;50.52804000;18.09418398;9;39.25;19.52;766.0;37.2;58.5;320.1;7.89;1627;22.971;32.4;33.1;30.7;84.8;44.9770;29.48;19.10;1073.1;12.205;399
2026-07-18;08:44:45.081;39.82;50.52804000;18.09415269;9;39.25;19.75;775.2;37.0;58.6;319.6;7.55;1667;23.064;32.3;33.0;30.5;84.8;44.9769;29.79;18.52;1080.1;12.265;401
2026-07-18;08:44:45.342;40.52;50.52804000;18.09412084;8;39.16;19.89;778.7;36.7;58.0;319.5;8.66;1658;23.156;32.1;33.2;30.5;84.8;44.9768;29.64;18.49;1060.6;12.324;404
2026-07-18;08:44:45.543;40.37;50.52804000;18.09408912;8;39.12;20.51;802.3;36.6;57.3;320.2;8.14;1649;23.248;31.9;33.3;30.7;84.8;44.9768;29.77;17.94;1073.2;12.384;406
2026-07-18;08:44:45.681;39.94;50.52804000;18.09405772;8;39.02;20.63;805.1;36.3;57.7;320.3;8.93;1629;23.338;32.1;33.4;30.6;84.8;44.9767;29.73;18.13;1083.7;12.444;408
2026-07-18;08:44:45.993;40.20;50.52804000;18.09402613;8;39.26;20.58;808.2;36.7;57.9;320.8;7.85;1631;23.429;32.2;33.3;30.8;84.8;44.9766;30.09;17.36;1091.0;12.505;410
2026-07-18;08:44:46.204;40.62;50.52804000;18.09399421;9;39.14;20.02;783.4;36.4;57.2;321.1;8.51;1591;23.517;32.1;33.4;30.6;84.8;44.9765;30.45;16.83;1079.0;12.565;413
2026-07-18;08:44:46.279;41.22;50.52804000;18.09396181;10;39.08;19.79;773.6;36.5;57.5;321.4;9.68;1598;23.606;32.2;33.6;30.4;84.8;44.9764;30.65;17.68;1099.5;12.626;415
2026-07-18;08:44:46.482;41.87;50.52804000;18.09392882;10;38.90;19.69;766.1;36.4;57.9;321.5;9.67;1563;23.693;32.2;33.6;30.5;84.8;44.9763;30.83;17.83;1117.2;12.688;417
2026-07-18;08:44:46.687;41.42;50.52804000;18.09389627;10;39.05;19.64;766.8;36.2;57.6;321.1;9.17;1567;23.780;32.0;33.4;30.4;84.8;44.9762;31.06;17.32;1115.4;12.750;419
2026-07-18;08:44:46.887;40.74;50.52804000;18.09386425;11;38.76;20.40;790.7;36.2;57.2;320.8;8.50;1538;23.865;32.3;33.2;30.2;84.8;44.9761;31.42;17.56;1137.4;12.813;422
2026-07-18;08:44:47.093;40.53;50.52804000;18.09383240;12;38.82;19.73;765.9;36.1;57.0;320.1;7.86;1528;23.950;32.2;33.0;30.2;84.8;44.9760;31.14;18.44;1141.5;12.876;424
2026-07-18;08:44:47.284;40.73;50.52804000;18.09380039;13;38.60;19.40;748.7;36.3;57.6;319.7;7.32;1548;24.036;31.9;33.2;30.4;84.8;44.9760;30.79;17.97;1146.0;12.940;426
2026-07-18;08:44:47.493;40.19;50.52804000;18.09376880;14;38.35;18.91;725.2;36.5;57.2;319.0;7.99;1551;24.122;32.0;33.2;30.6;84.8;44.9759;31.01;17.60;1122.5;13.002;428
2026-07-18;08:44:47.685;40.51;50.52804000;18.09373696;13;38.07;18.78;714.7;36.4;57.8;318.6;7.00;1519;24.207;32.2;33.4;30.6;84.8;44.9758;31.22;17.76;1135.7;13.066;431
2026-07-18;08:44:47.893;40.01;50.52804000;18.09370551;12;38.36;19.46;746.4;36.6;57.9;318.8;6.03;1552;24.293;32.1;33.6;30.9;84.8;44.9757;31.00;16.96;1118.7;13.128;433
2026-07-18;08:44:48.085;40.31;50.52804000;18.09367383;11;38.24;20.20;772.6;36.4;58.1;318.9;6.00;1517;24.377;32.0;33.8;31.1;84.8;44.9756;31.22;17.62;1127.1;13.190;435
2026-07-18;08:44:48.292;40.97;50.52804000;18.09364163;12;38.44;19.44;747.1;36.7;58.6;319.3;6.00;1496;24.460;32.2;33.6;30.9;84.8;44.9755;31.13;18.23;1103.1;13.252;437
2026-07-18;08:44:48.484;40.99;50.52804000;18.09361078;13;38.36;19.79;759.2;36.5;58.1;319.2;6.94;1520;24.545;32.0;33.7;30.9;84.8;44.9755;30.95;18.74;1100.6;13.313;440
2026-07-18;08:44:48.692;41.68;50.52804000;18.09357802;13;38.40;19.14;735.0;36.7;58.7;319.2;7.53;1512;24.629;32.0;33.5;30.9;84.8;44.9754;30.84;17.84;1094.6;13.374;442
2026-07-18;08:44:48.886;42.22;50.52804000;18.09354484;14;38.30;18.37;703.4;36.8;59.2;319.7;6.84;1527;24.714;32.1;33.8;31.1;84.8;44.9753;31.06;17.56;1070.2;13.433;444
2026-07-18;08:44:49.095;41.71;50.52804000;18.09351206;13;38.28;18.00;689.0;37.1;58.5;319.5;6.65;1524;24.798;32.0;33.9;30.9;84.8;44.9752;30.96;17.47;1045.7;13.491;447
2026-07-18;08:44:49.289;41.76;50.52804000;18.09347923;12;38.52;18.00;693.4;37.2;58.9;319.7;6.29;1537;24.884;32.2;33.8;31.1;84.8;44.9751;30.87;16.82;1052.3;13.550;449
2026-07-18;08:44:49.497;41.10;50.52804000;18.09344693;11;38.28;18.00;689.1;36.9;58.3;320.0;6.87;1538;24.969;32.1;33.7;30.9;84.8;44.9750;30.77;16.89;1057.5;13.608;451
2026-07-18;08:44:49.748;40.83;50.52804000;18.09341485;10;38.11;18.33;698.7;37.2;58.4;319.8;6.93;1574;25.057;32.1;33.6;31.1;84.7;44.9749;31.17;16.66;1071.5;13.668;454
2026-07-18;08:44:49.891;41.46;50.52804000;18.09338226;10;38.23;18.02;688.8;37.0;58.7;319.4;6.17;1586;25.145;32.2;33.8;30.9;84.7;44.9749;30.99;17.47;1055.6;13.727;456
2026-07-18;08:44:50.089;41.17;50.52804000;18.09334990;11;37.94;18.00;683.0;37.0;58.5;318.9;6.00;1583;25.233;32.2;33.6;30.7;84.7;44.9748;31.02;17.61;1064.8;13.786;458
2026-07-18;08:44:50.296;41.82;50.52804118;18.09331709;12;37.82;18.61;703.8;36.8;58.6;319.1;6.50;1547;25.319;32.4;33.9;30.5;84.7;44.9747;31.01;17.04;1065.6;13.845;461
2026-07-18;08:44:50.488;42.35;50.52804236;18.09328386;12;37.55;19.22;721.8;36.9;58.0;318.8;6.00;1559;25.405;32.4;33.6;30.3;84.7;44.9746;31.13;17.47;1051.2;13.903;463
2026-07-18;08:44:50.705;42.49;50.52804355;18.09325051;13;37.65;19.03;716.4;36.7;58.2;318.8;6.00;1551;25.491;32.2;33.7;30.4;84.7;44.9745;31.42;18.33;1055.7;13.962;465
2026-07-18;08:44:50.919;42.21;50.52804474;18.09321738;13;37.54;18.62;698.9;37.1;58.8;318.7;6.00;1575;25.579;32.0;33.6;30.4;84.7;44.9744;31.54;18.45;1070.8;14.021;468
2026-07-18;08:44:51.088;42.59;50.52804593;18.09318396;12;37.51;18.82;705.8;37.1;59.2;319.4;6.00;1599;25.668;32.2;33.7;30.1;84.7;44.9743;31.72;18.59;1064.1;14.081;470
2026-07-18;08:44:51.291;43.03;50.52804714;18.09315019;11;37.50;18.15;680.6;37.2;59.5;318.8;6.00;1609;25.757;32.1;33.5;30.3;84.7;44.9742;31.88;18.54;1060.7;14.139;472
2026-07-18;08:44:51.502;43.22;50.52804835;18.09311628;10;37.59;18.00;676.7;37.3;60.1;318.6;6.00;1644;25.849;32.3;33.4;30.2;84.7;44.9742;31.97;19.20;1052.8;14.198;475
2026-07-18;08:44:51.690;43.45;50.52804956;18.09308218;10;37.74;18.00;679.3;37.0;60.2;318.3;6.47;1626;25.939;32.4;33.2;30.0;84.7;44.9741;32.30;18.65;1028.4;14.255;477
2026-07-18;08:44:51.912;43.84;50.52805000;18.09304699;9;37.93;18.00;682.7;36.8;59.8;317.6;6.48;1617;26.029;32.6;33.2;30.1;84.7;44.9740;32.51;19.18;1015.0;14.311;480
2026-07-18;08:44:52.127;43.65;50.52805000;18.09301268;8;38.12;18.17;692.7;36.9;59.3;317.1;6.05;1621;26.119;32.8;33.2;30.2;84.7;44.9739;32.11;18.96;995.1;14.367;482
2026-07-18;08:44:52.289;42.89;50.52805000;18.09297897;9;38.33;18.90;724.4;37.0;59.9;317.3;6.00;1621;26.209;32.7;33.0;30.4;84.7;44.9738;31.90;18.91;1009.8;14.423;484
2026-07-18;08:44:52.493;42.67;50.52805000;18.09294543;8;38.18;19.24;734.3;37.4;60.0;317.1;6.44;1620;26.299;32.9;32.8;30.3;84.7;44.9737;31.53;19.25;1013.2;14.479;487
2026-07-18;08:44:52.704;41.64;50.52805000;18.09291270;8;37.93;19.15;726.5;37.5;60.7;317.2;6.19;1628;26.389;32.8;32.8;30.5;84.7;44.9736;31.80;19.59;1024.4;14.536;489
2026-07-18;08:44:52.917;41.57;50.52805000;18.09288003;9;37.91;18.67;707.7;37.2;60.0;317.2;6.13;1597;26.478;32.7;32.7;30.4;84.7;44.9735;31.52;19.49;1012.2;14.592;491
2026-07-18;08:44:53.092;40.84;50.52805000;18.09284793;10;37.92;18.40;697.6;36.9;59.7;317.4;6.58;1635;26.569;32.7;32.5;30.2;84.7;44.9734;31.74;18.88;1034.5;14.650;494
2026-07-18;08:44:53.311;40.19;50.52805000;18.09281634;9;38.04;18.47;702.5;36.5;59.9;317.2;7.53;1671;26.662;32.6;32.4;30.3;84.7;44.9733;31.71;19.69;1040.6;14.708;496
2026-07-18;08:44:53.559;40.69;50.52805000;18.09278436;10;38.07;18.95;721.4;36.2;59.6;317.1;7.30;1661;26.754;32.6;32.6;30.3;84.7;44.9732;31.97;19.19;1055.7;14.766;498
2026-07-18;08:44:53.696;41.20;50.52805000;18.09275294;9;38.09;18.32;697.9;36.0;60.0;317.4;6.13;1676;26.847;32.5;32.8;30.5;84.7;44.9732;32.37;19.26;1048.5;14.824;500
2026-07-18;08:44:53.901;40.82;50.52805000;18.09272086;9;38.04;18.00;684.7;36.3;60.1;317.8;6.64;1643;26.938;32.3;32.8;30.3;84.7;44.9731;32.01;19.54;1053.7;14.883;503
2026-07-18;08:44:54.176;41.00;50.52805000;18.09268863;8;37.77;18.16;685.8;36.5;59.7;318.0;7.03;1621;27.028;32.3;32.6;30.4;84.7;44.9730;31.94;19.18;1068.9;14.942;505
2026-07-18;08:44:54.360;40.74;50.52805000;18.09265661;8;37.50;18.35;688.1;36.1;59.3;318.0;6.25;1587;27.117;32.5;32.5;30.5;84.7;44.9729;31.81;18.42;1084.1;15.003;507
2026-07-18;08:44:54.524;40.42;50.52805000;18.09262485;9;37.45;18.00;674.1;36.5;59.8;317.6;7.18;1605;27.206;32.3;32.5;30.3;84.7;44.9728;31.62;17.75;1068.8;15.062;510
2026-07-18;08:44:54.699;40.17;50.52805000;18.09259328;9;37.29;18.00;671.2;36.6;59.7;317.9;6.64;1621;27.296;32.5;32.7;30.1;84.7;44.9727;31.70;16.91;1069.9;15.121;512
2026-07-18;08:44:54.898;40.11;50.52805000;18.09256176;9;37.54;18.04;677.3;36.5;60.1;317.7;6.00;1613;27.385;32.6;32.5;30.0;84.7;44.9726;32.09;16.53;1052.4;15.180;514
2026-07-18;08:44:55.107;39.80;50.52805000;18.09253048;10;37.35;18.00;672.3;36.7;60.6;317.0;6.65;1579;27.473;32.8;32.3;30.1;84.7;44.9725;32.39;16.08;1036.4;15.237;516
2026-07-18;08:44:55.298;39.06;50.52805001;18.09249978;9;37.30;18.08;674.5;36.6;60.5;316.6;6.76;1609;27.563;32.6;32.2;29.8;84.7;44.9724;32.00;16.08;1049.9;15.296;518
2026-07-18;08:44:55.563;38.38;50.52805108;18.09246966;10;37.52;18.28;685.8;36.4;61.1;316.2;6.66;1594;27.651;32.6;32.1;29.9;84.7;44.9723;31.80;15.89;1069.9;15.355;520
2026-07-18;08:44:55.700;39.30;50.52805218;18.09243882;11;37.70;18.96;714.7;36.7;60.4;316.6;7.39;1594;27.740;32.7;31.9;29.9;84.7;44.9723;31.84;15.85;1061.2;15.414;523
2026-07-18;08:44:55.901;39.38;50.52805329;18.09240792;10;37.67;18.34;690.9;36.7;60.2;316.8;6.72;1586;27.828;32.7;31.9;30.0;84.7;44.9722;31.81;15.89;1036.2;15.472;525
2026-07-18;08:44:56.105;39.95;50.52805441;18.09237657;9;37.45;18.00;674.1;37.1;60.2;316.3;7.27;1596;27.916;32.8;32.2;30.2;84.7;44.9721;32.21;16.24;1038.0;15.529;527
2026-07-18;08:44:56.299;40.21;50.52805554;18.09234502;8;37.49;18.09;678.2;37.1;60.8;315.6;7.58;1593;28.005;32.6;32.0;30.1;84.7;44.9720;32.09;17.01;1022.1;15.586;529
2026-07-18;08:44:56.508;40.71;50.52805668;18.09231307;9;37.70;18.00;678.7;37.2;60.7;315.5;7.00;1618;28.095;32.4;32.1;30.0;84.7;44.9719;32.35;17.58;998.6;15.642;532
2026-07-18;08:44:56.700;40.80;50.52805782;18.09228106;8;37.97;18.00;683.5;37.6;60.8;316.2;7.24;1613;28.184;32.2;31.8;30.0;84.7;44.9718;32.49;18.14;1007.9;15.698;534
2026-07-18;08:44:56.906;40.37;50.52805895;18.09224938;8;38.23;18.00;688.2;38.0;60.7;316.8;7.67;1609;28.274;32.1;32.0;29.8;84.7;44.9717;32.34;18.87;983.6;15.752;536
2026-07-18;08:44:57.101;40.95;50.52806000;18.09221725;9;38.49;18.36;706.5;38.3;61.1;316.3;6.83;1586;28.362;31.9;32.2;29.7;84.7;44.9716;32.70;18.60;980.9;15.807;538
2026-07-18;08:44:57.309;40.94;50.52806000;18.09218507;8;38.79;18.00;698.2;38.3;61.4;316.7;7.47;1559;28.449;31.9;32.2;29.8;84.7;44.9716;32.99;19.26;964.6;15.860;541
2026-07-18;08:44:57.500;40.85;50.52806000;18.09215296;8;39.07;18.00;703.3;38.1;60.9;316.7;7.38;1548;28.535;31.8;32.2;30.0;84.7;44.9715;33.21;20.08;987.4;15.915;543
2026-07-18;08:44:57.708;41.09;50.52806000;18.09212067;8;39.03;18.40;718.3;38.4;61.2;317.3;8.12;1524;28.619;31.5;32.1;30.2;84.7;44.9714;33.17;19.59;988.5;15.970;545
2026-07-18;08:44:57.900;40.72;50.52806000;18.09208867;9;38.79;18.55;719.8;38.7;60.8;317.1;8.08;1538;28.705;31.6;32.1;30.4;84.7;44.9713;33.42;19.54;990.0;16.025;547
2026-07-18;08:44:58.106;41.14;50.52806000;18.09205634;8;39.06;18.90;738.2;39.1;60.9;317.6;7.82;1547;28.791;31.4;32.2;30.5;84.7;44.9712;33.73;20.09;1003.5;16.081;550
2026-07-18;08:44:58.337;40.34;50.52806000;18.09202463;9;39.28;18.49;726.2;38.9;60.7;317.6;7.13;1573;28.878;31.7;32.0;30.6;84.7;44.9711;33.57;19.49;986.0;16.136;552
2026-07-18;08:44:58.504;39.93;50.52806000;18.09199325;10;38.99;18.02;702.4;39.1;61.2;317.9;6.66;1555;28.964;31.5;32.2;30.8;84.7;44.9710;33.77;19.12;995.0;16.191;554
2026-07-18;08:44:58.706;40.30;50.52806000;18.09196158;9;39.06;18.44;720.4;38.8;60.8;317.3;6.35;1573;29.052;31.7;32.1;30.9;84.7;44.9709;34.09;19.44;976.0;16.245;556
2026-07-18;08:44:58.914;40.63;50.52806000;18.09192965;10;39.32;18.17;714.5;38.7;60.1;316.7;6.42;1562;29.139;31.8;32.2;30.7;84.7;44.9709;33.77;18.85;987.6;16.300;559
2026-07-18;08:44:59.105;40.38;50.52806000;18.09189791;10;39.18;18.50;724.7;39.0;60.1;316.9;6.04;1589;29.227;31.7;32.2;30.8;84.7;44.9708;33.89;18.88;968.4;16.354;561
2026-07-18;08:44:59.320;39.93;50.52806000;18.09186653;11;39.25;18.08;709.8;38.7;59.7;316.6;6.89;1590;29.315;31.8;32.2;30.8;84.7;44.9707;33.94;19.32;968.0;16.408;563
2026-07-18;08:44:59.507;39.31;50.52806000;18.09183563;11;39.16;18.00;704.8;38.9;59.8;317.1;7.13;1597;29.404;31.9;31.9;30.9;84.7;44.9706;34.17;19.97;960.5;16.461;565
2026-07-18;08:44:59.723;38.66;50.52806000;18.09180524;10;39.39;18.09;712.6;39.1;60.0;316.7;6.00;1601;29.493;32.0;31.7;31.0;84.7;44.9705;34.52;19.99;954.8;16.514;567
2026-07-18;08:44:59.910;38.87;50.52806000;18.09177470;9;39.50;18.00;711.0;39.4;60.6;317.4;6.00;1633;29.584;31.8;31.5;31.1;84.7;44.9704;34.65;20.63;960.4;16.567;570
2026-07-18;08:45:00.127;39.55;50.52806000;18.09174362;9;39.57;18.00;712.2;39.3;60.7;317.9;6.84;1633;29.674;31.9;31.6;31.0;84.7;44.9703;34.37;20.12;945.6;16.620;572
2026-07-18;08:45:00.312;39.57;50.52806000;18.09171251;10;39.55;18.49;731.3;39.0;60.8;318.6;7.70;1597;29.763;32.1;31.7;31.2;84.7;44.9702;34.32;20.59;920.8;16.671;574
2026-07-18;08:45:00.526;39.92;50.52806000;18.09168114;10;39.72;18.06;717.3;38.9;60.6;319.1;6.51;1585;29.851;31.9;31.9;31.3;84.7;44.9701;34.37;20.26;914.6;16.722;576
2026-07-18;08:45:00.742;39.13;50.52806000;18.09165038;11;39.88;18.29;729.3;38.8;60.7;319.4;6.00;1571;29.938;32.1;32.1;31.1;84.7;44.9701;34.59;19.85;922.0;16.773;578
2026-07-18;08:45:00.928;39.36;50.52806000;18.09161945;10;39.89;18.02;718.8;39.0;61.2;320.0;6.90;1593;30.027;31.9;32.1;31.0;84.7;44.9700;34.36;19.33;923.9;16.824;581
2026-07-18;08:45:01.113;39.56;50.52806000;18.09158836;10;40.02;18.00;720.4;39.1;61.4;320.4;6.26;1608;30.116;32.1;32.2;30.8;84.7;44.9699;34.15;18.91;907.0;16.875;583
2026-07-18;08:45:01.330;39.47;50.52806000;18.09155734;11;39.82;18.00;716.7;39.2;61.2;320.2;6.51;1591;30.205;32.3;31.9;31.0;84.7;44.9698;34.49;18.35;929.1;16.926;585
2026-07-18;08:45:01.512;39.08;50.52806000;18.09152662;12;39.86;18.00;717.5;39.0;60.6;319.7;6.69;1586;30.293;32.2;32.1;30.8;84.7;44.9697;34.49;18.58;932.6;16.978;587
2026-07-18;08:45:01.727;38.61;50.52806000;18.09149627;13;39.95;18.00;719.0;39.1;60.6;319.1;7.01;1584;30.381;32.4;32.0;31.1;84.7;44.9696;34.44;18.77;914.4;17.029;589
2026-07-18;08:45:01.937;38.96;50.52806000;18.09146565;13;39.97;18.32;732.4;38.9;60.9;319.7;8.03;1573;30.468;32.5;31.8;31.0;84.7;44.9695;34.31;19.15;936.2;17.081;591
2026-07-18;08:45:02.146;39.60;50.52806000;18.09143453;13;40.10;18.98;761.3;38.9;61.3;319.7;6.93;1550;30.554;32.3;31.6;30.9;84.7;44.9694;34.39;18.42;940.2;17.133;594
2026-07-18;08:45:02.318;39.03;50.52806000;18.09140386;13;39.94;19.76;789.0;39.0;60.8;320.4;6.50;1527;30.639;32.4;31.5;30.9;84.7;44.9694;34.26;17.68;920.9;17.185;596
2026-07-18;08:45:02.520;39.38;50.52806000;18.09137290;13;40.12;19.27;773.2;39.2;60.5;320.9;6.33;1551;30.725;32.6;31.8;31.1;84.7;44.9693;34.30;18.12;905.2;17.235;598
2026-07-18;08:45:02.726;39.46;50.52806000;18.09134189;13;40.35;19.69;794.4;39.6;61.0;321.4;6.68;1555;30.812;32.7;31.7;31.2;84.7;44.9692;34.64;18.43;924.5;17.286;600
2026-07-18;08:45:02.920;39.91;50.52806000;18.09131052;14;40.19;19.75;793.9;39.4;60.4;321.7;6.14;1569;30.899;32.9;31.6;31.4;84.7;44.9691;34.29;19.08;948.5;17.339;602
2026-07-18;08:45:03.134;40.51;50.52806000;18.09127869;15;40.32;19.02;766.7;39.2;60.3;321.3;6.00;1561;30.986;33.0;31.4;31.3;84.7;44.9690;34.50;18.89;929.6;17.391;605
2026-07-18;08:45:03.365;40.18;50.52806000;18.09124711;14;40.26;19.58;788.3;39.2;59.8;321.9;7.09;1521;31.070;33.0;31.4;31.3;84.7;44.9689;34.14;18.42;912.8;17.441;607
2026-07-18;08:45:03.580;40.26;50.52806000;18.09121547;13;40.16;18.92;759.9;39.1;60.2;321.7;6.61;1505;31.154;33.0;31.5;31.4;84.7;44.9688;34.49;18.36;892.9;17.491;609
2026-07-18;08:45:03.722;40.93;50.52806000;18.09118329;13;40.31;19.59;789.6;39.0;60.1;321.2;7.39;1516;31.238;32.9;31.5;31.3;84.7;44.9688;34.36;19.03;883.6;17.540;611
2026-07-18;08:45:03.921;41.50;50.52806000;18.09115068;12;40.52;18.84;763.4;39.3;60.5;320.9;7.75;1501;31.321;32.8;31.8;31.4;84.7;44.9687;34.15;19.63;891.4;17.589;614
2026-07-18;08:45:04.136;41.84;50.52806000;18.09111779;12;40.37;19.11;771.5;39.7;60.7;320.3;8.02;1531;31.406;32.9;31.9;31.6;84.7;44.9686;34.13;18.92;886.9;17.639;616
2026-07-18;08:45:04.321;40.95;50.52806051;18.09108612;11;40.22;18.35;738.0;39.6;61.4;320.8;7.58;1507;31.490;32.9;31.7;31.6;84.7;44.9685;34.25;18.28;877.6;17.687;618
2026-07-18;08:45:04.537;39.15;50.52806165;18.09105541;12;40.35;18.42;743.1;39.5;61.9;320.2;8.72;1522;31.575;32.9;31.9;31.4;84.7;44.9684;33.86;18.20;864.8;17.735;621
2026-07-18;08:45:04.726;37.27;50.52806273;18.09102617;11;40.30;18.03;726.6;39.9;62.0;319.7;8.56;1507;31.658;33.1;31.7;31.4;84.7;44.9683;33.71;18.66;889.3;17.785;623
2026-07-18;08:45:04.942;36.20;50.52806379;18.09099776;12;40.55;18.33;743.1;39.8;61.5;319.5;8.42;1541;31.744;32.9;31.8;31.3;84.7;44.9683;33.86;18.95;903.1;17.835;625
2026-07-18;08:45:05.125;34.76;50.52806480;18.09097049;13;40.44;18.06;730.5;40.2;61.2;319.6;8.76;1509;31.828;32.7;31.7;31.6;84.7;44.9682;33.93;19.39;919.6;17.886;627
2026-07-18;08:45:05.342;33.23;50.52806576;18.09094441;13;40.55;18.16;736.5;40.2;60.7;319.1;9.15;1482;31.910;32.7;31.6;31.8;84.7;44.9681;34.28;19.09;901.3;17.936;628
2026-07-18;08:45:05.525;31.88;50.52806669;18.09091940;13;40.71;18.41;749.7;40.6;60.7;318.7;8.48;1473;31.992;32.9;31.7;31.6;84.7;44.9680;34.04;18.56;915.6;17.987;630
2026-07-18;08:45:05.743;30.60;50.52806758;18.09089539;13;40.79;18.00;734.2;40.7;61.3;318.9;8.06;1433;32.072;32.7;31.9;31.5;84.7;44.9679;33.70;19.42;899.0;18.037;632
2026-07-18;08:45:05.927;29.34;50.52806843;18.09087237;14;40.86;18.00;735.5;41.1;60.7;318.5;9.25;1434;32.151;32.6;32.0;31.6;84.7;44.9678;33.96;18.66;901.6;18.087;633
2026-07-18;08:45:06.146;28.99;50.52806927;18.09084962;14;40.99;18.00;737.7;40.9;61.1;318.5;8.69;1427;32.231;32.3;31.9;31.4;84.7;44.9678;33.92;18.64;919.1;18.138;635
2026-07-18;08:45:06.331;28.06;50.52807044;18.09082814;14;41.19;18.00;741.4;41.2;61.3;319.0;9.71;1439;32.310;32.6;32.1;31.4;84.7;44.9677;33.64;18.65;897.6;18.188;637
2026-07-18;08:45:06.544;27.06;50.52807519;18.09080822;13;41.43;18.00;745.8;41.0;61.5;318.8;8.75;1402;32.388;32.5;32.2;31.5;84.7;44.9676;33.36;18.96;911.7;18.239;638
2026-07-18;08:45:06.771;27.07;50.52807993;18.09078830;14;41.61;18.00;749.0;41.0;61.4;318.8;8.60;1429;32.468;32.6;32.2;31.6;84.7;44.9675;33.65;19.12;930.7;18.290;640
2026-07-18;08:45:06.931;26.57;50.52808459;18.09076874;15;41.54;18.00;747.6;41.4;61.8;319.4;8.18;1442;32.548;32.4;32.4;31.5;84.7;44.9675;33.31;19.87;917.3;18.341;641
2026-07-18;08:45:07.139;25.93;50.52808913;18.09074965;15;41.76;18.00;751.6;41.2;61.3;319.1;7.78;1426;32.627;32.5;32.5;31.5;84.7;44.9674;33.29;20.25;902.3;18.392;643
2026-07-18;08:45:07.337;25.65;50.52809363;18.09073077;16;41.89;18.00;754.0;41.4;60.6;318.7;7.77;1421;32.706;32.7;32.7;31.4;84.7;44.9673;33.22;21.13;902.0;18.442;644
2026-07-18;08:45:07.531;25.28;50.52809805;18.09071217;15;41.85;18.64;780.1;41.6;60.9;318.4;8.63;1427;32.785;32.9;32.9;31.3;84.7;44.9672;33.14;20.91;915.8;18.492;645
2026-07-18;08:45:07.738;25.10;50.52810245;18.09069370;15;41.82;19.15;800.7;41.3;60.6;319.0;7.67;1399;32.863;32.8;33.0;31.2;84.7;44.9671;32.80;20.33;901.1;18.543;647
2026-07-18;08:45:07.931;24.70;50.52810678;18.09067552;14;41.63;19.60;815.9;41.0;61.1;319.6;8.07;1395;32.941;32.7;33.2;31.1;84.7;44.9671;32.76;20.62;919.1;18.594;648
2026-07-18;08:45:08.145;24.29;50.52811104;18.09065765;13;41.89;19.63;822.5;41.0;61.3;319.4;8.71;1412;33.019;32.6;33.0;31.3;84.7;44.9670;32.43;21.21;921.6;18.645;650
2026-07-18;08:45:08.342;24.52;50.52811533;18.09063960;14;41.79;19.76;825.8;41.1;61.6;319.1;8.99;1398;33.097;32.5;33.2;31.2;84.7;44.9669;32.66;21.44;932.6;18.697;651
2026-07-18;08:45:08.556;24.33;50.52811960;18.09062169;15;41.66;19.73;822.1;40.8;61.0;319.3;8.17;1389;33.174;32.5;33.1;31.3;84.7;44.9668;32.56;21.96;944.9;18.749;652
2026-07-18;08:45:08.760;24.38;50.52813161;18.09061381;15;41.67;20.53;855.6;41.1;60.5;319.9;9.21;1356;33.249;32.6;33.2;31.3;84.7;44.9668;32.46;22.78;964.1;18.803;654
2026-07-18;08:45:08.965;26.40;50.52814410;18.09060715;16;41.95;21.07;883.7;41.3;61.0;319.7;10.13;1334;33.323;32.6;33.3;31.3;84.7;44.9667;32.73;22.72;975.6;18.857;655
2026-07-18;08:45:09.135;28.32;50.52815750;18.09060000;17;41.70;21.03;877.1;41.4;61.5;319.4;10.85;1358;33.399;32.7;33.5;31.5;84.7;44.9666;32.43;23.11;971.3;18.911;657
2026-07-18;08:45:09.335;28.71;50.52817108;18.09059276;17;41.50;21.55;894.5;41.3;61.3;319.2;10.74;1392;33.476;32.9;33.5;31.5;84.7;44.9665;32.33;23.77;952.2;18.964;658
2026-07-18;08:45:09.541;29.14;50.52818487;18.09058540;17;41.63;22.26;926.4;41.6;61.6;319.8;10.86;1404;33.554;33.0;33.4;31.6;84.7;44.9664;32.30;23.19;933.0;19.016;660
2026-07-18;08:45:09.757;29.78;50.52819896;18.09057789;18;41.84;21.90;916.6;41.5;62.0;320.1;10.21;1423;33.633;33.0;33.3;31.5;84.7;44.9664;31.92;22.55;908.6;19.066;661
2026-07-18;08:45:25.379;38.07;50.52949829;18.09048022;13;42.10;18.00;757.8;38.6;65.0;318.7;14.34;1571;40.041;35.2;31.0;32.3;84.6;44.9600;31.39;18.32;1087.7;23.672;812
2026-07-18;08:45:25.567;37.66;50.52951519;18.09049322;14;42.04;18.00;756.7;39.0;64.4;318.6;14.41;1569;40.128;35.4;30.9;32.2;84.6;44.9599;31.08;17.97;1094.7;23.732;814
2026-07-18;08:45:25.774;38.66;50.52953254;18.09050657;15;41.81;18.44;771.1;38.9;65.0;318.5;13.78;1542;40.214;35.2;30.9;32.1;84.6;44.9598;30.87;18.02;1115.4;23.794;817
2026-07-18;08:45:25.969;39.41;50.52955021;18.09052020;14;41.64;19.05;793.1;39.1;65.4;317.8;12.63;1533;40.299;35.3;31.0;32.0;84.6;44.9597;30.96;17.49;1120.0;23.857;819
2026-07-18;08:45:26.195;38.77;50.52956695;18.09053554;13;41.36;18.53;766.4;39.0;65.9;317.4;11.58;1549;40.385;35.2;31.2;31.9;84.6;44.9596;30.80;17.36;1140.9;23.920;821
2026-07-18;08:45:26.379;38.52;50.52958358;18.09055078;14;41.44;18.53;767.8;39.0;66.6;317.9;10.72;1555;40.472;35.0;31.0;31.7;84.6;44.9595;30.60;16.95;1128.0;23.983;823
2026-07-18;08:45:26.589;38.08;50.52960002;18.09056585;14;41.43;18.17;752.8;38.6;66.7;317.8;10.81;1576;40.559;35.2;30.9;31.6;84.6;44.9594;30.68;17.21;1129.2;24.045;825
2026-07-18;08:45:26.824;38.97;50.52961684;18.09058127;14;41.43;18.00;745.7;38.6;66.5;318.2;10.19;1580;40.647;35.3;30.9;31.9;84.6;44.9594;30.31;17.02;1112.2;24.107;827
2026-07-18;08:45:26.993;39.10;50.52963372;18.09059674;13;41.65;18.00;749.7;38.4;66.6;318.9;9.06;1547;40.733;35.4;30.8;32.0;84.6;44.9593;30.52;16.44;1116.8;24.169;829
2026-07-18;08:45:27.221;38.94;50.52965053;18.09061215;14;41.81;18.00;752.5;38.1;66.3;318.9;9.71;1515;40.817;35.7;30.8;32.0;84.6;44.9592;30.18;15.61;1109.2;24.231;832
2026-07-18;08:45:27.415;38.86;50.52966730;18.09062753;14;41.79;18.00;752.3;38.1;66.4;318.4;10.46;1527;40.902;35.9;31.0;32.2;84.6;44.9591;30.25;15.83;1100.4;24.292;834
2026-07-18;08:45:27.614;39.05;50.52968534;18.09064534;14;41.69;18.57;774.3;38.4;66.0;319.0;10.90;1492;40.985;35.9;31.0;32.2;84.6;44.9590;30.14;15.00;1080.6;24.352;836
2026-07-18;08:45:27.823;38.76;50.52970168;18.09066168;13;41.79;19.05;796.3;38.4;66.4;319.7;10.57;1458;41.066;36.0;31.0;32.3;84.6;44.9589;29.84;15.04;1073.9;24.412;838
2026-07-18;08:45:28.048;38.18;50.52971778;18.09067778;12;41.94;18.99;796.5;38.2;66.5;320.0;11.26;1466;41.147;36.2;31.1;32.4;84.6;44.9589;29.74;15.00;1077.8;24.472;840
2026-07-18;08:45:28.232;37.99;50.52973380;18.09069380;13;41.78;19.68;822.5;38.4;66.0;320.7;10.61;1451;41.228;36.2;31.1;32.3;84.6;44.9588;29.58;15.00;1066.3;24.531;842
2026-07-18;08:45:28.376;37.86;50.52974976;18.09070976;12;41.67;19.34;806.0;38.3;65.6;320.0;9.56;1474;41.310;36.4;31.0;32.5;84.6;44.9587;29.43;15.00;1064.8;24.590;844
2026-07-18;08:45:28.572;37.56;50.52976560;18.09072560;13;41.94;19.46;816.0;38.5;65.7;319.6;9.00;1474;41.392;36.5;31.0;32.4;84.6;44.9586;29.49;15.40;1063.3;24.649;847
2026-07-18;08:45:28.834;37.91;50.52978158;18.09074158;14;42.20;19.86;837.8;38.5;65.3;319.9;9.75;1500;41.475;36.3;30.9;32.5;84.6;44.9585;29.18;15.91;1079.1;24.709;849
2026-07-18;08:45:29.018;37.57;50.52979742;18.09075742;15;42.17;19.58;825.6;38.5;65.3;319.3;8.84;1470;41.557;36.5;30.8;32.4;84.6;44.9584;29.21;16.53;1085.6;24.769;851
2026-07-18;08:45:29.259;37.84;50.52981337;18.09077543;15;42.20;20.22;853.3;38.3;65.9;318.7;9.56;1454;41.637;36.4;30.5;32.6;84.6;44.9584;29.00;16.70;1102.0;24.830;853
2026-07-18;08:45:29.447;37.95;50.52982866;18.09079307;14;42.19;20.44;862.6;38.0;65.2;318.1;8.45;1442;41.718;36.2;30.3;32.8;84.6;44.9583;29.06;15.80;1101.0;24.892;855
2026-07-18;08:45:29.574;38.00;50.52984397;18.09081074;15;42.21;20.13;849.8;38.1;65.2;317.4;7.81;1412;41.796;36.2;30.3;32.7;84.6;44.9582;29.00;15.52;1121.1;24.954;857
2026-07-18;08:45:29.877;38.90;50.52985964;18.09082882;14;41.99;20.13;845.4;37.8;65.1;317.5;8.07;1412;41.874;36.3;30.3;32.6;84.6;44.9581;29.00;15.00;1140.6;25.017;859
2026-07-18;08:45:30.016;39.66;50.52987562;18.09084726;14;41.76;20.18;842.8;37.8;64.9;317.4;8.34;1382;41.951;36.1;30.1;32.8;84.6;44.9580;29.00;15.68;1137.2;25.080;861
2026-07-18;08:45:30.175;39.40;50.52989150;18.09086557;13;41.63;20.49;853.0;38.2;64.6;317.1;9.39;1400;42.029;36.3;30.3;32.7;84.6;44.9580;29.10;15.32;1122.6;25.143;864
2026-07-18;08:45:30.439;38.70;50.52990709;18.09088356;14;41.79;20.06;838.1;38.1;64.2;316.8;9.52;1369;42.105;36.2;30.4;32.6;84.6;44.9579;29.00;15.88;1102.5;25.204;866
2026-07-18;08:45:30.575;39.12;50.52992285;18.09090175;15;42.01;19.88;835.1;38.1;64.5;317.0;9.27;1402;42.183;36.0;30.3;32.4;84.6;44.9578;29.00;16.68;1115.8;25.266;868
2026-07-18;08:45:30.775;38.90;50.52993852;18.09092574;16;42.01;19.11;802.7;38.4;64.3;317.5;9.97;1379;42.260;36.2;30.3;32.2;84.6;44.9577;29.00;16.46;1133.7;25.329;870
2026-07-18;08:45:31.019;37.14;50.52995056;18.09094796;16;41.80;19.87;830.6;38.3;64.2;317.8;10.64;1354;42.335;36.0;30.0;32.3;84.6;44.9577;29.00;16.26;1109.4;25.391;872
2026-07-18;08:45:31.216;35.32;50.52996200;18.09096908;15;41.85;19.79;828.4;38.1;64.5;317.3;11.53;1360;42.410;36.3;30.2;32.3;84.6;44.9576;29.00;16.86;1133.1;25.454;874
2026-07-18;08:45:31.420;34.27;50.52997311;18.09098958;15;41.71;19.88;829.2;38.4;65.1;317.7;12.55;1331;42.484;36.3;30.4;32.3;84.6;44.9575;29.00;16.12;1138.2;25.517;876
2026-07-18;08:45:31.582;33.33;50.52998391;18.09100952;14;41.98;19.71;827.5;38.0;65.6;318.3;12.56;1347;42.559;36.5;30.3;32.1;84.6;44.9574;29.00;15.27;1122.8;25.579;878
2026-07-18;08:45:31.779;32.56;50.52999446;18.09102900;15;41.97;19.85;833.0;38.3;65.3;317.7;11.37;1365;42.635;36.3;30.2;32.1;84.6;44.9574;29.10;15.54;1139.4;25.643;880
2026-07-18;08:45:31.990;31.57;50.53000469;18.09104788;15;42.25;20.21;854.0;38.5;65.7;317.4;10.57;1348;42.710;36.4;30.1;31.8;84.6;44.9573;29.40;15.00;1135.3;25.706;881
2026-07-18;08:45:32.179;30.49;50.53001457;18.09106613;14;42.06;19.78;831.8;38.2;66.0;316.9;11.75;1383;42.787;36.4;30.0;31.9;84.6;44.9572;29.14;15.00;1125.9;25.768;883
2026-07-18;08:45:32.379;29.81;50.53002423;18.09108396;15;42.04;19.94;838.4;38.6;66.3;317.5;10.79;1377;42.863;36.4;30.0;32.0;84.6;44.9571;29.21;15.00;1123.1;25.831;885
2026-07-18;08:45:32.588;28.72;50.53003354;18.09110115;14;42.09;19.66;827.5;38.8;66.3;317.8;10.99;1385;42.940;36.4;30.0;32.0;84.6;44.9571;29.29;15.00;1127.8;25.893;886
2026-07-18;08:45:32.782;27.65;50.53004250;18.09111769;13;42.02;20.26;851.3;38.7;65.8;317.7;9.85;1390;43.017;36.2;30.1;32.2;84.6;44.9570;29.04;15.00;1126.5;25.956;888
2026-07-18;08:45:33.003;27.39;50.53005137;18.09113407;12;42.30;20.25;856.4;38.7;66.4;318.0;9.98;1373;43.094;36.3;30.3;32.3;84.6;44.9569;29.08;15.00;1101.8;26.017;889
2026-07-18;08:45:33.184;26.62;50.53006000;18.09114999;13;42.48;20.33;863.7;39.0;65.9;317.9;10.13;1368;43.170;36.1;30.2;32.4;84.6;44.9568;29.09;15.00;1098.6;26.078;891
2026-07-18;08:45:33.399;26.23;50.53006719;18.09117679;12;42.26;21.10;891.7;38.9;65.7;318.1;10.21;1339;43.244;36.3;30.4;32.4;84.6;44.9568;29.11;15.00;1081.2;26.138;892
2026-07-18;08:45:33.582;26.84;50.53007240;18.09119623;13;42.49;21.60;917.8;38.8;66.0;318.3;10.27;1301;43.316;36.3;30.3;32.6;84.6;44.9567;29.23;15.20;1056.8;26.197;894
2026-07-18;08:45:33.799;27.44;50.53007773;18.09121610;13;42.34;20.91;885.4;38.4;65.6;317.8;9.45;1274;43.387;36.5;30.3;32.7;84.6;44.9566;29.42;15.35;1056.7;26.256;895
2026-07-18;08:45:33.985;29.11;50.53008339;18.09123718;12;42.44;21.65;918.8;38.6;65.3;317.4;8.52;1244;43.456;36.7;30.1;32.8;84.6;44.9565;29.07;15.19;1079.6;26.316;897
2026-07-18;08:45:34.182;29.56;50.53008913;18.09125859;13;42.68;21.80;930.6;38.8;65.8;317.5;9.22;1254;43.526;36.8;30.2;32.6;84.6;44.9565;29.27;15.78;1079.7;26.376;899
2026-07-18;08:45:34.390;31.40;50.53009523;18.09128132;13;42.79;21.66;926.9;39.1;65.9;317.2;9.27;1239;43.595;36.5;30.3;32.5;84.6;44.9564;29.24;15.93;1077.6;26.435;900
2026-07-18;08:45:34.581;31.53;50.53010136;18.09130415;12;43.00;21.04;904.9;38.9;65.4;317.9;9.05;1250;43.664;36.4;30.4;32.4;84.6;44.9563;29.58;15.29;1078.3;26.495;902
2026-07-18;08:45:34.799;32.01;50.53010758;18.09132733;12;42.89;20.53;880.6;38.8;65.2;317.4;8.34;1272;43.735;36.1;30.6;32.1;84.6;44.9563;29.40;15.86;1057.7;26.554;904
2026-07-18;08:45:34.983;32.26;50.53011384;18.09135069;11;43.00;21.06;905.8;38.4;65.4;317.3;9.05;1234;43.803;36.1;30.6;32.0;84.6;44.9562;29.51;16.33;1055.1;26.613;906
2026-07-18;08:45:35.199;33.09;50.53012027;18.09137465;10;42.91;20.61;884.6;38.7;65.3;317.2;8.56;1237;43.872;36.1;30.4;31.9;84.6;44.9561;29.15;15.46;1066.5;26.672;908
2026-07-18;08:45:35.382;34.29;50.53012693;18.09139948;9;42.71;20.48;875.0;38.5;65.3;317.7;9.64;1225;43.940;36.3;30.2;32.1;84.6;44.9561;29.04;15.70;1061.1;26.731;909
2026-07-18;08:45:35.604;35.29;50.53013379;18.09142504;8;42.76;20.24;865.7;38.7;65.6;317.7;9.82;1257;44.010;36.2;30.4;32.1;84.6;44.9560;29.05;15.85;1078.6;26.791;911
2026-07-18;08:45:35.784;36.35;50.53014085;18.09145136;8;42.90;19.65;842.9;38.9;65.3;318.1;10.63;1225;44.078;36.2;30.2;32.3;84.6;44.9559;29.35;15.78;1073.4;26.850;913
2026-07-18;08:45:36.000;36.02;50.53014785;18.09147744;8;43.00;20.44;879.1;38.5;65.9;318.5;11.46;1213;44.145;36.3;30.2;32.3;84.6;44.9559;29.28;16.03;1092.3;26.911;915
2026-07-18;08:45:36.186;35.66;50.53015478;18.09150326;8;42.91;20.76;890.7;38.9;66.3;317.9;10.34;1197;44.212;36.5;30.4;32.3;84.6;44.9558;29.57;16.33;1080.9;26.971;917
2026-07-18;08:45:36.395;35.59;50.53016169;18.09152903;8;42.77;21.00;898.3;38.6;66.5;318.4;9.65;1185;44.278;36.6;30.2;32.2;84.6;44.9557;29.75;16.92;1095.7;27.032;919
2026-07-18;08:45:36.586;35.76;50.53016864;18.09155493;8;42.84;20.76;889.3;38.7;65.8;318.9;10.10;1207;44.345;36.8;30.4;32.1;84.6;44.9557;29.89;16.38;1107.3;27.094;921
2026-07-18;08:45:36.804;36.12;50.53017566;18.09158108;8;43.00;21.08;906.3;38.5;65.3;319.2;10.36;1244;44.414;36.9;30.4;31.9;84.6;44.9556;30.24;16.80;1124.5;27.156;923
2026-07-18;08:45:37.020;35.19;50.53018249;18.09160656;8;42.92;20.38;874.9;38.8;65.3;318.7;11.27;1260;44.484;36.7;30.5;32.0;84.6;44.9555;30.49;15.94;1134.5;27.219;925
2026-07-18;08:45:37.185;34.08;50.53018911;18.09163124;8;42.64;21.06;897.9;39.0;65.2;318.3;12.21;1284;44.555;37.0;30.4;32.1;84.6;44.9554;30.32;15.88;1128.9;27.282;927
2026-07-18;08:45:37.384;33.14;50.53019555;18.09165524;8;42.56;20.56;875.2;39.2;65.6;317.9;11.89;1270;44.626;37.0;30.5;31.9;84.6;44.9554;30.71;15.13;1136.6;27.345;929
2026-07-18;08:45:37.590;31.82;50.53020173;18.09167828;8;42.78;20.17;862.9;39.5;66.2;317.8;12.01;1259;44.696;37.0;30.4;32.0;84.6;44.9553;30.97;15.00;1132.9;27.408;931
2026-07-18;08:45:37.788;30.81;50.53020772;18.09170059;8;42.75;20.32;868.6;39.8;66.6;318.3;11.82;1298;44.768;36.8;30.2;31.8;84.6;44.9552;30.80;15.39;1141.1;27.471;933
2026-07-18;08:45:37.994;30.27;50.53021360;18.09172251;8;42.53;19.85;844.3;39.8;66.5;318.3;12.96;1305;44.840;36.9;30.4;31.7;84.6;44.9552;31.20;15.13;1151.3;27.535;934
2026-07-18;08:45:38.191;29.83;50.53021940;18.09174411;9;42.51;19.99;849.8;39.4;66.6;317.8;12.66;1318;44.914;36.7;30.3;31.6;84.6;44.9551;30.84;15.00;1152.3;27.599;936
2026-07-18;08:45:38.423;29.30;50.53022509;18.09176532;8;42.65;20.52;875.2;39.2;66.6;317.8;12.10;1329;44.987;36.9;30.1;31.5;84.6;44.9550;30.77;15.00;1166.7;27.664;938
2026-07-18;08:45:38.609;28.31;50.53023059;18.09178582;8;42.45;19.76;838.8;39.5;66.6;318.3;12.94;1306;45.060;36.9;30.3;31.7;84.5;44.9549;30.48;15.00;1147.3;27.728;939
2026-07-18;08:45:38.792;28.04;50.53023603;18.09180612;9;42.33;20.33;860.6;39.6;66.0;318.0;13.05;1285;45.131;36.7;30.3;31.9;84.5;44.9549;30.53;15.86;1169.5;27.793;941
2026-07-18;08:45:39.007;27.93;50.53024146;18.09182635;8;42.33;20.99;888.5;39.7;65.5;318.0;14.15;1299;45.203;36.8;30.5;31.8;84.5;44.9548;30.71;16.69;1189.7;27.859;942
2026-07-18;08:45:39.194;27.68;50.53024684;18.09184639;8;42.49;21.57;916.5;39.6;65.4;318.2;13.64;1287;45.275;36.8;30.3;31.7;84.5;44.9547;30.61;16.57;1181.3;27.924;944
2026-07-18;08:45:39.403;26.74;50.53025203;18.09186576;8;42.77;21.83;933.8;39.7;65.6;317.6;14.73;1311;45.348;37.0;30.2;31.5;84.5;44.9547;30.53;15.94;1180.6;27.990;945
2026-07-18;08:45:39.596;26.71;50.53025722;18.09188510;8;42.87;22.58;968.3;39.5;65.7;317.4;15.40;1330;45.422;37.2;30.0;31.3;84.5;44.9546;30.43;16.52;1196.2;28.056;947
2026-07-18;08:45:39.808;26.20;50.53026231;18.09190407;8;42.82;23.25;995.4;39.4;66.0;317.9;15.53;1315;45.495;37.0;29.9;31.2;84.5;44.9545;30.05;16.92;1200.1;28.123;948
2026-07-18;08:45:39.999;25.82;50.53026733;18.09192276;9;43.00;23.15;995.6;39.7;65.7;318.4;14.89;1278;45.566;36.8;30.1;31.2;84.5;44.9544;29.72;16.60;1217.4;28.191;950
2026-07-18;08:45:40.203;25.33;50.53027225;18.09194110;9;42.81;23.03;985.9;39.4;65.9;318.5;14.26;1313;45.639;37.0;30.0;31.4;84.5;44.9544;29.85;16.14;1201.5;28.258;951
2026-07-18;08:45:40.399;24.76;50.53027706;18.09195903;9;42.86;23.35;1000.7;39.4;65.4;318.1;14.14;1346;45.714;37.1;30.1;31.3;84.5;44.9543;29.74;16.92;1191.3;28.324;952
2026-07-18;08:45:40.607;25.07;50.53028018;18.09197718;10;42.62;23.18;988.0;39.6;65.5;317.6;14.83;1365;45.789;37.2;30.1;31.3;84.5;44.9542;29.53;16.36;1182.2;28.389;954
2026-07-18;08:45:40.800;26.31;50.53028068;18.09199785;10;42.72;23.71;1013.1;39.6;65.8;317.8;14.50;1334;45.864;37.3;30.2;31.3;84.5;44.9541;29.60;16.17;1170.3;28.454;955
2026-07-18;08:45:41.013;27.99;50.53028122;18.09201983;9;42.91;23.34;1001.4;39.9;66.0;317.9;14.50;1342;45.938;37.3;30.2;31.2;84.5;44.9541;29.50;16.77;1187.9;28.520;957
2026-07-18;08:45:41.202;29.86;50.53028179;18.09204328;9;43.00;23.10;993.3;39.9;66.1;318.3;13.44;1354;46.013;37.1;30.3;31.0;84.5;44.9540;29.47;16.42;1167.6;28.585;958
2026-07-18;08:45:41.450;30.51;50.53028237;18.09206725;9;42.78;22.40;958.3;40.0;66.1;318.3;12.85;1337;46.088;37.1;30.3;30.8;84.5;44.9539;29.76;15.79;1182.3;28.651;960
2026-07-18;08:45:41.643;31.87;50.53028298;18.09209228;10;42.76;21.95;938.7;40.3;66.4;317.8;14.04;1349;46.163;37.2;30.3;30.6;84.5;44.9538;29.69;16.23;1200.2;28.718;962
2026-07-18;08:45:41.890;32.54;50.53028361;18.09211783;10;42.95;21.88;939.6;40.6;65.9;318.4;14.62;1310;46.235;37.4;30.3;30.6;84.5;44.9538;30.04;15.54;1216.8;28.785;964
2026-07-18;08:45:42.040;33.85;50.53028425;18.09214442;9;42.74;21.28;909.4;40.9;66.4;318.8;15.29;1339;46.310;37.4;30.5;30.5;84.5;44.9537;29.92;16.34;1195.8;28.852;966
2026-07-18;08:45:42.205;34.90;50.53028492;18.09217183;9;42.95;21.56;926.1;40.8;66.1;319.0;15.02;1372;46.386;37.2;30.5;30.7;84.5;44.9536;29.86;16.82;1196.8;28.918;968
2026-07-18;08:45:42.405;35.40;50.53028560;18.09219963;10;42.76;20.78;888.6;41.0;66.5;318.6;14.22;1388;46.463;37.2;30.6;30.5;84.5;44.9535;30.13;16.06;1175.4;28.983;970
2026-07-18;08:45:42.612;36.17;50.53028629;18.09222803;9;42.72;20.25;865.2;41.1;66.4;317.9;14.30;1414;46.542;37.3;30.8;30.6;84.5;44.9535;29.90;16.50;1156.8;29.048;972
2026-07-18;08:45:42.811;37.33;50.53028701;18.09225735;9;42.68;19.91;849.6;40.8;66.5;318.1;14.97;1427;46.621;37.5;31.0;30.7;84.5;44.9534;29.55;17.21;1165.6;29.112;974
2026-07-18;08:45:43.019;38.25;50.53028774;18.09228739;8;42.45;19.16;813.4;41.1;66.9;318.1;15.54;1400;46.699;37.7;31.0;30.5;84.5;44.9533;29.20;17.70;1177.1;29.178;976
2026-07-18;08:45:43.238;37.93;50.53028847;18.09231719;8;42.52;19.90;845.9;40.8;67.6;318.4;16.29;1440;46.779;37.7;31.1;30.4;84.5;44.9532;29.27;17.61;1168.1;29.243;978
2026-07-18;08:45:43.412;37.87;50.53028919;18.09234693;8;42.78;19.11;817.6;40.8;67.9;317.8;15.67;1473;46.861;37.9;31.1;30.5;84.5;44.9531;29.47;17.02;1161.6;29.307;980
2026-07-18;08:45:43.612;38.51;50.53028993;18.09237718;8;42.89;18.63;799.0;41.0;68.4;317.1;14.94;1449;46.941;38.1;30.9;30.6;84.5;44.9531;29.40;16.66;1182.5;29.373;982
2026-07-18;08:45:43.820;39.41;50.53029069;18.09240813;8;43.00;18.55;797.5;40.6;68.7;317.8;14.74;1443;47.021;37.9;31.1;30.4;84.5;44.9530;29.09;17.27;1206.8;29.440;984
2026-07-18;08:45:44.011;39.15;50.53029144;18.09243888;8;43.00;19.15;823.6;40.6;68.4;318.2;14.84;1448;47.102;38.0;30.9;30.3;84.5;44.9529;29.19;17.43;1184.6;29.506;986
2026-07-18;08:45:44.227;39.47;50.53029219;18.09246987;8;42.86;19.74;846.0;40.7;67.8;317.6;13.85;1451;47.182;37.8;31.0;30.4;84.5;44.9528;29.08;17.82;1172.8;29.571;989
2026-07-18;08:45:44.412;40.09;50.53029296;18.09250136;8;42.57;19.39;825.5;40.5;68.0;317.4;13.32;1421;47.261;38.0;30.8;30.2;84.5;44.9527;29.45;17.09;1158.6;29.635;991
2026-07-18;08:45:44.628;39.85;50.53029372;18.09253266;9;42.45;18.74;795.7;40.8;67.4;317.8;13.27;1413;47.340;37.9;30.6;30.1;84.5;44.9527;29.28;16.36;1134.9;29.698;993
2026-07-18;08:45:44.815;40.43;50.53029450;18.09256441;10;42.16;18.77;791.3;41.1;67.9;317.8;13.57;1453;47.420;38.0;30.6;30.0;84.5;44.9526;29.46;15.60;1148.6;29.762;995
2026-07-18;08:45:45.022;41.06;50.53029528;18.09259666;10;42.22;18.01;760.1;40.9;68.1;318.0;12.59;1482;47.503;37.7;30.8;30.1;84.5;44.9525;29.30;15.85;1151.0;29.826;998
2026-07-18;08:45:45.237;41.13;50.53029607;18.09262896;9;42.03;18.15;762.9;41.1;67.7;317.9;12.30;1465;47.584;37.7;30.7;30.3;84.5;44.9524;29.65;16.07;1157.8;29.891;1000
2026-07-18;08:45:45.416;40.67;50.53029685;18.09266091;9;41.83;18.73;783.5;41.0;67.2;318.5;12.63;1436;47.664;37.6;30.7;30.1;84.5;44.9523;29.48;15.80;1148.7;29.954;1002
2026-07-18;08:45:45.633;39.94;50.53029762;18.09269227;8;41.55;19.26;800.3;40.8;67.2;318.3;12.43;1471;47.745;37.6;30.8;30.1;84.5;44.9523;29.70;15.15;1154.7;30.018;1004
2026-07-18;08:45:45.818;40.57;50.53029839;18.09272414;9;41.70;19.56;815.8;40.7;67.2;318.8;13.45;1490;47.828;37.6;30.8;29.9;84.5;44.9522;29.46;15.00;1133.7;30.081;1007
2026-07-18;08:45:46.036;40.78;50.53029917;18.09275617;9;41.46;19.24;797.6;40.5;67.5;318.9;14.65;1493;47.911;37.7;30.9;30.0;84.5;44.9521;29.20;15.52;1146.8;30.145;1009
2026-07-18;08:45:46.219;41.09;50.53029996;18.09278844;8;41.74;18.81;785.2;40.3;66.9;319.4;13.50;1511;47.995;37.5;30.7;30.1;84.5;44.9520;29.09;15.13;1156.7;30.209;1011
2026-07-18;08:45:46.437;41.77;50.53030076;18.09282124;8;41.83;19.11;799.2;40.5;66.8;320.0;14.12;1535;48.080;37.2;30.8;30.3;84.5;44.9519;29.00;15.69;1180.5;30.275;1013
2026-07-18;08:45:46.621;40.90;50.53030155;18.09285337;9;41.92;18.99;796.0;40.6;66.6;320.2;14.25;1533;48.166;37.1;30.9;30.5;84.5;44.9518;29.11;15.78;1172.5;30.340;1016
2026-07-18;08:45:46.847;40.61;50.53030232;18.09288526;8;42.06;19.02;799.9;40.8;67.1;320.7;13.32;1557;48.252;37.0;30.7;30.5;84.5;44.9517;29.00;15.76;1180.5;30.406;1018
2026-07-18;08:45:47.062;40.98;50.53030311;18.09291745;9;41.96;18.37;770.8;40.8;67.4;321.4;14.23;1542;48.338;36.9;30.9;30.7;84.5;44.9517;29.03;15.24;1167.6;30.471;1020
2026-07-18;08:45:47.220;40.56;50.53030389;18.09294931;8;42.01;18.67;784.5;41.2;67.6;321.6;14.21;1506;48.421;36.7;30.7;30.8;84.5;44.9516;29.00;15.03;1142.7;30.534;1023
2026-07-18;08:45:47.420;41.12;50.53030467;18.09298160;9;42.09;18.78;790.7;41.0;67.8;321.2;14.94;1538;48.507;36.6;30.5;31.0;84.5;44.9515;29.00;15.00;1158.5;30.598;1025
2026-07-18;08:45:47.632;41.63;50.53030547;18.09301430;8;42.39;18.67;791.4;40.6;68.4;320.6;14.49;1567;48.594;36.4;30.3;31.0;84.5;44.9514;29.36;15.00;1174.8;30.664;1027
2026-07-18;08:45:47.819;41.74;50.53030627;18.09304708;8;42.61;18.00;767.0;40.9;68.5;320.3;15.20;1596;48.683;36.2;30.2;30.9;84.5;44.9513;29.71;15.54;1192.1;30.730;1029
2026-07-18;08:45:48.027;41.40;50.53030706;18.09307959;9;42.87;18.56;795.6;40.8;68.0;319.7;14.28;1610;48.772;36.4;30.4;30.8;84.5;44.9512;29.50;15.00;1178.0;30.795;1032
2026-07-18;08:45:48.221;40.83;50.53030785;18.09311166;10;42.75;18.21;778.3;40.6;67.9;319.9;14.26;1629;48.863;36.6;30.5;30.6;84.5;44.9511;29.51;15.00;1191.0;30.862;1034
2026-07-18;08:45:48.428;40.48;50.53030862;18.09314346;11;42.97;18.00;773.4;40.4;67.3;320.4;15.40;1602;48.952;36.5;30.3;30.4;84.5;44.9510;29.43;15.30;1197.7;30.928;1036
2026-07-18;08:45:48.642;40.77;50.53030940;18.09317547;12;42.75;18.69;798.8;40.3;67.8;320.0;14.30;1641;49.043;36.3;30.3;30.2;84.5;44.9510;29.68;15.00;1188.0;30.994;1039
2026-07-18;08:45:48.822;40.76;50.53030982;18.09320749;12;42.72;19.05;813.9;40.4;67.3;320.3;14.15;1659;49.135;36.3;30.3;30.1;84.5;44.9509;29.32;15.00;1178.3;31.060;1041
2026-07-18;08:45:49.042;41.24;50.53030903;18.09323988;12;42.47;18.39;781.1;40.5;67.7;320.3;14.45;1629;49.225;36.4;30.2;30.2;84.5;44.9508;29.25;15.65;1161.9;31.124;1043
2026-07-18;08:45:49.222;40.35;50.53030825;18.09327157;11;42.68;18.28;780.2;40.8;68.1;320.5;14.38;1632;49.316;36.3;30.4;30.0;84.5;44.9507;29.22;15.15;1152.7;31.188;1045
2026-07-18;08:45:49.425;40.79;50.53030747;18.09330361;11;42.84;19.03;815.1;40.7;68.4;320.5;13.45;1620;49.406;36.2;30.4;30.2;84.5;44.9506;29.38;15.91;1155.4;31.252;1048
2026-07-18;08:45:49.632;39.92;50.53030671;18.09333496;10;42.69;19.48;831.4;41.1;68.9;320.8;12.31;1653;49.498;36.0;30.5;30.1;84.5;44.9505;29.45;15.51;1177.2;31.318;1050
2026-07-18;08:45:49.825;39.94;50.53030594;18.09336634;11;42.58;20.18;859.1;41.0;69.0;321.0;13.16;1686;49.592;36.2;30.5;29.9;84.5;44.9504;29.22;16.29;1184.6;31.384;1052
2026-07-18;08:45:50.033;39.28;50.53030519;18.09339718;10;42.34;20.12;852.0;41.3;69.3;321.0;13.55;1675;49.685;36.1;30.4;30.0;84.5;44.9503;29.16;16.67;1185.1;31.449;1054
2026-07-18;08:45:50.250;39.91;50.53030443;18.09342853;11;42.45;19.42;824.2;41.1;68.8;321.3;14.08;1666;49.777;36.0;30.3;30.0;84.5;44.9502;29.00;17.23;1178.7;31.515;1056
2026-07-18;08:45:50.426;39.47;50.53030367;18.09345953;11;42.29;20.14;851.8;40.8;68.8;321.0;14.20;1672;49.870;36.2;30.1;29.9;84.5;44.9501;29.34;17.74;1174.6;31.580;1059
2026-07-18;08:45:50.646;40.31;50.53030290;18.09349119;12;42.21;20.54;867.2;40.9;69.1;321.5;13.91;1645;49.961;36.3;30.0;29.7;84.5;44.9500;29.32;18.59;1181.1;31.646;1061
2026-07-18;08:45:50.829;40.96;50.53030211;18.09352336;13;42.19;20.71;873.8;40.5;69.4;321.2;13.64;1640;50.053;36.4;30.0;29.7;84.5;44.9499;29.13;19.20;1157.4;31.710;1063
2026-07-18;08:45:51.045;40.60;50.53030134;18.09355525;14;41.96;21.49;901.7;40.7;69.1;321.5;13.46;1624;50.143;36.4;30.0;29.8;84.5;44.9499;29.19;19.07;1158.6;31.774;1065
2026-07-18;08:45:51.228;40.89;50.53030055;18.09358737;15;41.75;22.20;926.9;41.1;69.1;321.2;12.63;1611;50.232;36.6;30.0;29.6;84.5;44.9498;29.00;19.65;1142.5;31.838;1068
2026-07-18;08:45:51.445;41.00;50.53029953;18.09361911;14;41.87;22.47;941.0;41.1;69.4;321.7;13.00;1581;50.320;36.8;30.0;29.4;84.5;44.9497;29.00;18.75;1162.7;31.902;1070
2026-07-18;08:45:51.631;39.12;50.53029796;18.09364976;14;41.81;21.81;912.0;41.0;69.2;322.3;13.73;1543;50.406;36.9;30.1;29.2;84.5;44.9496;29.31;19.14;1177.8;31.968;1072
2026-07-18;08:45:51.830;37.41;50.53029646;18.09367907;15;41.64;22.09;919.7;40.6;69.9;322.5;13.69;1510;50.490;37.1;30.0;29.3;84.5;44.9495;29.42;19.30;1202.0;32.035;1074
2026-07-18;08:45:52.037;35.91;50.53029502;18.09370720;14;41.45;21.95;909.7;40.5;69.5;322.3;14.45;1545;50.576;37.0;30.2;29.5;84.5;44.9494;29.25;18.96;1217.1;32.102;1076
2026-07-18;08:45:52.234;34.16;50.53029364;18.09373397;14;41.40;21.51;890.7;40.9;69.1;322.3;15.60;1514;50.660;36.8;30.3;29.4;84.5;44.9493;29.30;18.40;1227.4;32.171;1078
2026-07-18;08:45:52.444;33.41;50.53029230;18.09376014;15;41.58;21.99;914.5;40.8;69.8;322.6;14.50;1494;50.743;36.7;30.3;29.2;84.5;44.9493;29.67;18.89;1231.8;32.239;1080
2026-07-18;08:45:52.635;32.28;50.53029100;18.09378543;16;41.88;21.61;904.9;40.9;69.4;323.0;13.96;1528;50.828;36.9;30.2;29.2;84.5;44.9492;29.74;19.10;1255.4;32.309;1082
2026-07-18;08:45:52.845;31.06;50.53028976;18.09380977;15;42.05;21.62;909.1;41.0;68.9;323.6;12.84;1552;50.914;37.1;30.4;29.3;84.5;44.9491;30.01;18.36;1270.6;32.379;1083
2026-07-18;08:45:53.033;30.11;50.53028855;18.09383336;15;41.95;21.41;898.3;40.8;69.1;323.5;11.72;1560;51.001;37.3;30.2;29.4;84.5;44.9490;29.68;18.13;1287.4;32.451;1085
2026-07-18;08:45:53.242;28.99;50.53028738;18.09385607;14;41.69;20.72;863.7;40.7;68.5;324.1;11.11;1572;51.088;37.3;30.4;29.2;84.5;44.9489;29.42;19.02;1306.1;32.523;1087
2026-07-18;08:45:53.433;28.80;50.53028622;18.09387863;14;41.56;20.04;832.8;40.7;68.3;323.7;12.18;1535;51.173;37.2;30.2;29.1;84.5;44.9488;29.08;19.06;1315.1;32.596;1088
2026-07-18;08:45:53.641;28.32;50.53028509;18.09390081;15;41.57;19.28;801.4;41.0;68.9;324.1;12.30;1567;51.260;37.1;30.1;29.1;84.5;44.9487;29.26;18.27;1295.7;32.668;1090
2026-07-18;08:45:53.834;27.49;50.53028398;18.09392235;15;41.42;18.75;776.7;41.3;68.3;323.8;13.48;1584;51.348;37.3;30.0;29.0;84.5;44.9487;29.42;17.85;1281.9;32.740;1091
2026-07-18;08:45:54.051;26.73;50.53028291;18.09394329;14;41.70;18.66;777.8;41.3;67.8;324.3;13.22;1575;51.436;37.2;30.2;29.2;84.5;44.9486;29.60;18.59;1293.5;32.811;1093
2026-07-18;08:45:54.236;25.97;50.53028187;18.09396363;14;41.47;18.85;781.7;41.5;68.4;324.1;13.21;1584;51.524;37.3;30.4;29.3;84.5;44.9485;29.50;17.71;1285.0;32.883;1094
2026-07-18;08:45:54.453;25.24;50.53028085;18.09398340;15;41.30;18.46;762.5;41.1;68.9;324.5;13.62;1604;51.613;37.2;30.3;29.3;84.5;44.9484;29.61;17.23;1271.0;32.953;1096
2026-07-18;08:45:54.669;24.91;50.53027910;18.09400202;14;41.06;18.22;748.1;40.7;68.5;324.5;14.29;1594;51.701;37.2;30.5;29.2;84.5;44.9483;29.85;17.40;1259.9;33.023;1097
2026-07-18;08:45:54.837;26.61;50.53027148;18.09401917;13;41.20;18.09;745.4;40.9;68.3;324.9;15.22;1580;51.789;37.1;30.6;29.3;84.5;44.9482;29.46;17.77;1284.6;33.095;1099
2026-07-18;08:45:55.097;27.57;50.53026359;18.09403693;14;41.21;18.19;749.5;41.0;68.1;324.5;16.33;1608;51.878;36.9;30.5;29.2;84.5;44.9481;29.62;18.57;1270.6;33.165;1100
2026-07-18;08:45:55.237;29.44;50.53025516;18.09405589;13;41.40;18.00;745.2;41.2;67.9;324.2;17.14;1581;51.966;36.8;30.6;29.2;84.5;44.9480;29.80;19.32;1250.8;33.235;1102
2026-07-18;08:45:55.439;29.98;50.53024658;18.09407520;12;41.44;18.00;745.8;41.0;67.4;323.6;15.95;1573;52.054;36.6;30.4;29.4;84.5;44.9479;29.85;18.67;1249.4;33.304;1103
2026-07-18;08:45:55.645;31.30;50.53023761;18.09409537;11;41.23;18.00;742.1;41.0;66.8;324.0;15.81;1605;52.143;36.7;30.1;29.2;84.5;44.9479;30.21;18.29;1247.6;33.374;1105
2026-07-18;08:45:55.839;32.02;50.53022845;18.09411599;11;41.28;18.48;762.7;40.7;66.6;323.3;15.99;1571;52.230;36.7;30.2;29.2;84.5;44.9478;29.88;18.66;1270.9;33.444;1107
2026-07-18;08:45:56.046;32.07;50.53021927;18.09413665;12;41.17;18.57;764.7;41.1;66.0;323.3;15.13;1541;52.316;36.5;30.3;29.1;84.5;44.9477;29.99;18.32;1249.2;33.514;1109
2026-07-18;08:45:56.240;32.20;50.53021005;18.09415740;12;41.00;19.08;782.3;41.1;65.5;323.6;15.33;1542;52.401;36.4;30.2;29.3;84.5;44.9476;30.00;18.54;1245.6;33.583;1111
2026-07-18;08:45:56.447;32.78;50.53020066;18.09417851;12;41.10;19.09;784.7;41.4;65.2;323.9;15.01;1546;52.487;36.5;30.4;29.2;84.5;44.9475;30.20;19.36;1227.3;33.651;1112
2026-07-18;08:45:56.642;34.16;50.53019088;18.09420052;11;40.96;19.42;795.6;41.7;64.6;324.4;15.26;1568;52.574;36.6;30.5;29.2;84.5;44.9474;30.48;18.66;1244.6;33.720;1114
2026-07-18;08:45:56.850;34.44;50.53018102;18.09422270;11;40.79;19.22;784.1;41.9;64.3;324.6;14.45;1605;52.664;36.5;30.7;29.0;84.5;44.9473;30.45;19.34;1241.1;33.789;1116
2026-07-18;08:45:57.042;34.32;50.53017119;18.09424481;12;40.81;19.38;791.0;41.9;64.7;325.1;13.61;1612;52.753;36.5;30.6;29.2;84.5;44.9472;30.16;18.55;1242.2;33.858;1118
2026-07-18;08:45:57.258;34.12;50.53016143;18.09426679;13;41.11;19.86;816.6;41.9;65.4;325.5;12.85;1597;52.842;36.6;30.7;29.0;84.5;44.9472;30.50;18.71;1225.7;33.926;1120
2026-07-18;08:45:57.444;34.41;50.53015157;18.09428615;12;40.93;20.11;823.3;41.7;65.9;325.1;12.58;1573;52.929;36.6;30.8;29.2;84.5;44.9471;30.22;19.26;1232.4;33.995;1122
2026-07-18;08:45:57.652;34.90;50.53014051;18.09430735;11;40.68;20.66;840.4;41.6;66.5;325.1;11.93;1548;53.015;36.7;31.0;29.3;84.5;44.9470;30.31;18.74;1217.7;34.062;1124
2026-07-18;08:45:57.846;35.05;50.53012940;18.09432864;11;40.64;21.01;853.9;41.6;67.2;325.1;11.67;1536;53.101;36.4;31.2;29.5;84.5;44.9469;29.92;18.47;1198.1;34.129;1126
2026-07-18;08:45:58.045;36.12;50.53011795;18.09435059;10;40.49;20.95;848.1;41.9;66.5;325.3;11.17;1521;53.185;36.4;31.1;29.3;84.5;44.9468;30.15;19.31;1203.5;34.196;1128
2026-07-18;08:45:58.263;37.11;50.53010619;18.09437314;11;40.64;20.58;836.6;41.8;66.1;324.7;10.41;1521;53.270;36.6;31.4;29.2;84.5;44.9467;30.37;19.93;1220.7;34.264;1130
2026-07-18;08:45:58.489;37.21;50.53009439;18.09439574;12;40.87;21.08;861.8;41.5;65.6;324.1;11.49;1554;53.356;36.4;31.1;29.1;84.5;44.9466;30.31;19.19;1205.3;34.331;1132
2026-07-18;08:45:58.647;36.70;50.53008276;18.09441804;12;40.68;21.67;881.5;41.2;65.5;324.1;11.34;1524;53.441;36.3;31.2;29.3;84.5;44.9466;30.55;19.69;1228.2;34.399;1134
2026-07-18;08:45:58.847;36.86;50.53007108;18.09444043;12;40.63;21.53;874.7;41.3;65.1;324.6;11.73;1542;53.526;36.5;31.1;29.1;84.5;44.9465;30.78;20.29;1233.6;34.467;1136
2026-07-18;08:45:59.063;36.53;50.53005950;18.09446263;13;40.46;21.82;883.0;41.2;65.4;324.3;11.16;1551;53.612;36.7;31.3;29.2;84.5;44.9464;30.96;20.27;1212.4;34.535;1138
2026-07-18;08:45:59.250;36.40;50.53004796;18.09448474;14;40.28;22.06;888.7;41.2;65.2;323.8;11.90;1588;53.701;36.9;31.5;29.0;84.5;44.9463;31.20;19.86;1197.6;34.601;1140
2026-07-18;08:45:59.460;36.46;50.53003640;18.09450690;14;40.31;21.80;878.6;41.2;65.2;323.9;10.78;1624;53.791;36.9;31.7;29.0;84.5;44.9462;30.84;19.37;1213.5;34.669;1142
2026-07-18;08:45:59.648;37.61;50.53002448;18.09452975;13;40.01;21.22;849.1;41.2;65.0;323.5;11.36;1612;53.880;36.7;31.8;29.1;84.5;44.9461;30.63;19.13;1189.7;34.735;1144
2026-07-18;08:45:59.855;38.48;50.53001228;18.09455313;14;39.78;21.00;835.3;41.6;65.0;323.1;11.25;1645;53.972;36.7;31.8;29.1;84.5;44.9460;30.52;18.37;1191.3;34.801;1146
2026-07-18;08:46:00.050;39.15;50.52999987;18.09457691;15;39.74;21.76;864.5;41.3;64.5;322.4;11.10;1684;54.065;36.7;31.9;29.0;84.5;44.9459;30.82;18.92;1174.0;34.866;1148
2026-07-18;08:46:00.258;39.08;50.52998748;18.09460066;16;39.49;22.55;890.6;41.5;64.1;322.6;10.09;1692;54.159;36.8;31.7;29.1;84.5;44.9458;30.75;18.40;1168.8;34.931;1151
2026-07-18;08:46:00.451;39.48;50.52997497;18.09462464;15;39.52;22.22;878.0;41.6;64.6;322.5;10.74;1697;54.254;36.9;31.7;29.0;84.5;44.9457;30.36;17.95;1148.2;34.995;1153
2026-07-18;08:46:00.660;40.20;50.52996223;18.09464907;16;39.51;22.06;871.5;41.4;64.2;321.9;11.55;1706;54.348;36.7;31.8;29.0;84.5;44.9457;30.21;17.83;1168.0;35.060;1155
2026-07-18;08:46:00.851;40.53;50.52994938;18.09467369;16;39.32;22.29;876.5;41.2;64.1;322.6;11.20;1670;54.441;36.6;31.9;29.0;84.5;44.9456;30.38;17.32;1186.8;35.126;1157
2026-07-18;08:46:01.058;40.77;50.52993645;18.09469846;16;39.52;22.32;881.8;41.3;64.1;322.2;12.09;1651;54.533;36.9;31.7;29.0;84.5;44.9455;30.18;17.80;1195.0;35.192;1160
2026-07-18;08:46:01.253;41.45;50.52992331;18.09472365;15;39.62;22.45;889.5;41.3;64.6;321.6;13.14;1656;54.625;37.0;31.5;29.2;84.5;44.9454;30.32;18.59;1193.4;35.258;1162
2026-07-18;08:46:01.460;41.35;50.52991021;18.09474877;14;39.43;21.89;863.2;41.3;64.5;322.2;13.41;1626;54.715;37.0;31.3;29.4;84.5;44.9453;30.04;18.87;1206.3;35.325;1164
2026-07-18;08:46:01.655;41.68;50.52989700;18.09477409;14;39.71;22.64;899.1;41.1;64.8;321.9;13.31;1612;54.805;37.0;31.2;29.5;84.5;44.9452;29.80;19.04;1228.8;35.394;1167
2026-07-18;08:46:01.863;41.55;50.52988382;18.09479934;13;39.67;22.11;877.1;41.3;64.2;322.5;14.34;1633;54.896;37.3;31.1;29.3;84.5;44.9451;29.55;19.08;1207.3;35.461;1169
2026-07-18;08:46:02.057;41.53;50.52987066;18.09482457;12;39.54;22.44;887.4;41.5;64.0;322.8;14.48;1630;54.986;37.2;31.3;29.2;84.5;44.9450;29.71;19.78;1218.8;35.528;1171
2026-07-18;08:46:02.268;40.79;50.52985773;18.09484935;12;39.70;22.10;877.5;41.6;64.6;323.4;14.58;1592;55.075;37.2;31.1;29.5;84.4;44.9449;30.06;20.04;1203.1;35.595;1173
2026-07-18;08:46:02.457;40.51;50.52984489;18.09487396;12;39.51;22.36;883.6;41.5;64.4;323.9;15.09;1592;55.163;37.1;31.0;29.7;84.4;44.9448;29.77;20.16;1190.4;35.661;1176
2026-07-18;08:46:02.665;40.97;50.52983191;18.09489884;11;39.23;21.96;861.4;41.5;63.7;323.3;14.42;1576;55.251;37.2;31.1;29.8;84.4;44.9447;29.62;19.58;1198.0;35.728;1178
2026-07-18;08:46:02.859;41.08;50.52981889;18.09492380;11;39.08;22.34;873.2;41.2;63.8;323.0;13.59;1565;55.338;36.9;30.9;30.1;84.4;44.9447;29.91;19.66;1197.4;35.794;1180
2026-07-18;08:46:03.077;40.23;50.52980613;18.09494824;10;39.29;22.15;870.1;41.4;63.6;323.3;13.76;1595;55.426;36.8;31.1;30.3;84.4;44.9446;29.51;19.68;1176.7;35.860;1182
2026-07-18;08:46:03.259;40.31;50.52979280;18.09497273;10;39.05;22.11;863.3;41.6;63.5;324.0;14.16;1570;55.513;36.8;31.2;30.3;84.4;44.9445;29.38;19.64;1181.5;35.925;1185
2026-07-18;08:46:03.478;40.11;50.52977949;18.09499629;9;39.17;21.56;844.4;41.3;63.0;324.6;12.97;1564;55.600;36.7;31.1;30.2;84.4;44.9444;29.59;19.09;1164.7;35.990;1187
2026-07-18;08:46:03.662;39.38;50.52976641;18.09501942;9;39.15;21.24;831.7;41.0;62.5;324.4;12.25;1572;55.688;36.6;31.1;30.0;84.4;44.9443;29.81;19.08;1154.3;36.054;1189
2026-07-18;08:46:03.882;39.04;50.52975345;18.09504235;9;38.93;21.44;834.5;41.0;61.9;324.2;13.08;1532;55.773;36.4;31.1;30.1;84.4;44.9442;30.06;19.14;1153.4;36.118;1191
2026-07-18;08:46:04.102;38.77;50.52974058;18.09506512;8;38.67;21.18;819.1;40.9;61.6;324.3;12.35;1527;55.857;36.3;31.3;29.9;84.4;44.9441;30.05;18.62;1158.9;36.183;1193
2026-07-18;08:46:04.263;38.21;50.52972790;18.09508756;8;38.55;20.58;793.4;40.6;61.6;324.8;12.90;1496;55.941;36.1;31.2;29.8;84.4;44.9441;30.01;18.54;1161.5;36.247;1196
2026-07-18;08:46:04.463;39.10;50.52971492;18.09511053;8;38.57;20.85;804.3;40.7;61.9;324.6;12.89;1501;56.024;36.0;31.2;29.8;84.4;44.9440;29.84;19.13;1184.6;36.313;1198
2026-07-18;08:46:04.671;39.22;50.52970190;18.09513356;9;38.39;21.59;828.8;40.3;61.6;324.9;14.07;1527;56.109;36.1;31.4;29.8;84.4;44.9439;30.06;19.20;1177.0;36.379;1200
2026-07-18;08:46:04.865;38.60;50.52968909;18.09515623;10;38.59;21.88;844.4;40.0;62.0;325.5;14.97;1549;56.195;36.1;31.6;30.0;84.4;44.9438;30.03;19.60;1174.0;36.444;1202
2026-07-18;08:46:05.073;38.54;50.52967629;18.09517887;9;38.64;22.66;875.5;40.2;61.6;325.3;15.41;1549;56.281;35.9;31.7;29.9;84.4;44.9437;29.67;19.14;1163.8;36.508;1204
2026-07-18;08:46:05.265;38.29;50.52966407;18.09520136;9;38.54;23.27;896.8;40.3;62.2;324.7;15.39;1511;56.365;36.0;31.4;29.7;84.4;44.9436;29.56;19.72;1183.6;36.574;1206
2026-07-18;08:46:05.472;37.69;50.52965213;18.09522426;9;38.53;22.63;871.9;40.2;61.8;325.2;16.18;1489;56.448;36.1;31.6;29.8;84.4;44.9436;29.17;18.91;1159.7;36.639;1208
2026-07-18;08:46:05.667;38.57;50.52963990;18.09524769;9;38.39;23.41;898.5;40.1;62.0;324.7;16.19;1520;56.532;36.0;31.8;29.7;84.4;44.9435;29.26;18.31;1140.6;36.702;1211
2026-07-18;08:46:05.874;38.97;50.52962755;18.09527137;9;38.68;23.11;893.8;40.4;62.0;325.1;16.95;1543;56.618;35.8;31.9;29.5;84.4;44.9434;29.00;18.98;1131.8;36.765;1213
2026-07-18;08:46:06.067;39.62;50.52961499;18.09529544;8;38.80;22.93;889.6;40.2;62.3;325.6;15.81;1561;56.704;35.9;31.8;29.3;84.4;44.9433;29.00;18.38;1118.5;36.827;1215
2026-07-18;08:46:06.573;39.21;50.52960256;18.09531926;9;38.63;23.54;909.5;40.4;62.0;326.0;16.19;1530;56.789;35.9;31.8;29.5;84.4;44.9432;29.31;18.49;1099.7;36.888;1217
2026-07-18;08:46:06.573;39.21;50.52959013;18.09534308;10;38.68;24.31;940.4;40.1;62.6;326.6;16.37;1567;56.876;35.7;31.7;29.4;84.4;44.9431;29.00;19.34;1086.0;36.948;1219
2026-07-18;08:46:06.719;39.52;50.52957761;18.09536709;11;38.85;24.82;964.2;40.2;62.4;326.6;15.83;1531;56.962;35.9;31.6;29.4;84.4;44.9430;29.00;20.08;1106.7;37.010;1221
2026-07-18;08:46:06.873;39.70;50.52956502;18.09539121;10;38.82;24.53;952.3;40.2;62.5;326.7;15.15;1539;57.047;36.1;31.3;29.4;84.4;44.9430;29.33;20.92;1109.6;37.072;1224
2026-07-18;08:46:07.073;40.43;50.52955220;18.09541578;10;38.99;24.71;963.4;40.2;62.8;326.3;15.92;1503;57.131;36.1;31.3;29.6;84.4;44.9429;29.49;21.78;1129.3;37.134;1226
2026-07-18;08:46:07.291;39.95;50.52953867;18.09544005;11;39.28;24.89;977.9;40.6;62.9;325.9;16.76;1490;57.213;36.1;31.1;29.6;84.4;44.9428;29.64;22.37;1105.6;37.196;1228
2026-07-18;08:46:07.516;39.69;50.52952549;18.09546336;10;39.01;24.85;969.2;40.8;62.7;325.5;16.46;1515;57.297;36.4;31.3;29.8;84.4;44.9427;29.77;22.28;1121.9;37.258;1230
2026-07-18;08:46:07.674;40.20;50.52951215;18.09548697;11;39.29;24.41;959.0;40.8;62.2;325.2;16.14;1523;57.382;36.1;31.3;29.8;84.4;44.9426;29.86;23.08;1126.8;37.321;1233
2026-07-18;08:46:07.871;40.79;50.52949861;18.09551092;12;39.20;25.18;987.1;40.5;61.9;324.7;16.89;1537;57.467;36.2;31.2;30.0;84.4;44.9425;30.18;23.07;1117.7;37.383;1235
2026-07-18;08:46:08.083;40.05;50.52948531;18.09553445;12;39.47;24.57;969.9;40.3;61.3;324.5;17.59;1527;57.552;36.2;31.3;29.8;84.4;44.9424;30.13;22.97;1093.3;37.443;1237
2026-07-18;08:46:08.273;39.73;50.52947212;18.09555779;12;39.27;24.51;962.4;39.9;60.8;325.1;17.97;1547;57.638;36.1;31.3;29.8;84.4;44.9424;30.40;22.23;1081.6;37.504;1239
2026-07-18;08:46:08.492;40.00;50.52945884;18.09558128;11;39.31;24.91;979.3;40.0;60.9;324.6;17.00;1573;57.726;36.2;31.4;29.9;84.4;44.9423;30.66;22.04;1081.5;37.564;1241
2026-07-18;08:46:08.671;40.25;50.52944548;18.09560492;11;39.39;24.89;980.5;40.0;60.7;324.9;17.31;1571;57.813;36.2;31.3;29.8;84.4;44.9422;30.39;21.48;1086.4;37.624;1244
2026-07-18;08:46:08.894;40.92;50.52943190;18.09562895;12;39.62;24.75;980.7;40.2;60.2;325.3;17.18;1571;57.900;36.1;31.5;30.0;84.4;44.9421;30.74;21.70;1079.4;37.684;1246
2026-07-18;08:46:09.086;40.99;50.52941815;18.09565198;13;39.89;24.83;990.5;40.4;59.9;325.2;17.07;1602;57.989;36.3;31.5;29.8;84.4;44.9420;31.08;22.18;1056.1;37.743;1248
2026-07-18;08:46:09.300;40.82;50.52940130;18.09567004;14;40.10;25.13;1007.5;40.5;60.1;325.1;17.09;1580;58.077;36.2;31.4;30.0;84.4;44.9419;31.00;21.60;1049.5;37.801;1251
2026-07-18;08:46:09.469;40.07;50.52938475;18.09568777;14;40.00;25.01;1000.5;40.2;60.5;325.6;17.58;1561;58.164;36.3;31.6;30.2;84.4;44.9418;30.73;22.48;1066.9;37.860;1253
2026-07-18;08:46:09.672;39.61;50.52936839;18.09570530;15;39.98;25.26;1009.9;40.2;60.5;325.2;17.21;1533;58.249;36.3;31.8;30.1;84.4;44.9418;30.91;23.14;1084.7;37.920;1255
2026-07-18;08:46:09.879;39.03;50.52935227;18.09572257;15;40.23;25.10;1010.0;39.9;60.9;325.0;17.20;1517;58.333;36.5;31.9;30.0;84.4;44.9417;31.22;22.70;1075.8;37.980;1257
2026-07-18;08:46:10.071;38.64;50.52933632;18.09573966;15;40.48;24.87;1006.9;39.7;60.5;324.4;17.10;1500;58.417;36.6;32.0;30.0;84.4;44.9416;31.00;23.06;1064.4;38.039;1259
2026-07-18;08:46:10.278;39.04;50.52932020;18.09575693;16;40.24;25.56;1028.3;39.9;60.1;324.7;18.01;1479;58.499;36.7;32.2;30.0;84.4;44.9415;31.24;23.62;1070.9;38.099;1261
2026-07-18;08:46:10.470;39.44;50.52930391;18.09577438;15;40.17;24.86;998.8;40.1;60.4;324.1;19.08;1497;58.582;36.7;32.0;29.9;84.4;44.9414;31.10;22.93;1050.7;38.157;1264
2026-07-18;08:46:10.691;38.87;50.52928786;18.09579158;15;40.33;25.45;1026.3;39.9;61.0;324.3;19.79;1522;58.666;36.9;31.8;30.0;84.4;44.9413;30.83;22.54;1034.4;38.215;1266
2026-07-18;08:46:10.907;38.67;50.52927189;18.09580869;16;40.09;25.34;1016.1;39.6;60.3;324.7;20.29;1496;58.750;36.9;31.5;30.2;84.4;44.9413;31.09;22.98;1019.6;38.271;1268
2026-07-18;08:46:11.072;37.34;50.52925647;18.09582521;15;39.92;25.79;1029.6;40.0;60.4;325.1;21.46;1523;58.834;36.9;31.6;30.0;84.4;44.9412;30.93;23.38;1004.1;38.327;1270
2026-07-18;08:46:11.274;35.72;50.52924172;18.09584102;14;39.99;25.97;1038.5;40.0;60.4;325.7;22.58;1541;58.920;37.0;31.4;29.9;84.4;44.9411;31.32;22.77;989.1;38.382;1272
2026-07-18;08:46:11.483;34.54;50.52922746;18.09585630;14;39.78;25.70;1022.4;39.8;60.6;325.5;22.98;1532;59.005;36.8;31.5;30.1;84.4;44.9410;30.98;22.75;964.3;38.436;1274
2026-07-18;08:46:11.676;33.00;50.52921383;18.09587090;13;39.81;25.87;1030.0;39.6;60.4;326.0;23.40;1547;59.091;37.1;31.7;30.1;84.4;44.9409;30.85;22.18;940.0;38.488;1276
2026-07-18;08:46:11.884;31.76;50.52920071;18.09588495;12;39.87;26.25;1046.5;39.5;61.0;326.1;23.03;1583;59.179;36.8;31.7;29.9;84.4;44.9408;30.88;21.75;957.3;38.541;1278
2026-07-18;08:46:12.077;30.63;50.52918806;18.09589850;12;40.17;26.78;1075.8;39.9;61.6;325.5;22.00;1575;59.266;36.9;31.6;29.7;84.4;44.9407;30.58;22.02;972.0;38.595;1279
2026-07-18;08:46:12.285;30.19;50.52917559;18.09591186;13;40.16;27.39;1100.0;39.6;60.9;324.9;22.15;1561;59.353;36.9;31.7;29.6;84.4;44.9406;30.93;22.11;949.5;38.648;1281
2026-07-18;08:46:12.483;29.82;50.52916328;18.09592505;12;40.41;28.07;1134.3;39.8;61.1;325.3;22.56;1562;59.440;36.7;31.9;29.8;84.4;44.9406;30.85;21.71;957.3;38.701;1283
2026-07-18;08:46:12.689;29.52;50.52915109;18.09593812;11;40.13;28.81;1156.0;40.0;61.8;324.7;21.47;1535;59.525;36.5;31.9;29.8;84.4;44.9405;30.76;21.80;944.2;38.753;1284
2026-07-18;08:46:12.905;28.95;50.52914043;18.09595099;12;40.21;29.52;1187.0;40.1;62.2;324.4;21.24;1522;59.610;36.3;31.8;30.0;84.4;44.9404;30.71;22.21;958.4;38.807;1286
2026-07-18;08:46:13.078;28.43;50.52914848;18.09596939;11;40.12;30.11;1207.9;40.4;62.4;324.4;20.18;1557;59.696;36.4;31.7;30.3;84.4;44.9403;30.55;22.99;936.2;38.859;1287
2026-07-18;08:46:13.280;28.36;50.52915652;18.09598776;12;40.32;29.52;1190.4;40.7;62.1;324.2;20.31;1575;59.784;36.3;32.0;30.4;84.4;44.9402;30.61;23.49;916.2;38.910;1289
2026-07-18;08:46:13.489;27.56;50.52916432;18.09600560;11;40.38;28.76;1161.4;40.7;62.5;324.3;19.86;1544;59.869;36.6;31.8;30.3;84.4;44.9401;30.59;23.47;899.3;38.960;1291
2026-07-18;08:46:13.684;27.42;50.52917209;18.09602335;12;40.25;28.56;1149.6;40.5;62.4;324.2;19.97;1584;59.957;36.8;31.6;30.2;84.4;44.9400;30.74;24.15;923.8;39.011;1292
2026-07-18;08:46:13.893;26.70;50.52917965;18.09604064;12;40.18;28.83;1158.4;40.2;63.0;324.4;20.15;1544;60.043;36.7;31.8;30.0;84.4;44.9400;30.80;24.90;921.3;39.062;1294
2026-07-18;08:46:14.084;26.14;50.52918706;18.09605756;13;40.23;29.55;1189.1;40.2;63.4;324.9;19.36;1546;60.129;36.8;31.6;29.8;84.4;44.9399;30.57;25.78;910.6;39.113;1295
2026-07-18;08:46:14.295;26.21;50.52919448;18.09607453;13;40.31;29.88;1204.5;39.9;62.7;325.1;19.88;1576;60.217;36.7;31.6;29.7;84.4;44.9398;30.44;25.24;920.9;39.164;1296
2026-07-18;08:46:14.487;25.76;50.52920178;18.09609121;12;40.10;30.68;1230.2;40.1;62.4;325.3;19.33;1571;60.304;36.5;31.7;29.6;84.4;44.9397;30.68;26.14;925.7;39.215;1298
2026-07-18;08:46:14.694;25.02;50.52920887;18.09610741;12;39.94;30.60;1222.1;40.0;62.8;325.5;18.90;1590;60.392;36.8;31.9;29.8;84.4;44.9396;30.84;26.57;909.1;39.266;1299
2026-07-18;08:46:14.888;24.96;50.52919728;18.09613883;12;40.12;30.54;1225.1;40.1;62.9;326.1;18.93;1556;60.479;36.8;32.1;29.7;84.4;44.9395;30.82;26.53;886.9;39.315;1301
2026-07-18;08:46:15.093;27.22;50.52918953;18.09615640;12;40.30;30.84;1242.9;39.7;62.8;326.5;19.90;1583;60.567;36.9;31.9;29.6;84.4;44.9394;30.63;26.32;862.0;39.363;1302
2026-07-18;08:46:15.287;28.65;50.52918137;18.09617490;11;40.05;31.62;1266.3;40.0;62.1;327.0;20.54;1607;60.656;37.0;31.7;29.6;84.4;44.9393;30.70;25.78;855.0;39.410;1304
2026-07-18;08:46:15.497;30.56;50.52917266;18.09619464;10;40.26;31.84;1282.1;39.6;61.7;326.5;20.54;1577;60.743;36.9;31.8;29.7;84.4;44.9393;30.80;25.42;865.1;39.458;1305
2026-07-18;08:46:15.690;31.59;50.52916366;18.09621503;10;40.20;31.72;1275.1;39.9;61.9;325.9;20.43;1615;60.833;36.9;31.9;29.8;84.4;44.9392;30.72;25.38;888.4;39.508;1307
2026-07-18;08:46:15.899;32.44;50.52915442;18.09623598;10;39.97;31.76;1269.4;39.5;61.9;326.4;21.38;1634;60.924;36.9;31.7;29.6;84.4;44.9391;30.95;25.71;891.3;39.557;1309
2026-07-18;08:46:16.090;33.99;50.52914474;18.09625793;11;39.75;32.49;1291.3;39.8;61.9;326.3;21.66;1612;61.013;36.8;31.6;29.5;84.4;44.9390;30.63;26.48;894.0;39.607;1311
2026-07-18;08:46:16.300;35.25;50.52913470;18.09628068;11;39.98;32.30;1291.5;39.8;62.1;326.0;21.44;1640;61.105;36.7;31.8;29.3;84.4;44.9389;30.77;25.90;914.2;39.658;1313
2026-07-18;08:46:16.494;36.26;50.52912437;18.09630410;11;39.82;31.92;1271.0;40.1;61.9;326.4;21.64;1659;61.197;36.9;32.1;29.1;84.4;44.9388;30.73;26.77;927.4;39.709;1315
2026-07-18;08:46:16.699;36.16;50.52911407;18.09632745;10;40.01;31.55;1262.5;40.2;62.6;325.9;21.69;1668;61.289;36.7;32.3;29.0;84.4;44.9387;31.07;26.11;923.0;39.761;1317
2026-07-18;08:46:16.892;36.31;50.52910372;18.09635089;11;39.96;31.42;1255.2;40.0;63.0;326.3;22.41;1669;61.382;36.7;32.2;29.0;84.4;44.9386;31.46;26.87;933.3;39.812;1319
2026-07-18;08:46:17.110;35.95;50.52909348;18.09637410;11;40.18;30.79;1237.2;39.6;63.1;326.5;22.33;1656;61.474;36.6;32.0;29.0;84.4;44.9385;31.58;27.38;916.0;39.863;1321
2026-07-18;08:46:17.295;35.64;50.52908333;18.09639712;11;40.07;30.16;1208.5;39.5;62.8;326.9;22.66;1640;61.565;36.7;32.1;29.0;84.4;44.9384;31.73;27.75;898.2;39.913;1323
2026-07-18;08:46:17.510;36.50;50.52907293;18.09642069;12;40.33;30.62;1235.0;39.3;62.5;326.3;23.40;1606;61.654;36.9;32.2;29.1;84.4;44.9383;31.88;27.22;908.2;39.964;1325
2026-07-18;08:46:17.694;36.56;50.52906252;18.09644429;13;40.55;31.25;1267.4;39.3;62.2;326.1;24.34;1612;61.744;36.8;32.2;29.3;84.4;44.9383;31.66;27.72;918.1;40.015;1327
2026-07-18;08:46:17.909;37.11;50.52905195;18.09646825;12;40.57;31.08;1261.1;39.5;62.5;325.4;24.22;1586;61.832;36.6;32.1;29.3;84.4;44.9382;31.73;28.22;894.4;40.064;1329
2026-07-18;08:46:18.094;36.67;50.52904150;18.09649193;11;40.87;31.00;1266.7;39.2;63.1;324.7;23.11;1575;61.920;36.8;32.3;29.6;84.4;44.9381;31.61;28.79;881.5;40.113;1331
2026-07-18;08:46:18.311;36.51;50.52903110;18.09651551;12;41.02;30.44;1248.9;39.0;63.4;324.7;23.24;1587;62.008;36.8;32.4;29.7;84.4;44.9380;31.47;28.32;905.9;40.164;1333
2026-07-18;08:46:18.497;36.19;50.52902079;18.09653888;11;40.88;31.10;1271.6;39.2;64.0;324.1;22.71;1598;62.097;36.6;32.2;29.9;84.4;44.9379;31.64;28.20;888.9;40.213;1335
2026-07-18;08:46:18.713;37.29;50.52901017;18.09656296;12;40.96;30.64;1255.1;39.5;64.0;324.4;22.87;1567;62.184;36.8;32.3;29.7;84.4;44.9378;31.92;28.13;906.2;40.263;1337
2026-07-18;08:46:18.900;37.24;50.52899956;18.09658701;12;41.08;30.59;1256.9;39.4;63.7;324.8;21.75;1553;62.270;36.9;32.5;29.8;84.4;44.9377;31.58;28.76;898.3;40.313;1339
2026-07-18;08:46:19.108;38.05;50.52898872;18.09661158;13;40.90;30.57;1250.5;39.5;63.4;325.0;21.60;1533;62.355;37.0;32.7;30.1;84.4;44.9376;31.43;29.51;883.4;40.362;1341
2026-07-18;08:46:19.301;37.96;50.52897790;18.09663609;13;40.73;30.29;1233.9;39.6;63.1;324.4;20.66;1507;62.439;36.9;32.7;30.0;84.4;44.9376;31.48;29.35;903.8;40.413;1343
2026-07-18;08:46:19.509;37.89;50.52896711;18.09666055;13;41.00;30.16;1236.6;39.4;63.6;325.1;21.13;1510;62.523;37.0;32.9;29.9;84.4;44.9375;31.79;29.48;895.9;40.462;1346
2026-07-18;08:46:19.702;37.73;50.52895636;18.09668492;12;40.83;29.62;1209.5;39.6;64.0;324.7;20.53;1504;62.606;37.2;33.0;29.8;84.4;44.9374;31.84;29.12;880.8;40.511;1348
2026-07-18;08:46:19.909;38.04;50.52894553;18.09670948;12;41.07;29.08;1194.4;39.3;64.4;325.3;20.61;1465;62.688;37.0;33.1;29.9;84.4;44.9373;32.23;29.88;902.0;40.561;1350
2026-07-18;08:46:20.102;38.68;50.52893451;18.09673445;12;41.22;29.32;1208.4;39.2;64.2;325.7;20.77;1464;62.769;37.2;33.1;30.2;84.4;44.9372;31.98;29.46;906.7;40.612;1352
2026-07-18;08:46:20.309;38.26;50.52892361;18.09675916;11;41.51;29.32;1217.2;39.3;64.5;325.6;21.75;1449;62.849;37.0;33.0;30.2;84.4;44.9372;32.02;29.91;895.0;40.662;1354
2026-07-18;08:46:20.501;38.10;50.52891275;18.09678376;11;41.72;29.75;1241.2;39.2;65.0;326.2;21.70;1469;62.931;37.3;33.1;30.2;84.4;44.9371;31.64;29.48;877.0;40.710;1356
2026-07-18;08:46:20.709;38.87;50.52890168;18.09680830;12;41.63;30.26;1259.5;39.5;65.3;326.5;22.59;1490;63.014;37.4;33.0;30.1;84.4;44.9370;31.87;30.19;874.2;40.759;1358
2026-07-18;08:46:20.901;38.87;50.52889038;18.09683315;12;41.65;30.55;1272.3;39.5;65.2;325.8;21.70;1466;63.095;37.4;32.7;30.1;84.4;44.9369;32.17;29.37;854.1;40.806;1360
2026-07-18;08:46:21.108;38.26;50.52887927;18.09685762;11;41.54;30.28;1257.9;39.9;65.4;326.3;21.31;1434;63.175;37.2;32.9;30.3;84.4;44.9368;31.80;28.48;854.1;40.854;1363
2026-07-18;08:46:21.302;38.01;50.52886822;18.09688192;10;41.27;30.97;1277.9;40.1;66.1;325.7;21.73;1436;63.255;37.2;33.1;30.5;84.4;44.9367;31.72;28.68;860.9;40.902;1365
2026-07-18;08:46:21.509;37.70;50.52885726;18.09690602;10;41.05;31.27;1283.5;39.9;65.9;326.4;21.66;1404;63.333;37.0;33.1;30.3;84.4;44.9367;31.86;28.99;862.2;40.949;1367
2026-07-18;08:46:21.705;37.98;50.52884623;18.09693030;11;40.87;31.34;1280.9;39.7;65.4;326.0;20.74;1440;63.413;37.0;32.9;30.2;84.4;44.9366;31.95;28.54;887.1;40.999;1369
2026-07-18;08:46:21.913;37.99;50.52883519;18.09695459;11;40.97;30.82;1262.6;39.4;65.7;326.1;21.65;1459;63.494;37.0;32.8;30.3;84.4;44.9365;31.68;28.60;876.3;41.047;1371
2026-07-18;08:46:22.106;38.53;50.52882399;18.09697922;10;40.82;31.04;1267.0;39.4;65.7;326.0;21.86;1459;63.575;36.8;32.9;30.1;84.4;44.9364;31.77;28.98;871.2;41.096;1373
2026-07-18;08:46:22.314;39.33;50.52881256;18.09700436;9;40.94;31.39;1285.1;39.5;65.3;326.6;22.18;1468;63.656;36.9;33.0;30.1;84.4;44.9363;32.03;29.74;868.0;41.144;1375
2026-07-18;08:46:22.506;39.81;50.52880099;18.09702982;9;41.21;31.28;1289.1;39.9;64.9;326.8;22.23;1447;63.737;36.9;33.2;29.9;84.4;44.9363;31.85;29.53;861.8;41.192;1378
2026-07-18;08:46:22.712;39.65;50.52878947;18.09705517;8;41.31;31.75;1311.7;39.7;65.1;327.2;21.62;1420;63.816;37.0;33.1;29.9;84.4;44.9362;32.03;29.14;873.6;41.240;1380
2026-07-18;08:46:22.908;40.17;50.52877780;18.09708085;8;41.13;31.98;1315.3;39.9;65.0;326.7;21.80;1400;63.893;37.1;33.2;29.8;84.4;44.9361;32.28;29.28;875.6;41.289;1382
2026-07-18;08:46:23.116;40.22;50.52876611;18.09710656;8;41.29;31.74;1310.7;39.8;65.5;326.8;21.38;1403;63.971;36.9;33.0;29.7;84.4;44.9360;32.59;28.87;880.0;41.338;1384
2026-07-18;08:46:23.312;40.60;50.52875469;18.09713252;9;41.59;31.16;1295.7;39.9;65.5;327.0;21.96;1406;64.050;37.0;33.0;29.4;84.4;44.9360;32.67;29.37;871.7;41.386;1386
2026-07-18;08:46:23.518;39.13;50.52874384;18.09715810;10;41.30;30.47;1258.3;39.7;66.2;327.7;20.86;1428;64.129;36.8;33.1;29.5;84.4;44.9359;32.77;29.37;886.5;41.436;1389
2026-07-18;08:46:23.711;37.81;50.52873335;18.09718282;10;41.30;30.67;1266.5;39.6;66.3;328.1;20.66;1454;64.210;36.8;33.2;29.7;84.4;44.9358;32.52;30.07;882.9;41.485;1391
2026-07-18;08:46:23.918;36.12;50.52872333;18.09720643;10;41.40;30.78;1274.1;39.3;65.7;328.1;20.25;1448;64.290;36.9;33.1;30.0;84.4;44.9357;32.62;30.18;878.7;41.534;1393
2026-07-18;08:46:24.112;34.33;50.52871381;18.09722887;9;41.38;30.64;1268.0;39.4;65.4;327.8;21.02;1434;64.370;37.1;33.1;30.2;84.4;44.9356;32.45;29.44;859.5;41.581;1395
2026-07-18;08:46:24.329;33.00;50.52870466;18.09725044;8;41.39;30.60;1266.6;39.7;65.8;328.2;19.94;1407;64.448;37.1;33.1;30.4;84.4;44.9356;32.42;29.49;879.1;41.630;1396
2026-07-18;08:46:24.511;32.20;50.52869573;18.09727150;8;41.62;30.89;1285.6;39.7;65.4;328.8;19.35;1418;64.527;37.0;33.0;30.4;84.4;44.9355;32.47;28.93;865.3;41.678;1398
2026-07-18;08:46:24.726;31.61;50.52868696;18.09729216;8;41.48;31.20;1294.2;39.5;65.9;328.7;18.49;1393;64.604;37.0;33.2;30.6;84.4;44.9354;32.38;28.38;875.6;41.727;1400
2026-07-18;08:46:24.912;31.20;50.52867831;18.09731256;8;41.30;31.94;1319.1;39.2;65.8;329.1;19.59;1364;64.680;37.0;33.4;30.5;84.4;44.9353;32.63;27.54;897.8;41.777;1402
2026-07-18;08:46:25.127;30.02;50.52866998;18.09733218;8;41.33;31.52;1302.6;39.6;65.6;328.7;20.00;1399;64.758;36.9;33.3;30.7;84.4;44.9352;32.89;26.79;912.9;41.827;1403
2026-07-18;08:46:25.343;29.20;50.52866189;18.09735127;9;41.05;30.97;1271.2;39.4;66.1;328.6;19.17;1387;64.835;36.8;33.2;30.7;84.4;44.9352;32.83;26.03;915.4;41.878;1405
2026-07-18;08:46:25.512;28.47;50.52865399;18.09736988;9;40.78;30.44;1241.5;39.6;66.2;329.0;20.08;1375;64.911;36.6;33.1;30.8;84.4;44.9351;32.96;26.90;924.1;41.930;1407
2026-07-18;08:46:25.718;27.68;50.52864631;18.09738798;9;40.87;31.21;1275.6;39.8;66.1;328.7;20.45;1403;64.989;36.3;33.2;30.7;84.4;44.9350;32.78;26.69;948.5;41.982;1408
2026-07-18;08:46:25.925;27.55;50.52863867;18.09740599;9;40.57;31.21;1266.4;39.4;66.2;328.7;21.23;1375;65.065;36.3;33.4;30.6;84.3;44.9349;32.56;26.96;952.9;42.035;1410
2026-07-18;08:46:26.115;26.95;50.52863120;18.09742361;9;40.66;31.93;1298.1;39.5;66.1;328.0;20.42;1373;65.142;36.3;33.6;30.8;84.3;44.9349;32.27;26.84;944.9;42.088;1411
2026-07-18;08:46:26.321;26.10;50.52862396;18.09744067;9;40.89;32.27;1319.4;39.7;66.0;327.6;21.35;1361;65.217;36.2;33.4;30.7;84.3;44.9348;32.05;26.90;964.7;42.141;1413
2026-07-18;08:46:26.515;25.53;50.52861353;18.09745112;9;41.15;31.53;1297.4;39.8;66.1;327.9;20.67;1384;65.294;36.3;33.5;30.6;84.3;44.9347;31.99;26.79;974.9;42.195;1414
2026-07-18;08:46:26.721;25.14;50.52860105;18.09745327;9;41.41;31.18;1291.5;39.9;66.4;328.4;20.15;1379;65.371;36.3;33.4;30.5;84.3;44.9346;31.87;26.52;978.4;42.250;1415
2026-07-18;08:46:26.919;24.56;50.52858885;18.09745537;9;41.23;31.86;1313.5;40.2;66.2;328.7;20.46;1407;65.449;36.3;33.7;30.5;84.3;44.9346;32.24;27.08;967.7;42.304;1417
2026-07-18;08:46:27.131;23.94;50.52857696;18.09745742;8;41.29;31.40;1296.3;40.1;66.5;329.3;19.39;1388;65.526;36.4;33.5;30.4;84.3;44.9345;32.13;27.06;983.9;42.358;1418
2026-07-18;08:46:27.320;23.69;50.52856520;18.09745945;8;41.41;31.36;1298.6;39.7;66.6;329.7;20.33;1397;65.604;36.4;33.4;30.2;84.3;44.9344;31.82;27.94;987.1;42.413;1419
2026-07-18;08:46:27.535;23.97;50.52855329;18.09746150;8;41.35;31.06;1284.1;39.3;66.1;329.5;19.31;1367;65.680;36.2;33.2;30.0;84.3;44.9343;31.73;27.86;991.0;42.468;1421
2026-07-18;08:46:27.722;24.24;50.52854125;18.09746358;8;41.36;30.45;1259.5;39.1;66.7;329.7;18.22;1402;65.757;36.1;33.3;29.8;84.3;44.9342;31.37;28.71;1001.5;42.524;1422
2026-07-18;08:46:27.944;24.15;50.52852926;18.09746564;8;41.53;29.98;1245.2;39.4;67.2;329.9;18.50;1382;65.834;36.3;33.1;29.8;84.3;44.9342;31.21;29.17;1000.3;42.579;1423
2026-07-18;08:46:28.210;23.91;50.52851739;18.09746769;8;41.82;30.15;1260.8;39.4;67.2;329.2;17.51;1373;65.911;36.2;33.2;29.6;84.3;44.9341;30.89;29.92;1007.8;42.635;1425
2026-07-18;08:46:28.548;23.72;50.52850561;18.09746972;9;41.69;29.47;1228.6;39.4;67.4;329.4;17.38;1396;65.988;36.1;33.1;29.5;84.3;44.9340;30.69;29.41;997.5;42.691;1426
2026-07-18;08:46:28.700;24.08;50.52849365;18.09747179;8;41.57;30.03;1248.6;39.5;67.5;329.9;17.02;1426;66.067;36.1;32.9;29.6;84.3;44.9339;30.58;28.76;976.5;42.745;1427
2026-07-18;08:46:28.824;24.13;50.52848166;18.09747385;9;41.31;29.46;1217.1;39.6;67.3;329.2;18.00;1404;66.145;36.2;32.9;29.7;84.3;44.9339;30.28;28.63;959.8;42.798;1429
2026-07-18;08:46:28.968;24.09;50.52846970;18.09747591;10;41.44;28.82;1194.4;39.2;67.0;329.2;17.00;1369;66.221;36.2;33.0;29.8;84.3;44.9338;30.34;28.41;970.3;42.852;1430
2026-07-18;08:46:29.128;23.74;50.52845791;18.09747795;10;41.44;29.32;1215.0;39.5;66.9;328.9;17.44;1340;66.296;36.0;33.2;29.6;84.3;44.9337;30.16;28.83;947.0;42.905;1431
2026-07-18;08:46:29.328;23.89;50.52844605;18.09747999;11;41.69;29.42;1226.2;39.8;66.3;328.4;18.23;1360;66.371;35.9;33.4;29.9;84.3;44.9336;29.97;28.19;956.8;42.958;1433
2026-07-18;08:46:29.544;23.41;50.52843442;18.09748200;12;41.62;28.69;1194.1;39.4;66.0;328.8;17.87;1321;66.445;35.8;33.6;30.0;84.3;44.9336;29.76;27.37;964.0;43.012;1434
2026-07-18;08:46:29.728;23.17;50.52842292;18.09748398;13;41.54;28.17;1170.1;39.8;66.7;328.1;16.71;1343;66.519;35.6;33.8;30.2;84.3;44.9335;29.79;27.68;965.3;43.065;1435
2026-07-18;08:46:29.962;23.40;50.52841130;18.09748598;12;41.75;28.97;1209.4;40.1;66.3;327.5;16.09;1341;66.594;35.6;34.0;30.4;84.3;44.9334;29.95;27.32;970.7;43.119;1437
2026-07-18;08:46:30.133;23.10;50.52839982;18.09748796;12;41.54;29.63;1230.8;39.8;67.0;326.8;15.87;1326;66.668;35.8;33.8;30.5;84.3;44.9333;30.34;27.43;979.1;43.174;1438
2026-07-18;08:46:30.335;22.79;50.52838850;18.09748991;11;41.38;29.03;1201.5;40.1;66.4;327.1;16.39;1291;66.739;36.0;33.9;30.7;84.3;44.9333;30.44;27.53;986.9;43.228;1439
2026-07-18;08:46:30.588;22.72;50.52837722;18.09749186;12;41.12;28.38;1167.0;40.3;65.7;326.8;17.43;1253;66.809;35.9;34.2;30.7;84.3;44.9332;30.74;27.13;965.3;43.282;1440
2026-07-18;08:46:30.810;23.04;50.52836578;18.09749383;13;40.99;28.83;1181.9;40.5;65.6;326.4;17.98;1280;66.880;36.1;34.1;30.5;84.3;44.9331;30.63;26.93;983.7;43.337;1442
2026-07-18;08:46:30.931;22.58;50.52835456;18.09749577;14;40.92;29.07;1189.7;40.5;65.8;326.8;17.18;1253;66.950;36.3;34.2;30.5;84.3;44.9331;30.85;26.48;968.3;43.390;1443
2026-07-18;08:46:31.138;22.87;50.52834321;18.09749772;14;40.81;29.52;1204.8;40.6;65.6;327.2;17.46;1279;67.021;36.4;34.1;30.4;84.3;44.9330;30.93;26.40;970.2;43.444;1444
2026-07-18;08:46:31.354;23.09;50.52833174;18.09749970;13;40.53;29.69;1203.1;40.3;65.8;327.8;18.06;1261;67.091;36.5;34.1;30.4;84.3;44.9329;31.26;27.24;980.3;43.499;1446
2026-07-18;08:46:31.532;23.13;50.52831991;18.09748891;14;40.83;30.26;1235.3;40.4;66.2;327.8;19.10;1247;67.160;36.3;33.9;30.5;84.3;44.9328;31.26;26.35;980.8;43.553;1447
2026-07-18;08:46:31.751;22.67;50.52831063;18.09747870;13;40.92;29.58;1210.2;40.1;66.6;327.6;19.46;1279;67.231;36.2;33.8;30.5;84.3;44.9328;31.51;27.10;968.8;43.607;1448
2026-07-18;08:46:31.990;22.84;50.52830128;18.09746841;14;40.76;30.14;1228.3;40.1;66.9;328.2;19.23;1304;67.303;36.2;33.8;30.5;84.3;44.9327;31.79;27.10;992.7;43.662;1449
2026-07-18;08:46:32.198;23.01;50.52829186;18.09745805;15;40.54;30.10;1220.4;39.8;66.7;327.6;18.17;1334;67.378;36.3;33.6;30.5;84.3;44.9326;32.05;27.75;969.1;43.716;1451
2026-07-18;08:46:32.336;22.92;50.52828248;18.09744773;15;40.73;30.87;1257.4;39.4;66.8;328.0;17.79;1314;67.451;36.2;33.6;30.4;84.3;44.9325;32.20;28.62;976.9;43.770;1452
2026-07-18;08:46:32.533;22.72;50.52827317;18.09743749;14;40.67;30.99;1260.4;39.6;66.5;328.3;17.65;1291;67.522;36.1;33.6;30.3;84.3;44.9325;31.93;28.44;957.4;43.824;1453
2026-07-18;08:46:32.748;22.85;50.52826382;18.09742720;13;40.90;30.29;1238.9;39.4;66.3;328.2;17.46;1283;67.594;36.1;33.6;30.2;84.3;44.9324;32.17;28.66;939.1;43.876;1454
2026-07-18;08:46:32.935;23.22;50.52825431;18.09741674;13;40.83;29.77;1215.5;39.5;66.3;327.9;17.77;1296;67.666;36.0;33.7;30.1;84.3;44.9323;31.96;28.98;947.1;43.928;1456
2026-07-18;08:46:33.148;22.87;50.52824495;18.09740644;12;40.86;29.02;1185.7;39.2;66.5;327.3;17.24;1335;67.740;36.1;33.5;30.3;84.3;44.9323;32.08;28.91;929.6;43.980;1457
2026-07-18;08:46:33.502;22.79;50.52823562;18.09739618;12;40.95;29.34;1201.4;39.0;67.1;327.0;18.32;1359;67.815;36.2;33.6;30.3;84.3;44.9322;32.19;29.44;947.0;44.033;1458
2026-07-18;08:46:33.648;23.09;50.52822616;18.09738578;11;40.86;29.19;1192.6;38.6;67.4;326.8;18.09;1328;67.889;36.1;33.7;30.1;84.3;44.9321;32.56;28.79;941.5;44.085;1460
2026-07-18;08:46:33.734;23.17;50.52821668;18.09737534;12;40.87;29.30;1197.6;38.5;66.8;326.3;17.90;1289;67.961;36.2;33.9;29.9;84.3;44.9320;32.39;29.68;929.4;44.137;1461
2026-07-18;08:46:33.955;23.19;50.52820718;18.09736490;12;40.75;28.67;1168.2;38.3;66.9;327.0;16.92;1277;68.032;36.4;33.9;29.8;84.3;44.9320;32.29;29.62;920.0;44.188;1462
2026-07-18;08:46:34.193;22.68;50.52819789;18.09735468;11;40.62;28.87;1172.5;38.6;66.9;327.4;15.99;1288;68.103;36.2;33.9;29.6;84.3;44.9319;32.13;29.14;926.1;44.239;1463
2026-07-18;08:46:34.338;23.21;50.52818839;18.09734423;10;40.73;29.11;1185.6;38.6;67.3;327.6;17.01;1250;68.173;36.4;33.7;29.7;84.3;44.9318;32.01;28.70;901.7;44.289;1465
2026-07-18;08:46:34.540;22.74;50.52817908;18.09733399;10;40.93;28.43;1163.7;38.5;67.5;327.0;17.08;1242;68.242;36.4;33.6;29.5;84.3;44.9318;32.27;28.49;889.3;44.339;1466
2026-07-18;08:46:34.748;23.26;50.52816956;18.09732351;11;40.75;28.87;1176.2;38.2;67.9;327.0;17.61;1223;68.310;36.5;33.8;29.6;84.3;44.9317;32.37;27.62;889.7;44.388;1467
2026-07-18;08:46:34.943;22.90;50.52816018;18.09731320;10;40.87;28.50;1164.6;37.9;68.0;326.3;18.55;1242;68.378;36.3;34.0;29.6;84.3;44.9316;32.66;27.57;874.4;44.437;1469
2026-07-18;08:46:35.152;23.32;50.52815064;18.09730270;10;40.81;27.81;1134.6;37.9;68.3;326.2;19.62;1220;68.446;36.1;33.8;29.7;84.3;44.9316;32.68;27.77;854.5;44.484;1470
2026-07-18;08:46:35.340;23.72;50.52814092;18.09729201;9;40.99;27.39;1122.4;37.7;68.7;326.4;19.91;1192;68.513;36.0;33.7;29.5;84.3;44.9315;32.52;26.95;844.1;44.531;1471
2026-07-18;08:46:35.549;23.49;50.52813130;18.09728143;10;41.24;27.44;1131.7;37.5;68.8;326.2;19.00;1192;68.579;35.8;33.5;29.3;84.3;44.9314;32.73;27.67;856.2;44.579;1472
2026-07-18;08:46:35.742;23.79;50.52812156;18.09727072;11;41.20;27.21;1121.0;37.6;68.5;325.7;20.01;1218;68.646;35.9;33.6;29.3;84.3;44.9314;32.99;28.10;834.7;44.625;1474
2026-07-18;08:46:35.956;23.69;50.52811186;18.09726005;11;41.27;26.51;1094.3;37.7;69.2;325.3;19.10;1210;68.714;35.7;33.3;29.4;84.3;44.9313;32.98;28.66;851.6;44.672;1475
2026-07-18;08:46:36.141;23.84;50.52810210;18.09724931;12;41.48;27.15;1126.3;37.6;68.8;325.6;18.42;1214;68.781;35.9;33.1;29.4;84.3;44.9312;33.08;29.02;869.5;44.721;1476
2026-07-18;08:46:36.433;23.58;50.52809244;18.09723869;11;41.52;27.29;1133.1;37.6;68.3;325.3;17.23;1236;68.850;36.0;33.0;29.6;84.3;44.9312;32.96;29.63;848.5;44.768;1478
2026-07-18;08:46:36.580;23.30;50.52808290;18.09722819;12;41.33;27.88;1152.5;37.6;68.5;326.0;16.07;1220;68.917;36.0;32.8;29.8;84.3;44.9311;33.26;29.66;853.7;44.815;1479
2026-07-18;08:46:36.756;23.12;50.52807343;18.09721778;13;41.41;28.05;1161.7;37.4;69.1;326.6;15.49;1183;68.983;35.8;33.1;30.0;84.3;44.9310;33.08;30.13;868.7;44.863;1480
2026-07-18;08:46:36.976;23.36;50.52806387;18.09720726;12;41.56;28.66;1191.4;37.6;69.1;327.2;15.35;1198;69.050;36.0;33.1;30.1;84.3;44.9310;33.41;30.66;888.9;44.913;1482
2026-07-18;08:46:37.155;22.98;50.52805446;18.09719691;11;41.55;28.36;1178.3;37.7;68.7;326.5;15.65;1168;69.115;36.2;33.0;29.9;84.3;44.9309;33.38;30.37;890.7;44.962;1483
2026-07-18;08:46:37.349;23.33;50.52804491;18.09718640;12;41.32;28.26;1167.8;37.8;68.9;326.5;15.84;1165;69.179;36.0;33.2;29.7;84.3;44.9308;33.49;30.30;876.4;45.011;1484
2026-07-18;08:46:37.583;22.82;50.52803556;18.09717612;13;41.47;28.10;1165.1;37.5;69.4;326.6;15.86;1171;69.244;35.9;33.4;29.5;84.3;44.9308;33.46;29.81;872.0;45.059;1485
2026-07-18;08:46:37.748;23.06;50.52802987;18.09716780;14;41.52;28.05;1164.7;37.2;69.1;326.9;15.32;1132;69.307;35.8;33.2;29.3;84.3;44.9307;33.76;30.62;888.9;45.109;1487
2026-07-18;08:46:38.189;23.98;50.52802877;18.09714903;15;41.24;28.18;1162.1;37.5;68.6;327.4;16.43;1142;69.371;36.0;33.2;29.2;84.3;44.9306;33.99;29.81;865.2;45.157;1488
2026-07-18;08:46:38.263;25.07;50.52802761;18.09712942;16;41.21;27.96;1152.2;37.1;69.1;327.0;16.38;1140;69.434;36.1;33.1;29.4;84.3;44.9306;33.82;30.54;858.3;45.204;1489
2026-07-18;08:46:38.348;26.01;50.52802642;18.09710906;16;41.36;27.77;1148.7;37.4;68.7;327.5;17.01;1149;69.498;36.0;33.2;29.2;84.3;44.9305;33.79;30.02;875.8;45.253;1491
2026-07-18;08:46:38.571;27.16;50.52802517;18.09708781;16;41.08;27.62;1134.5;37.6;68.2;327.4;16.36;1135;69.561;35.9;33.1;29.2;84.3;44.9304;33.50;30.40;899.0;45.303;1492
2026-07-18;08:46:38.803;29.12;50.52802382;18.09706502;16;40.89;27.60;1128.4;37.3;68.3;327.1;17.49;1156;69.625;36.0;32.9;29.3;84.3;44.9304;33.40;30.61;881.1;45.352;1494
2026-07-18;08:46:39.023;29.58;50.52802246;18.09704187;16;41.09;26.93;1106.6;36.9;68.5;327.7;16.71;1154;69.689;35.8;33.1;29.4;84.3;44.9303;33.23;29.89;904.0;45.402;1496
2026-07-18;08:46:39.153;30.14;50.52802108;18.09701828;16;41.12;26.92;1107.0;36.7;68.8;327.4;16.90;1117;69.751;35.5;33.2;29.4;84.3;44.9302;33.00;29.60;895.6;45.452;1497
2026-07-18;08:46:39.353;31.41;50.52802000;18.09698814;15;40.86;26.12;1067.3;36.5;68.9;327.2;16.54;1135;69.814;35.6;33.1;29.4;84.3;44.9302;32.76;29.43;901.9;45.502;1499
2026-07-18;08:46:39.566;31.62;50.52802000;18.09696329;14;41.05;26.08;1070.7;36.4;69.1;326.6;16.02;1162;69.879;35.6;33.0;29.6;84.3;44.9301;33.09;29.35;895.2;45.552;1501
2026-07-18;08:46:39.756;32.92;50.52802000;18.09693742;14;41.04;26.53;1088.8;36.6;68.5;327.3;15.96;1150;69.943;35.7;33.0;29.5;84.3;44.9301;33.24;29.37;900.5;45.602;1503
2026-07-18;08:46:39.974;33.32;50.52802000;18.09691123;13;41.24;26.65;1099.1;36.4;69.1;327.0;15.60;1126;70.005;35.5;32.8;29.7;84.3;44.9300;33.35;29.97;898.7;45.652;1505
2026-07-18;08:46:40.156;33.61;50.52802000;18.09688481;14;41.27;27.21;1122.8;36.1;69.0;327.7;16.20;1120;70.068;35.7;32.6;29.7;84.3;44.9299;33.61;29.84;875.9;45.700;1506
2026-07-18;08:46:40.385;33.87;50.52802000;18.09685819;13;41.55;27.48;1141.7;35.8;68.4;327.8;15.76;1109;70.129;35.6;32.6;29.5;84.3;44.9299;33.55;30.68;890.6;45.750;1508
2026-07-18;08:46:40.591;35.08;50.52802000;18.09683062;12;41.56;27.04;1123.9;35.8;68.4;327.1;16.62;1113;70.191;35.6;32.7;29.7;84.3;44.9298;33.43;31.18;882.6;45.799;1510
2026-07-18;08:46:40.876;35.74;50.52802000;18.09680253;13;41.80;27.66;1156.2;35.8;68.6;327.1;16.45;1141;70.254;35.8;32.5;29.9;84.3;44.9297;33.73;30.33;896.3;45.849;1512
2026-07-18;08:46:41.010;36.74;50.52802000;18.09677365;13;41.72;27.84;1161.4;35.4;69.0;326.8;16.77;1158;70.319;35.5;32.2;30.0;84.3;44.9297;34.01;29.72;903.6;45.899;1514
2026-07-18;08:46:41.171;37.45;50.52802000;18.09674422;14;41.76;27.06;1130.2;35.1;68.4;326.9;16.35;1137;70.382;35.7;32.4;30.1;84.3;44.9296;33.77;30.26;887.3;45.948;1516
2026-07-18;08:46:41.417;37.18;50.52802000;18.09671500;15;41.48;26.38;1094.5;35.2;68.2;327.0;16.99;1156;70.446;35.7;32.3;30.3;84.3;44.9296;33.88;30.82;868.1;45.996;1518
2026-07-18;08:46:41.558;36.92;50.52802000;18.09668598;15;41.69;26.16;1090.9;35.1;68.3;327.0;17.57;1130;70.509;35.9;32.5;30.5;84.3;44.9295;33.49;31.43;877.3;46.045;1520
2026-07-18;08:46:41.756;36.97;50.52801928;18.09665692;16;41.40;25.54;1057.6;34.8;68.0;326.7;18.40;1126;70.571;36.0;32.3;30.4;84.3;44.9294;33.31;31.61;859.6;46.093;1523
2026-07-18;08:46:41.964;36.74;50.52801838;18.09662808;16;41.48;25.93;1075.4;34.7;68.1;327.3;18.67;1160;70.636;35.9;32.3;30.5;84.3;44.9294;32.92;31.56;846.1;46.140;1525
2026-07-18;08:46:42.163;37.40;50.52801746;18.09659872;16;41.52;25.21;1046.7;35.1;67.6;326.8;19.24;1128;70.699;35.7;32.6;30.3;84.3;44.9293;32.71;31.00;827.7;46.186;1527
2026-07-18;08:46:42.371;38.41;50.52801652;18.09656857;16;41.47;24.48;1015.3;35.4;67.9;326.3;19.90;1110;70.760;35.7;32.4;30.2;84.3;44.9292;32.95;30.33;809.5;46.231;1529
2026-07-18;08:46:42.562;38.94;50.52801556;18.09653800;17;41.63;24.98;1039.9;35.8;67.9;325.7;20.00;1088;70.821;35.6;32.3;30.0;84.3;44.9292;32.92;31.23;800.6;46.275;1531
2026-07-18;08:46:42.776;38.47;50.52801462;18.09650780;18;41.84;24.94;1043.7;35.5;67.7;325.9;19.31;1098;70.882;35.6;32.4;29.9;84.3;44.9291;33.10;31.18;787.0;46.319;1533
2026-07-18;08:46:42.986;37.99;50.52801369;18.09647798;19;41.71;24.54;1023.4;35.5;67.7;325.6;20.37;1130;70.944;35.4;32.6;29.8;84.3;44.9291;33.09;31.49;787.8;46.363;1535
2026-07-18;08:46:43.221;37.76;50.52801276;18.09644834;18;41.88;25.18;1054.6;35.3;67.3;325.8;19.81;1103;71.006;35.2;32.5;29.7;84.3;44.9290;33.04;30.91;779.6;46.406;1537
2026-07-18;08:46:43.366;37.88;50.52801183;18.09641860;18;42.13;25.18;1060.7;35.3;67.3;325.9;18.67;1074;71.065;35.1;32.4;29.8;84.3;44.9289;33.21;31.56;767.6;46.449;1539
2026-07-18;08:46:43.562;37.42;50.52801091;18.09638923;17;42.20;24.58;1037.2;35.6;67.7;325.5;17.55;1039;71.123;35.0;32.6;29.7;84.3;44.9289;33.15;31.91;760.0;46.491;1541
2026-07-18;08:46:43.828;38.05;50.52801000;18.09635936;17;42.40;24.21;1026.2;36.0;68.2;325.7;17.85;1063;71.182;34.9;32.5;29.8;84.3;44.9288;32.78;32.14;765.6;46.534;1544
2026-07-18;08:46:43.979;38.47;50.52801000;18.09632913;18;42.26;23.86;1008.2;36.0;67.6;325.4;16.87;1093;71.243;34.7;32.4;29.8;84.3;44.9288;32.57;31.57;756.4;46.576;1546
2026-07-18;08:46:44.163;39.29;50.52801000;18.09629825;18;41.97;24.01;1007.7;35.6;67.6;325.7;15.97;1093;71.304;34.9;32.6;29.7;84.3;44.9287;32.54;31.23;779.1;46.619;1548
2026-07-18;08:46:44.397;39.04;50.52801000;18.09626756;17;42.19;23.46;989.9;35.8;68.0;325.7;16.38;1081;71.364;35.1;32.8;29.7;84.3;44.9286;32.32;30.59;779.6;46.662;1550
2026-07-18;08:46:44.564;38.69;50.52801000;18.09623715;18;42.02;23.40;983.1;35.5;68.6;326.1;15.89;1043;71.422;35.1;32.9;29.7;84.3;44.9286;32.19;30.96;800.7;46.707;1552
2026-07-18;08:46:44.781;38.61;50.52801000;18.09620681;18;42.23;23.63;998.0;35.3;68.1;326.6;15.27;1052;71.480;35.1;32.7;29.4;84.3;44.9285;31.83;31.35;805.7;46.751;1554
2026-07-18;08:46:45.053;38.79;50.52801000;18.09617632;17;42.15;22.89;965.0;35.2;67.6;326.0;14.90;1046;71.538;35.0;32.8;29.6;84.3;44.9285;31.49;31.09;808.5;46.796;1557
2026-07-18;08:46:45.202;38.60;50.52801000;18.09614599;18;41.86;22.78;953.3;34.9;67.1;325.3;15.29;1056;71.597;34.9;33.0;29.8;84.3;44.9284;31.39;31.69;810.6;46.841;1559
2026-07-18;08:46:45.363;39.23;50.52801000;18.09611515;18;41.87;22.81;955.3;34.5;67.4;325.0;16.41;1017;71.653;34.7;33.2;29.7;84.3;44.9283;31.63;31.90;815.5;46.887;1561
2026-07-18;08:46:45.564;38.76;50.52801000;18.09608469;19;42.02;22.66;952.1;34.4;67.0;325.2;16.20;986;71.708;34.9;33.1;29.4;84.3;44.9283;31.57;31.97;830.3;46.933;1563
2026-07-18;08:46:45.794;38.52;50.52801000;18.09605442;19;42.27;23.27;983.5;34.7;67.3;324.6;17.23;998;71.764;34.8;32.9;29.6;84.3;44.9282;31.56;32.38;845.9;46.980;1565
2026-07-18;08:46:45.993;38.03;50.52801048;18.09602453;18;41.99;22.49;944.4;34.7;67.6;325.2;16.70;962;71.817;34.8;32.9;29.5;84.3;44.9282;31.34;32.32;862.2;47.028;1567
2026-07-18;08:46:46.230;38.83;50.52801144;18.09599405;17;41.97;22.33;937.3;34.7;67.2;325.0;16.55;992;71.872;34.8;32.9;29.4;84.3;44.9281;31.39;31.72;850.7;47.075;1569
2026-07-18;08:46:46.436;38.44;50.52801238;18.09596387;17;41.70;23.07;962.1;35.0;67.8;324.4;16.00;1018;71.929;34.5;32.7;29.3;84.3;44.9281;31.69;31.14;873.1;47.124;1572
2026-07-18;08:46:46.650;38.95;50.52801333;18.09593330;17;41.61;23.57;980.8;35.4;68.3;324.1;16.80;1008;71.985;34.8;32.8;29.5;84.3;44.9280;31.79;31.89;856.6;47.171;1574
2026-07-18;08:46:46.772;38.58;50.52801428;18.09590301;17;41.51;22.97;953.3;35.1;68.8;324.6;16.00;1010;72.041;34.6;32.7;29.5;84.3;44.9280;31.91;32.50;846.7;47.218;1576
2026-07-18;08:46:46.974;38.85;50.52801523;18.09587252;16;41.73;23.18;967.2;35.3;68.1;324.5;16.03;977;72.095;34.5;32.9;29.5;84.3;44.9279;31.96;32.46;839.5;47.265;1578
2026-07-18;08:46:47.223;39.13;50.52801619;18.09584180;15;41.48;22.83;947.0;35.6;68.8;324.1;15.14;945;72.148;34.7;32.9;29.5;84.3;44.9279;31.81;32.54;853.9;47.312;1580
2026-07-18;08:46:47.372;39.29;50.52801716;18.09581096;15;41.71;22.80;950.9;35.6;69.2;324.5;15.41;946;72.200;34.7;32.7;29.5;84.3;44.9278;31.42;32.14;840.1;47.359;1582
2026-07-18;08:46:47.669;38.71;50.52801811;18.09578057;16;41.57;23.05;958.3;35.8;69.4;325.1;14.45;941;72.252;34.9;32.6;29.4;84.3;44.9277;31.18;31.31;825.0;47.405;1584
2026-07-18;08:46:47.816;38.55;50.52801905;18.09575031;17;41.71;23.50;980.5;36.2;69.4;324.8;13.42;968;72.306;34.9;32.7;29.4;84.3;44.9277;31.56;31.41;818.9;47.450;1587
2026-07-18;08:46:47.976;37.92;50.52801998;18.09572054;17;41.42;22.78;943.5;36.1;69.0;325.0;12.70;961;72.360;34.7;32.6;29.4;84.3;44.9276;31.36;30.83;829.1;47.496;1589
2026-07-18;08:46:48.188;37.72;50.52802091;18.09569093;16;41.56;23.28;967.4;35.7;69.4;324.5;12.40;957;72.413;34.7;32.8;29.7;84.3;44.9276;31.14;31.30;816.4;47.542;1591
2026-07-18;08:46:48.443;37.65;50.52802183;18.09566138;16;41.39;23.89;988.8;35.7;69.9;324.0;13.35;978;72.467;34.6;33.0;29.7;84.3;44.9275;30.84;30.87;794.1;47.586;1593
2026-07-18;08:46:48.584;38.01;50.52802276;18.09563154;17;41.52;23.16;961.4;35.4;70.6;324.1;13.99;1004;72.523;34.7;33.2;29.5;84.3;44.9275;30.83;31.16;805.3;47.631;1595
2026-07-18;08:46:48.865;38.86;50.52802372;18.09560103;16;41.47;22.51;933.5;35.1;70.4;324.5;14.74;1008;72.579;34.6;33.3;29.6;84.3;44.9274;30.55;31.63;821.4;47.676;1597
2026-07-18;08:46:49.091;39.46;50.52802469;18.09557006;15;41.38;22.35;924.6;34.8;69.8;324.4;15.11;1023;72.636;34.8;33.1;29.5;84.3;44.9274;30.60;31.22;819.1;47.722;1599
2026-07-18;08:46:49.218;39.85;50.52802566;18.09553877;16;41.34;22.28;921.2;34.4;70.5;324.6;14.32;1007;72.692;34.6;32.9;29.7;84.3;44.9273;30.90;31.35;816.8;47.767;1602
2026-07-18;08:46:49.544;40.26;50.52802665;18.09550717;15;41.38;22.88;946.9;34.5;71.1;324.8;15.21;1018;72.748;34.6;32.9;29.5;84.3;44.9273;31.01;31.30;835.1;47.813;1604
2026-07-18;08:46:49.599;41.02;50.52802766;18.09547497;15;41.20;22.18;913.7;34.5;70.6;324.7;15.18;1036;72.806;34.5;32.7;29.6;84.3;44.9272;30.67;31.70;830.5;47.860;1606
2026-07-18;08:46:49.881;41.41;50.52802867;18.09544247;16;41.29;22.46;927.4;34.6;71.0;324.1;15.40;1037;72.863;34.7;32.5;29.5;84.3;44.9271;30.67;31.52;836.6;47.906;1608
2026-07-18;08:46:50.052;40.78;50.52802967;18.09541046;17;41.49;21.94;910.3;34.7;71.3;323.9;15.23;1062;72.922;34.8;32.5;29.4;84.3;44.9271;30.54;31.35;828.3;47.952;1611
2026-07-18;08:46:50.252;40.04;50.52803000;18.09537903;16;41.38;22.15;916.8;34.8;71.3;323.5;14.30;1027;72.979;34.7;32.4;29.3;84.3;44.9270;30.91;31.71;823.5;47.998;1613
2026-07-18;08:46:50.380;39.45;50.52803000;18.09534803;16;41.56;22.88;950.9;34.8;70.6;323.6;14.37;1012;73.036;34.8;32.3;29.4;84.3;44.9270;30.87;31.31;800.1;48.042;1615
2026-07-18;08:46:50.587;39.17;50.52803000;18.09531724;15;41.82;23.36;977.0;34.6;70.7;323.9;14.79;974;73.090;34.9;32.2;29.2;84.3;44.9269;31.09;30.79;789.8;48.086;1617
2026-07-18;08:46:50.829;39.13;50.52803000;18.09528648;15;41.73;23.63;985.9;34.7;71.3;324.3;14.58;957;73.143;34.7;32.1;29.4;84.3;44.9269;31.06;31.47;769.9;48.129;1619
2026-07-18;08:46:50.987;39.83;50.52803000;18.09525518;14;41.78;24.22;1011.9;34.9;71.0;324.9;13.77;986;73.198;34.7;32.1;29.4;84.3;44.9268;30.85;30.67;766.5;48.172;1622
2026-07-18;08:46:51.186;40.39;50.52803000;18.09522344;15;41.97;23.78;997.9;35.3;70.4;324.5;14.02;959;73.251;34.5;32.2;29.6;84.3;44.9267;31.19;30.03;789.2;48.215;1624
2026-07-18;08:46:51.505;40.79;50.52803000;18.09519138;16;41.94;23.65;992.0;35.3;70.6;325.1;14.29;947;73.304;34.5;32.2;29.5;84.3;44.9267;30.80;29.69;789.3;48.259;1626
2026-07-18;08:46:51.683;41.07;50.52803000;18.09515910;17;41.77;23.85;996.0;34.9;70.8;325.0;15.21;969;73.357;34.6;32.1;29.7;84.3;44.9266;30.68;29.84;801.0;48.304;1628
2026-07-18;08:46:51.810;40.44;50.52803000;18.09512731;18;41.47;24.16;1001.9;35.0;71.5;324.8;14.14;961;73.411;34.8;32.3;29.6;84.3;44.9266;30.88;29.31;785.7;48.347;1631
2026-07-18;08:46:51.984;40.30;50.52803000;18.09509564;19;41.34;24.72;1022.2;34.6;71.0;324.5;14.47;998;73.466;35.0;32.4;29.6;84.3;44.9265;30.70;28.79;805.7;48.392;1633
2026-07-18;08:46:52.381;39.89;50.52803049;18.09506478;18;41.54;24.78;1029.2;34.9;70.9;324.2;15.02;1004;73.522;34.9;32.2;29.4;84.3;44.9265;30.77;29.39;819.3;48.438;1635
2026-07-18;08:46:52.413;40.15;50.52803151;18.09503327;18;41.30;24.78;1023.4;34.5;71.1;324.1;15.91;1029;73.579;35.0;32.4;29.6;84.3;44.9264;30.92;29.28;814.2;48.483;1637
2026-07-18;08:46:52.615;40.90;50.52803254;18.09500116;19;41.45;25.32;1049.7;34.4;70.9;324.8;16.68;1001;73.635;35.2;32.5;29.5;84.3;44.9264;30.61;28.69;809.4;48.528;1640
2026-07-18;08:46:52.918;40.76;50.52803358;18.09496916;19;41.16;25.76;1060.6;34.4;70.5;324.2;16.10;1038;73.692;35.1;32.3;29.5;84.3;44.9263;30.32;28.66;825.2;48.574;1642
2026-07-18;08:46:53.040;40.75;50.52803461;18.09493718;19;40.95;25.23;1033.4;34.7;71.0;323.8;15.00;1063;73.752;35.2;32.4;29.7;84.3;44.9262;29.98;27.90;826.0;48.620;1644
2026-07-18;08:46:53.188;40.85;50.52803564;18.09490511;18;41.22;25.71;1059.7;34.4;70.7;324.2;14.09;1027;73.809;35.4;32.6;29.9;84.3;44.9262;29.77;27.46;828.1;48.666;1646
2026-07-18;08:46:53.389;40.77;50.52803667;18.09487311;19;41.12;26.18;1076.7;34.2;70.4;324.1;12.89;1018;73.865;35.2;32.7;30.0;84.3;44.9261;29.92;27.51;805.4;48.710;1649
2026-07-18;08:46:53.669;41.10;50.52803771;18.09484085;19;41.35;26.51;1096.2;34.2;69.7;324.1;11.69;1013;73.921;35.2;32.8;30.0;84.3;44.9261;29.75;27.90;788.7;48.754;1651
2026-07-18;08:46:53.829;41.52;50.52803877;18.09480826;20;41.08;25.94;1065.4;34.5;70.3;323.4;10.81;1044;73.979;35.4;32.7;30.0;84.3;44.9260;29.96;28.34;796.0;48.798;1653
2026-07-18;08:46:54.001;41.62;50.52803982;18.09477559;21;40.89;25.87;1058.0;34.3;69.8;322.7;10.36;1080;74.039;35.4;32.5;29.8;84.3;44.9260;30.04;29.03;791.8;48.842;1656
2026-07-18;08:46:54.271;42.06;50.52804000;18.09474523;21;40.69;25.60;1041.7;34.7;69.9;323.0;11.08;1087;74.100;35.6;32.4;29.6;84.3;44.9259;30.28;29.54;811.0;48.887;1658
2026-07-18;08:46:54.440;42.27;50.52804000;18.09471201;22;40.47;25.18;1019.1;34.4;69.8;323.1;10.67;1051;74.158;35.5;32.5;29.6;84.3;44.9258;30.45;29.68;807.6;48.932;1660
2026-07-18;08:46:54.595;41.47;50.52804000;18.09467941;21;40.71;25.00;1017.9;34.7;69.1;323.3;10.56;1074;74.218;35.3;32.5;29.6;84.3;44.9258;30.37;30.20;814.7;48.978;1663
2026-07-18;08:46:54.794;41.97;50.52804000;18.09464643;20;40.89;24.21;990.0;35.0;69.5;323.4;11.11;1059;74.277;35.3;32.6;29.6;84.3;44.9257;30.37;30.10;827.0;49.023;1665
2026-07-18;08:46:55.007;41.36;50.52804000;18.09461392;20;41.10;24.36;1001.3;35.2;69.9;323.2;11.80;1095;74.338;35.5;32.4;29.5;84.3;44.9257;30.23;30.03;833.8;49.070;1667
2026-07-18;08:46:55.194;41.13;50.52804000;18.09458159;21;41.24;24.96;1029.3;35.5;70.0;322.9;12.80;1071;74.397;35.6;32.2;29.4;84.3;44.9256;29.92;29.18;823.7;49.116;1670
2026-07-18;08:46:55.428;41.13;50.52804000;18.09454927;20;41.08;24.74;1016.2;35.7;70.0;323.4;11.90;1057;74.456;35.5;32.2;29.7;84.3;44.9255;30.17;29.03;820.3;49.161;1672
2026-07-18;08:46:55.647;40.46;50.52804000;18.09451747;21;41.17;24.56;1011.2;35.5;70.4;323.9;10.83;1075;74.516;35.3;32.1;29.6;84.3;44.9255;30.17;28.80;806.0;49.206;1674
2026-07-18;08:46:55.795;39.80;50.52804000;18.09448619;20;41.32;23.87;986.2;35.8;70.1;323.2;11.71;1073;74.575;35.1;31.9;29.8;84.3;44.9254;29.97;29.59;783.6;49.249;1676
2026-07-18;08:46:56.001;40.20;50.52804000;18.09445459;20;41.61;24.36;1013.7;35.7;70.1;322.7;10.84;1083;74.635;35.3;31.9;29.7;84.3;44.9254;29.61;29.58;794.2;49.294;1679
2026-07-18;08:46:56.254;39.46;50.52804000;18.09442358;21;41.77;24.89;1039.5;35.7;69.9;322.6;10.83;1083;74.695;35.3;32.0;30.0;84.3;44.9253;29.44;30.29;811.6;49.339;1681
2026-07-18;08:46:56.400;38.72;50.52804000;18.09439315;22;41.96;25.14;1054.8;35.4;70.0;322.9;11.70;1108;74.757;35.1;32.0;30.1;84.3;44.9252;29.26;30.22;828.0;49.385;1683
2026-07-18;08:46:56.606;39.48;50.52804000;18.09436212;23;42.21;24.86;1049.4;35.2;69.5;323.2;11.52;1134;74.820;34.9;31.8;30.0;84.3;44.9252;29.00;30.51;830.7;49.431;1685
2026-07-18;08:46:56.817;38.86;50.52804000;18.09433158;23;42.48;25.39;1078.5;35.5;68.8;323.9;12.28;1104;74.881;35.0;31.8;29.8;84.3;44.9251;29.32;30.77;822.3;49.476;1687
2026-07-18;08:46:57.003;38.70;50.52804000;18.09430117;22;42.21;25.97;1096.2;35.2;68.4;323.8;13.05;1071;74.941;34.8;31.9;30.0;84.3;44.9251;29.00;30.34;811.8;49.522;1689
2026-07-18;08:46:57.200;39.62;50.52804000;18.09427003;22;42.10;26.14;1100.4;35.1;68.1;323.8;14.18;1039;74.999;34.7;31.7;29.9;84.3;44.9250;29.00;30.35;795.8;49.566;1692
2026-07-18;08:46:57.435;39.21;50.52804000;18.09423921;21;41.85;26.45;1106.9;35.2;68.7;324.0;14.49;1006;75.054;34.6;31.7;29.8;84.2;44.9249;29.14;30.61;807.4;49.611;1694
2026-07-18;08:46:57.602;39.95;50.52804000;18.09420782;21;41.90;27.04;1133.0;35.5;68.8;324.0;14.41;1031;75.112;34.8;31.9;29.9;84.2;44.9249;29.46;31.25;799.6;49.655;1696
2026-07-18;08:46:57.802;40.00;50.52804000;18.09417638;20;41.66;26.47;1102.5;35.7;68.1;324.1;13.79;1015;75.168;34.8;31.8;29.9;84.2;44.9248;29.20;31.06;819.1;49.701;1698
2026-07-18;08:46:58.037;40.70;50.52804000;18.09414439;20;41.88;26.55;1112.0;35.6;68.7;323.5;14.14;1001;75.224;34.7;31.8;29.8;84.2;44.9248;29.16;30.69;833.7;49.747;1700
2026-07-18;08:46:58.204;40.78;50.52804000;18.09411233;21;42.07;26.40;1110.7;35.8;68.4;322.9;14.40;1032;75.281;34.9;31.6;29.8;84.2;44.9247;29.54;30.69;831.0;49.793;1703
2026-07-18;08:46:58.405;39.99;50.52804000;18.09408090;21;42.33;26.82;1135.2;35.7;68.0;323.3;15.17;1020;75.338;34.6;31.6;29.8;84.2;44.9247;29.64;30.00;829.9;49.839;1705
2026-07-18;08:46:58.877;40.76;50.52804000;18.09404886;22;42.35;26.50;1122.2;35.7;67.4;323.9;15.11;1047;75.396;34.7;31.5;29.9;84.2;44.9246;29.97;30.69;848.2;49.886;1707
2026-07-18;08:46:58.952;41.48;50.52804000;18.09401626;21;42.35;26.45;1120.1;35.7;67.9;324.1;16.28;1030;75.453;34.8;31.4;29.8;84.2;44.9245;30.03;31.08;862.1;49.934;1709
2026-07-18;08:46:59.024;40.60;50.52804000;18.09398435;22;42.59;26.60;1133.1;35.6;68.4;323.8;16.76;1069;75.513;34.9;31.2;30.0;84.2;44.9245;29.84;31.08;858.4;49.982;1712
2026-07-18;08:46:59.204;40.69;50.52804000;18.09395237;22;42.63;25.99;1108.0;35.4;69.0;324.4;16.80;1105;75.574;34.8;31.0;30.2;84.2;44.9244;29.64;31.36;876.8;50.031;1714
2026-07-18;08:46:59.414;40.29;50.52804000;18.09392004;23;42.58;26.30;1119.9;35.1;68.8;324.3;17.34;1096;75.635;34.9;30.9;30.1;84.2;44.9244;29.56;31.45;900.8;50.081;1716
2026-07-18;08:46:59.747;40.81;50.52804000;18.09388797;22;42.67;25.77;1099.7;35.1;69.3;324.9;17.05;1125;75.697;35.0;30.7;30.1;84.2;44.9243;29.74;31.10;909.2;50.131;1719
2026-07-18;08:46:59.916;41.16;50.52804000;18.09385562;21;42.94;25.25;1084.2;35.1;69.2;324.4;17.18;1115;75.759;34.8;30.6;30.4;84.2;44.9242;29.38;31.59;888.8;50.181;1721
2026-07-18;08:47:00.031;41.37;50.52804000;18.09382310;20;42.94;25.95;1114.2;35.5;69.5;323.8;17.97;1137;75.822;34.8;30.7;30.2;84.2;44.9242;29.75;30.73;912.2;50.231;1723
2026-07-18;08:47:00.307;41.27;50.52804000;18.09379067;19;43.00;25.35;1090.1;35.4;69.6;324.2;18.71;1164;75.887;34.9;30.8;30.4;84.2;44.9241;29.86;31.50;913.5;50.282;1725
2026-07-18;08:47:00.818;40.44;50.52804000;18.09375888;20;42.90;25.74;1104.2;35.2;69.9;324.6;18.50;1127;75.950;35.0;30.7;30.2;84.2;44.9241;30.18;31.70;910.9;50.333;1728
2026-07-18;08:47:00.837;40.97;50.52804000;18.09372669;20;43.00;25.47;1095.3;35.1;69.2;324.0;18.82;1148;76.014;34.9;30.6;30.2;84.2;44.9240;30.35;30.84;919.2;50.384;1730
2026-07-18;08:47:00.975;40.38;50.52804000;18.09369495;20;43.00;26.00;1118.2;34.7;68.8;324.0;17.80;1110;76.075;34.7;30.7;30.1;84.2;44.9239;30.50;30.10;913.0;50.434;1732
2026-07-18;08:47:01.135;40.80;50.52804000;18.09366288;20;42.80;26.70;1142.6;34.5;68.5;324.2;18.61;1104;76.137;34.6;30.9;30.3;84.2;44.9239;30.36;29.58;906.6;50.485;1734
2026-07-18;08:47:01.359;41.47;50.52804000;18.09363029;19;42.73;26.62;1137.5;34.8;68.5;324.4;19.46;1092;76.197;34.6;30.9;30.1;84.2;44.9238;30.58;30.03;913.5;50.535;1737
2026-07-18;08:47:01.436;41.80;50.52804000;18.09359960;20;42.99;26.61;1144.2;35.0;68.0;324.4;19.96;1124;76.260;34.6;31.1;30.0;84.2;44.9237;30.80;30.27;926.6;50.587;1739
2026-07-18;08:47:01.792;41.97;50.52804000;18.09356661;21;43.00;26.61;1144.3;34.9;67.9;324.0;19.17;1155;76.324;34.5;31.2;30.2;84.2;44.9237;31.06;29.97;901.6;50.637;1741
2026-07-18;08:47:01.870;41.74;50.52804000;18.09353381;20;42.94;26.11;1121.5;34.8;68.5;324.6;19.48;1190;76.390;34.6;31.2;30.2;84.2;44.9236;30.84;30.50;890.1;50.686;1744
2026-07-18;08:47:02.139;42.28;50.52804000;18.09350058;20;42.91;26.30;1128.5;35.2;68.6;324.6;18.95;1171;76.455;34.7;31.3;29.9;84.2;44.9235;31.08;31.13;888.1;50.736;1746
2026-07-18;08:47:02.301;41.96;50.52804000;18.09346760;21;42.70;26.08;1113.5;35.0;69.3;324.9;19.54;1170;76.520;34.7;31.4;30.1;84.2;44.9235;31.08;30.73;912.1;50.786;1748
2026-07-18;08:47:02.434;41.06;50.52804000;18.09343533;20;42.85;25.60;1096.9;35.3;69.9;325.3;19.18;1186;76.586;34.7;31.6;30.0;84.2;44.9234;30.87;31.02;897.0;50.836;1751
2026-07-18;08:47:02.633;41.61;50.52804000;18.09340262;20;42.80;25.89;1108.2;35.4;70.3;324.8;20.14;1148;76.650;34.5;31.7;30.1;84.2;44.9234;31.05;31.85;906.1;50.887;1753
2026-07-18;08:47:02.826;41.41;50.52804000;18.09337008;19;42.81;25.77;1103.3;35.6;70.6;324.5;19.85;1127;76.712;34.6;31.6;30.1;84.2;44.9233;31.03;31.23;924.7;50.938;1755
2026-07-18;08:47:03.047;40.53;50.52804042;18.09333822;20;42.81;25.17;1077.8;35.3;70.6;325.1;20.47;1155;76.776;34.4;31.8;30.2;84.2;44.9232;31.36;31.38;947.4;50.991;1758
2026-07-18;08:47:03.267;40.05;50.52804154;18.09330680;20;42.55;25.70;1093.4;35.1;71.3;325.4;20.58;1181;76.842;34.6;31.9;30.3;84.2;44.9232;31.72;31.65;939.1;51.043;1760
2026-07-18;08:47:03.468;39.40;50.52804265;18.09327588;21;42.41;25.34;1074.4;35.0;71.8;325.9;19.78;1211;76.909;34.7;32.0;30.1;84.2;44.9231;32.06;30.83;960.1;51.096;1762
2026-07-18;08:47:03.685;39.62;50.52804376;18.09324479;20;42.66;25.32;1080.2;35.1;71.3;325.3;18.80;1240;76.978;34.5;31.8;30.4;84.2;44.9230;32.18;29.96;946.0;51.149;1764
2026-07-18;08:47:03.821;40.26;50.52804489;18.09321319;19;42.45;25.96;1101.9;35.1;71.0;325.5;17.83;1263;77.048;34.4;31.6;30.5;84.2;44.9230;32.03;29.70;923.6;51.200;1766
2026-07-18;08:47:04.022;40.14;50.52804601;18.09318169;18;42.70;25.74;1099.2;35.3;71.6;326.1;17.49;1264;77.119;34.4;31.7;30.3;84.2;44.9229;32.15;30.57;940.8;51.252;1769
2026-07-18;08:47:04.412;39.35;50.52804711;18.09315082;18;42.95;25.79;1107.4;35.4;72.2;325.5;16.68;1302;77.191;34.2;31.7;30.5;84.2;44.9228;32.12;30.26;958.5;51.306;1771
2026-07-18;08:47:04.500;40.04;50.52804824;18.09311939;19;42.93;25.19;1081.3;35.5;72.6;325.4;16.88;1316;77.264;34.2;31.7;30.6;84.2;44.9227;31.91;30.36;974.0;51.360;1773
2026-07-18;08:47:04.659;40.39;50.52804937;18.09308770;20;42.98;25.70;1104.7;35.5;73.2;325.3;15.76;1283;77.335;34.3;31.5;30.8;84.2;44.9227;31.93;30.43;954.4;51.413;1775
2026-07-18;08:47:05.039;41.03;50.52805000;18.09305498;19;42.92;26.30;1128.6;35.6;73.4;325.9;15.03;1305;77.408;34.3;31.4;30.9;84.2;44.9226;32.18;31.12;941.4;51.465;1778
2026-07-18;08:47:05.096;41.50;50.52805000;18.09302237;18;42.63;26.48;1128.8;35.8;72.7;326.0;15.68;1319;77.481;34.3;31.3;31.1;84.2;44.9225;32.35;30.30;932.0;51.517;1780
2026-07-18;08:47:05.280;40.59;50.52805000;18.09299047;18;42.77;26.67;1140.5;36.2;73.1;326.3;16.63;1326;77.555;34.3;31.5;31.0;84.2;44.9224;32.37;30.65;949.3;51.569;1782
2026-07-18;08:47:05.433;39.83;50.52805000;18.09295916;18;42.99;25.93;1114.7;36.3;73.3;326.4;17.37;1320;77.628;34.2;31.3;31.2;84.2;44.9224;32.50;29.93;947.4;51.622;1784
2026-07-18;08:47:05.690;40.03;50.52805000;18.09292771;19;42.80;25.57;1094.1;36.4;72.8;326.2;17.91;1303;77.700;34.2;31.5;31.0;84.2;44.9223;32.82;30.46;960.9;51.676;1787
2026-07-18;08:47:05.873;39.94;50.52805000;18.09289631;19;42.56;25.08;1067.4;36.1;73.2;326.7;16.73;1334;77.775;34.0;31.6;30.8;84.2;44.9222;32.83;30.82;982.5;51.730;1789
2026-07-18;08:47:06.033;40.18;50.52805000;18.09286473;18;42.76;25.58;1093.8;36.4;73.0;327.2;15.95;1300;77.847;33.9;31.8;30.9;84.2;44.9222;32.99;31.47;989.6;51.785;1791
2026-07-18;08:47:06.228;40.21;50.52805000;18.09283313;17;42.63;25.29;1078.2;36.6;73.0;326.6;16.66;1291;77.918;34.0;31.7;30.8;84.2;44.9221;32.82;31.41;969.1;51.839;1793
2026-07-18;08:47:06.500;40.87;50.52805000;18.09280101;16;42.60;25.82;1099.7;36.9;73.4;327.0;16.48;1322;77.992;34.0;31.6;30.8;84.2;44.9220;32.81;31.74;967.3;51.893;1795
2026-07-18;08:47:06.792;41.52;50.52805000;18.09276877;15;42.64;25.28;1078.0;37.1;72.8;327.1;15.31;1284;78.063;33.8;31.8;30.9;84.2;44.9219;33.07;31.74;984.6;51.947;1798
2026-07-18;08:47:06.824;40.89;50.52805000;18.09273664;15;42.89;25.79;1105.9;36.9;73.3;327.3;16.03;1258;78.133;34.0;31.7;31.0;84.2;44.9219;33.13;31.63;991.8;52.002;1800
2026-07-18;08:47:07.026;41.45;50.52805000;18.09270406;14;42.84;25.28;1082.8;36.7;73.0;326.9;14.84;1252;78.203;34.1;31.7;30.8;84.2;44.9218;33.30;31.95;1014.3;52.059;1802
2026-07-18;08:47:07.223;42.09;50.52805000;18.09267098;14;42.99;25.79;1108.8;36.4;72.7;326.7;14.76;1266;78.273;34.1;31.7;30.7;84.2;44.9217;32.91;31.78;1008.5;52.115;1805
2026-07-18;08:47:07.442;41.15;50.52805000;18.09263864;13;43.00;25.16;1081.9;36.6;72.3;326.3;14.36;1298;78.345;33.9;31.5;30.9;84.2;44.9217;32.86;32.04;1001.1;52.170;1807
2026-07-18;08:47:07.669;41.54;50.52805000;18.09260599;12;42.88;25.49;1093.0;36.2;72.9;326.4;15.46;1278;78.416;33.9;31.5;31.1;84.2;44.9216;33.24;32.06;999.4;52.226;1809
2026-07-18;08:47:07.824;41.12;50.52805000;18.09257367;12;42.88;25.12;1077.0;36.6;72.4;327.1;15.19;1302;78.488;33.9;31.6;31.0;84.2;44.9215;33.08;32.55;999.9;52.282;1812
2026-07-18;08:47:08.208;40.87;50.52805000;18.09254155;13;42.99;25.15;1081.1;36.5;72.2;326.4;14.67;1310;78.561;34.0;31.5;31.2;84.2;44.9214;33.31;32.10;991.7;52.337;1814
2026-07-18;08:47:08.365;41.42;50.52805000;18.09250900;13;43.00;25.12;1080.3;36.4;71.5;325.9;13.50;1292;78.633;34.0;31.4;31.4;84.2;44.9214;33.44;32.86;985.7;52.391;1816
2026-07-18;08:47:08.439;41.06;50.52805083;18.09247673;12;43.00;25.29;1087.5;36.4;71.1;326.5;14.58;1256;78.703;34.2;31.3;31.2;84.2;44.9213;33.59;33.61;1000.9;52.447;1818
2026-07-18;08:47:08.624;40.96;50.52805198;18.09244459;12;43.00;25.98;1116.9;36.4;70.8;326.5;13.63;1236;78.771;34.3;31.3;31.3;84.2;44.9212;33.23;33.42;997.0;52.502;1821
2026-07-18;08:47:09.038;40.23;50.52805311;18.09241302;12;43.00;25.82;1110.3;36.3;70.9;326.3;14.76;1197;78.838;34.4;31.5;31.4;84.2;44.9212;33.19;34.08;976.5;52.557;1823
2026-07-18;08:47:09.109;39.49;50.52805421;18.09238203;11;42.90;25.35;1087.6;36.6;71.2;326.9;14.68;1208;78.905;34.4;31.6;31.5;84.2;44.9211;33.01;34.59;959.4;52.610;1825
2026-07-18;08:47:09.226;39.06;50.52805531;18.09235138;12;42.94;24.89;1068.9;36.8;70.7;326.3;14.25;1220;78.973;34.3;31.7;31.5;84.2;44.9210;32.68;34.00;973.8;52.664;1827
2026-07-18;08:47:09.424;39.96;50.52805643;18.09232002;11;42.77;24.50;1048.1;37.1;71.3;326.1;14.83;1183;79.039;34.3;31.7;31.8;84.2;44.9210;32.61;34.33;953.5;52.717;1830
2026-07-18;08:47:09.633;39.66;50.52805754;18.09228890;12;42.68;25.14;1072.7;37.3;71.4;325.8;13.79;1185;79.104;34.4;31.9;31.6;84.2;44.9209;32.83;33.68;972.6;52.771;1832
2026-07-18;08:47:09.825;39.15;50.52805864;18.09225818;13;42.72;25.57;1092.5;37.3;71.6;325.6;13.51;1185;79.170;34.3;32.1;31.8;84.2;44.9208;33.13;32.81;977.0;52.825;1834
2026-07-18;08:47:10.045;38.47;50.52805971;18.09222799;12;42.70;25.52;1089.6;37.2;71.6;325.1;12.62;1153;79.234;34.5;31.9;31.9;84.2;44.9208;33.10;32.03;982.5;52.880;1836
2026-07-18;08:47:10.224;39.14;50.52806000;18.09219728;11;42.96;24.86;1067.9;36.9;71.5;324.4;12.14;1162;79.299;34.5;31.8;31.7;84.2;44.9207;33.34;32.09;958.9;52.933;1838
2026-07-18;08:47:10.443;39.83;50.52806000;18.09216597;12;42.90;24.36;1045.1;37.2;72.0;324.8;13.01;1170;79.364;34.7;31.7;31.5;84.2;44.9206;33.27;32.05;957.0;52.986;1840
2026-07-18;08:47:10.837;39.71;50.52806000;18.09213476;11;42.78;24.31;1039.8;37.5;72.2;325.1;12.14;1164;79.429;34.6;31.6;31.4;84.2;44.9206;33.03;31.27;933.5;53.038;1843
2026-07-18;08:47:10.910;39.35;50.52806000;18.09210384;11;43.00;24.07;1035.0;37.3;71.7;325.7;11.04;1145;79.492;34.8;31.5;31.4;84.2;44.9205;32.87;30.46;914.8;53.089;1845
2026-07-18;08:47:11.026;39.00;50.52806000;18.09207319;11;43.00;24.16;1038.7;37.0;71.7;325.7;10.72;1127;79.555;34.7;31.7;31.6;84.2;44.9204;32.97;31.29;890.8;53.138;1847
2026-07-18;08:47:11.227;39.26;50.52806000;18.09204233;12;42.89;24.57;1053.8;36.8;71.6;325.4;10.83;1104;79.616;34.8;31.9;31.4;84.2;44.9204;33.10;31.74;882.2;53.187;1849
2026-07-18;08:47:11.668;39.60;50.52806000;18.09201121;11;42.76;24.70;1056.4;36.8;71.6;325.0;11.22;1123;79.679;34.7;32.0;31.1;84.2;44.9203;33.12;31.50;868.6;53.236;1851
2026-07-18;08:47:11.756;39.85;50.52806000;18.09197990;10;42.49;25.00;1062.2;36.8;71.8;325.0;12.02;1151;79.742;34.5;31.8;31.1;84.2;44.9203;32.91;30.78;857.8;53.283;1854
2026-07-18;08:47:11.831;40.12;50.52806000;18.09194836;9;42.50;24.68;1049.0;36.5;71.7;325.5;12.89;1179;79.808;34.6;32.0;31.1;84.2;44.9202;33.08;30.35;872.5;53.332;1856
2026-07-18;08:47:12.046;39.56;50.52806000;18.09191727;8;42.61;24.89;1060.8;36.2;71.4;326.1;13.70;1181;79.874;34.8;32.2;31.2;84.2;44.9201;32.90;30.03;852.3;53.379;1858
2026-07-18;08:47:12.281;40.30;50.52806000;18.09188560;8;42.85;24.53;1051.3;36.4;71.3;325.7;14.78;1215;79.941;34.7;32.1;31.2;84.2;44.9201;33.08;29.86;850.1;53.426;1860
2026-07-18;08:47:12.497;40.17;50.52806000;18.09185402;9;43.00;24.77;1065.1;36.6;71.6;325.5;13.72;1196;80.008;35.0;32.1;31.3;84.2;44.9200;32.81;29.95;831.5;53.473;1862
2026-07-18;08:47:12.628;40.25;50.52806000;18.09182239;9;42.76;24.90;1064.7;36.7;72.3;325.4;14.20;1197;80.074;35.2;32.1;31.2;84.2;44.9199;32.70;29.15;812.6;53.518;1865
2026-07-18;08:47:12.827;39.87;50.52806000;18.09179106;10;42.77;24.30;1039.5;36.7;72.1;326.0;14.94;1224;80.142;35.2;31.9;31.2;84.2;44.9199;32.67;29.23;789.8;53.562;1867
2026-07-18;08:47:13.060;40.12;50.52806000;18.09175952;10;43.00;23.58;1013.8;37.0;71.6;326.5;15.02;1261;80.212;35.3;31.9;31.3;84.2;44.9198;32.96;29.20;800.6;53.606;1869
2026-07-18;08:47:13.226;39.93;50.52806000;18.09172814;10;42.72;23.97;1024.1;36.8;71.9;326.6;15.13;1242;80.281;35.2;31.8;31.4;84.2;44.9197;32.64;28.77;812.2;53.651;1871
2026-07-18;08:47:13.425;40.31;50.52806000;18.09169646;10;42.92;24.27;1041.5;36.9;71.2;327.0;16.13;1219;80.349;35.1;31.8;31.5;84.2;44.9197;32.32;29.06;837.0;53.698;1874
2026-07-18;08:47:13.633;40.47;50.52806000;18.09166465;9;43.00;24.61;1058.3;36.7;71.1;326.6;15.22;1183;80.414;35.2;32.1;31.2;84.2;44.9196;32.29;29.23;814.0;53.743;1876
2026-07-18;08:47:13.826;39.80;50.52806000;18.09163337;8;42.75;23.88;1020.8;36.8;71.7;326.6;14.85;1213;80.482;35.3;31.9;31.3;84.2;44.9195;32.45;28.44;816.2;53.788;1878
2026-07-18;08:47:14.095;39.94;50.52806000;18.09160198;8;42.97;23.99;1030.7;37.0;71.1;326.9;15.53;1244;80.551;35.4;31.9;31.5;84.2;44.9194;32.66;28.44;812.5;53.833;1880
2026-07-18;08:47:14.235;39.92;50.52806000;18.09157061;8;43.00;23.23;998.9;36.8;71.1;326.5;16.61;1240;80.620;35.5;32.0;31.7;84.2;44.9194;32.78;27.56;796.2;53.878;1883
2026-07-18;08:47:14.426;39.43;50.52806000;18.09153961;9;43.00;23.83;1024.6;37.1;71.7;326.9;17.09;1269;80.690;35.5;32.1;31.5;84.2;44.9193;32.61;26.70;803.3;53.922;1885
2026-07-18;08:47:14.628;39.10;50.52806000;18.09150888;9;42.87;23.08;989.5;36.8;71.6;326.4;16.85;1264;80.761;35.4;32.1;31.6;84.2;44.9192;32.29;25.84;791.9;53.966;1887
2026-07-18;08:47:15.048;39.08;50.52806000;18.09147817;9;42.72;22.67;968.3;37.2;72.1;326.2;17.14;1225;80.829;35.2;32.0;31.7;84.2;44.9192;32.07;25.06;794.8;54.010;1889
2026-07-18;08:47:15.125;39.23;50.52806000;18.09144733;10;42.93;22.19;952.5;37.6;71.7;325.9;16.86;1260;80.899;35.5;32.3;32.0;84.2;44.9191;32.12;24.71;794.7;54.055;1891
2026-07-18;08:47:15.242;38.95;50.52806000;18.09141672;11;42.95;21.83;937.9;37.8;71.2;325.7;17.15;1245;80.968;35.2;32.1;31.8;84.2;44.9190;32.50;24.64;804.3;54.099;1893
2026-07-18;08:47:15.430;39.26;50.52806000;18.09138586;12;42.85;21.09;903.5;37.7;71.2;325.2;16.47;1242;81.037;35.5;32.1;31.6;84.2;44.9190;32.47;24.94;807.5;54.144;1896
2026-07-18;08:47:15.702;40.06;50.52806000;18.09135438;11;42.89;20.82;893.0;37.7;70.5;325.4;16.34;1212;81.104;35.3;32.2;31.8;84.2;44.9189;32.48;24.05;807.6;54.189;1898
2026-07-18;08:47:15.843;40.06;50.52806000;18.09132289;12;42.94;21.53;924.6;37.9;70.8;324.9;16.72;1184;81.170;35.2;32.3;31.6;84.2;44.9188;32.26;24.46;785.1;54.233;1900
2026-07-18;08:47:16.032;40.10;50.52806000;18.09129138;12;42.99;21.37;918.7;38.0;70.3;324.7;16.01;1223;81.238;35.2;32.2;31.8;84.2;44.9188;32.17;24.86;778.4;54.276;1902
2026-07-18;08:47:16.233;39.80;50.52806000;18.09126010;11;42.95;20.69;888.6;38.2;69.9;324.2;16.89;1258;81.308;35.0;32.3;31.5;84.2;44.9187;32.35;25.48;796.0;54.320;1904
2026-07-18;08:47:16.572;40.49;50.52806000;18.09122828;10;43.00;20.84;896.3;38.3;70.1;324.0;17.23;1296;81.380;35.0;32.3;31.3;84.2;44.9186;32.52;24.62;794.5;54.364;1907
2026-07-18;08:47:16.714;40.15;50.52806000;18.09119672;9;43.00;20.71;890.6;38.1;69.9;324.4;17.25;1324;81.453;35.2;32.4;31.1;84.2;44.9185;32.60;23.88;809.2;54.409;1909
2026-07-18;08:47:16.829;39.53;50.52806000;18.09116565;8;43.00;20.99;902.7;37.9;69.2;324.4;17.63;1301;81.526;35.3;32.2;31.2;84.2;44.9185;32.73;23.32;819.8;54.455;1911
2026-07-18;08:47:17.037;39.26;50.52806000;18.09113480;8;42.86;20.20;865.9;37.7;69.0;324.4;17.50;1333;81.600;35.2;32.4;31.1;84.2;44.9184;33.09;22.95;808.8;54.500;1913
2026-07-18;08:47:17.269;38.54;50.52806000;18.09110450;9;42.91;20.85;894.8;37.5;68.8;323.8;16.51;1346;81.674;35.1;32.5;31.0;84.2;44.9183;32.97;22.72;827.0;54.546;1915
2026-07-18;08:47:17.434;38.82;50.52806093;18.09107492;10;42.75;21.00;897.7;37.4;68.9;323.8;15.61;1322;81.748;34.8;32.4;31.1;84.2;44.9183;32.85;23.45;805.0;54.590;1918
2026-07-18;08:47:17.634;37.41;50.52806202;18.09104557;10;42.47;21.08;895.4;37.4;68.9;324.3;14.53;1298;81.820;35.1;32.5;31.0;84.2;44.9182;32.85;23.47;803.2;54.635;1920
2026-07-18;08:47:17.857;36.45;50.52806308;18.09101697;11;42.59;20.87;888.8;37.2;69.2;324.9;14.55;1316;81.893;35.1;32.6;30.8;84.2;44.9181;33.09;23.71;813.2;54.680;1922
2026-07-18;08:47:18.037;34.83;50.52806409;18.09098964;10;42.35;20.58;871.4;37.1;69.0;324.4;14.87;1324;81.967;35.2;32.4;30.6;84.2;44.9180;33.29;24.61;813.8;54.725;1924
2026-07-18;08:47:18.238;33.73;50.52806507;18.09096318;10;42.60;20.08;855.4;37.4;69.5;324.3;15.28;1343;82.041;35.2;32.3;30.7;84.2;44.9180;33.41;24.88;799.4;54.770;1926
2026-07-18;08:47:18.443;33.13;50.52806603;18.09093719;10;42.77;19.43;830.9;37.4;69.0;324.0;15.72;1348;82.116;35.1;32.3;30.7;84.2;44.9179;33.75;24.91;784.4;54.813;1927
2026-07-18;08:47:18.643;31.84;50.52806696;18.09091220;9;42.98;20.19;867.9;37.3;68.9;324.6;16.41;1356;82.192;35.1;32.1;30.7;84.2;44.9178;34.06;24.35;794.5;54.858;1929
2026-07-18;08:47:18.840;30.55;50.52806784;18.09088824;9;42.99;20.19;868.0;36.9;69.6;324.4;15.55;1349;82.266;34.9;31.9;30.5;84.2;44.9177;34.03;23.64;782.5;54.901;1931
2026-07-18;08:47:19.055;29.38;50.52806870;18.09086518;8;42.91;20.01;858.6;36.7;69.5;325.1;16.19;1342;82.341;35.2;32.0;30.3;84.2;44.9177;34.28;24.27;769.6;54.944;1932
2026-07-18;08:47:19.245;28.51;50.52806953;18.09084281;9;42.99;20.29;872.1;36.3;70.1;325.4;16.45;1340;82.415;35.0;32.0;30.3;84.2;44.9176;34.01;24.18;780.3;54.987;1934
2026-07-18;08:47:19.457;28.03;50.52807170;18.09082286;9;42.95;21.01;902.7;36.6;69.9;324.9;16.30;1376;82.492;35.2;32.2;30.2;84.2;44.9175;33.83;24.00;784.0;55.031;1936
2026-07-18;08:47:19.641;27.26;50.52807648;18.09080280;10;42.83;21.37;915.3;36.6;69.4;324.5;16.63;1379;82.569;35.1;32.3;30.2;84.2;44.9174;33.97;23.44;779.2;55.074;1937
2026-07-18;08:47:19.865;26.72;50.52808116;18.09078313;10;42.90;20.59;883.4;36.8;70.0;324.9;17.43;1360;82.644;35.0;32.3;30.2;84.2;44.9174;33.58;23.16;755.4;55.116;1939
2026-07-18;08:47:20.052;26.75;50.52808585;18.09076344;9;42.71;20.64;881.7;36.9;69.4;324.6;16.49;1325;82.718;34.9;32.2;30.1;84.2;44.9173;33.62;23.78;752.1;55.158;1940
2026-07-18;08:47:20.270;26.75;50.52809053;18.09074376;9;42.61;20.31;865.3;36.6;69.8;324.5;17.05;1351;82.793;34.8;32.4;30.3;84.2;44.9172;33.32;23.57;776.8;55.201;1942
