date;time;h;x;y;gs;fv;fa;fw;fet;fit;bv;bc;bw;bwh;t1;t2;t3;soc;ke;jv;jc;jw;jwh;gsmspeed
2026-07-21;03:57:47.917;47;41.016100;28.980500;85;44.4;8.4;405;30;67;58.8;31.9;632;100.2;32;30;48;85;44.7;58.4;17.3;2209;50.2;59
2026-07-21;03:57:48.479;74;41.017100;28.981500;73;42.2;18.5;570;33;68;47.9;17.3;1703;100.6;40;36;35;85;44.4;45.7;39.3;2493;50.3;75
2026-07-21;03:57:49.550;42;41.018100;28.982500;65;37.5;17.8;581;43;59;56.6;29.6;987;100.7;43;41;49;84;44.8;44.4;5.8;2411;50.5;80
2026-07-21;03:58:48.908;23;41.016100;28.980500;81;36.8;13.2;259;30;56;54.1;24.4;564;100.4;25;42;47;84;44.8;48.7;25;1640;50.2;49
2026-07-21;03:58:49.631;83;41.017100;28.981500;94;32.9;16.8;325;27;53;41.3;35.7;530;100.5;25;34;40;85;44.5;39.4;5.6;1695;50.3;25
2026-07-21;03:58:50.446;83;41.018100;28.982500;61;48.3;20.8;200;41;69;41.2;7;1720;100.8;35;39;32;84;44.4;58.9;23.4;641;50.4;63
2026-07-21;03:58:51.514;74;41.019100;28.983500;70;36.2;14;639;43;56;43.6;33.3;602;101.0;29;28;36;83;44.3;44.7;22.5;1482;50.6;39
2026-07-21;03:58:52.583;52;41.020100;28.984500;88;48.3;12;552;28;53;50.4;30.7;1384;101.3;25;42;31;83;44.6;40.9;7.7;1035;50.7;33
2026-07-21;03:58:53.467;64;41.021100;28.985500;94;46.4;20.9;321;35;69;59.7;26.6;1672;101.5;36;31;36;82;44.3;52.7;14.7;2274;50.9;45
2026-07-21;03:58:54.742;45;41.022100;28.986500;84;44.7;14.2;270;41;63;56.4;32.5;613;101.7;36;40;43;83;44.5;40.3;33;1384;51.1;86
2026-07-21;04:01:48.676;81;41.019100;28.983500;60;49.2;8.8;383;43;63;43.4;31.7;520;153.3;30;47;37;95;46.8;33.8;14.5;1530;72.6;84
2026-07-21;04:01:48.995;29;41.020100;28.984500;67;34.3;15.4;558;35;70;54.4;6.6;1930;153.5;40;35;33;95;47.0;54.6;11.8;421;72.8;61
2026-07-21;04:01:49.865;59;41.021100;28.985500;63;38.3;18.1;660;42;52;58.6;36;597;154.0;40;33;34;96;46.8;49.6;14.6;791;72.9;24
2026-07-21;04:01:50.920;27;41.022100;28.986500;87;48.8;6.5;346;39;57;55.7;25;612;154.4;33;29;40;96;46.8;55.8;17.3;2395;73.1;39
2026-07-21;04:01:51.838;38;41.023100;28.987500;68;45.1;9.9;441;43;54;41.2;22.1;1574;154.6;35;37;35;97;47.3;41.6;26.8;567;73.3;51
2026-07-21;04:01:53.293;73;41.024100;28.988500;91;37.6;13.8;321;36;64;40.8;23.5;869;154.9;31;37;48;97;47.0;44.4;15.9;1105;73.3;42
2026-07-21;04:01:54.705;23;41.025100;28.989500;66;45.5;22.8;290;44;52;45.7;6;1570;155.3;31;45;42;98;47.4;57.6;11.8;1904;73.5;69
2026-07-21;04:01:55.013;47;41.026100;28.990500;63;33.4;22.4;308;35;55;55.3;17.8;526;155.5;33;32;30;97;47.8;40.6;20.7;1748;73.6;83
2026-07-21;04:01:55.958;23;41.025100;28.989500;95;33.5;16.5;712;31;52;58.4;37.2;524;156.0;29;31;42;96;48.2;52.6;25;2491;73.8;33
2026-07-21;04:01:57.339;62;41.024100;28.988500;98;33.1;16.1;295;37;65;50.2;27.7;1588;156.3;28;34;40;97;47.9;37;18.5;2219;73.9;68
2026-07-21;04:01:57.917;70;41.023100;28.987500;91;37.6;18.3;530;32;70;46.3;26.2;1149;156.7;34;37;31;98;47.7;55;48.2;756;74.1;24
2026-07-21;04:01:59.768;36;41.022100;28.986500;66;41.3;9.1;665;25;74;44.2;12.9;689;156.9;40;32;36;98;47.3;35.8;12.7;1578;74.3;43
2026-07-21;04:01:59.854;53;41.021100;28.985500;81;46.6;7;380;29;74;53.1;31.4;1919;157.1;39;29;34;98;47.6;57.5;46.8;2105;74.4;89
2026-07-21;04:02:01.330;25;41.020100;28.984500;63;35.3;12.1;690;27;53;43.5;33.7;556;157.5;35;32;37;97;47.5;32.5;13.8;2238;74.5;48
2026-07-21;04:02:02.247;56;41.019100;28.983500;99;30.1;9.2;751;38;58;45.7;32.5;1316;157.7;43;41;45;97;47.4;54.4;32.3;1076;74.6;24
2026-07-21;04:02:03.095;55;41.018100;28.982500;70;48.3;9.1;585;28;74;56.3;37.1;967;158.1;38;35;49;97;47.5;45.8;22.4;972;74.8;64
2026-07-21;04:02:04.475;53;41.017100;28.981500;93;43.9;14.7;296;33;63;49.6;39;1736;158.5;39;34;44;97;47.7;50.4;40;2466;74.9;53
2026-07-21;04:02:05.352;86;41.016100;28.980500;70;46;17.7;713;42;53;53.2;33.6;1311;158.9;27;45;45;97;47.7;47.5;34.5;477;75.0;77
2026-07-21;04:02:06.060;87;41.015100;28.979500;99;38.9;21.5;264;29;68;56.9;14.2;1508;159.4;39;34;38;97;47.6;50.6;24.6;1191;75.1;72
2026-07-21;04:02:06.945;74;41.016100;28.980500;68;47.5;19;677;37;59;45.5;17.2;1143;159.6;43;46;49;97;48.0;40.7;43.8;1345;75.3;23
2026-07-21;04:02:08.359;89;41.017100;28.981500;70;41.3;18;740;43;51;46.9;36.7;1421;159.9;27;28;43;97;48.2;49.5;7.6;370;75.4;71
2026-07-21;04:02:08.850;58;41.018100;28.982500;66;36.3;20.8;624;35;69;52.9;25;928;160.2;26;42;49;96;48.2;38.1;9;657;75.5;45
2026-07-21;04:02:10.020;25;41.019100;28.983500;84;42.6;23.7;609;31;51;59;39.3;1553;160.4;27;41;34;97;48.5;45.3;8.6;306;75.6;79
2026-07-21;04:02:11.429;42;41.020100;28.984500;86;46.8;17.7;376;43;59;47.2;14.5;982;160.7;26;40;47;97;48.9;52.5;28.8;1514;75.8;48
2026-07-21;04:02:12.295;84;41.021100;28.985500;84;47.7;17.9;525;25;67;49.8;26.7;647;161.0;44;35;48;98;48.7;55.2;44.3;1691;75.9;66
2026-07-21;04:02:13.149;52;41.022100;28.986500;88;39.6;10.6;303;26;58;47.5;7.5;1415;161.4;38;29;32;99;48.2;37;30.9;656;76.0;57
2026-07-21;04:02:13.991;23;41.023100;28.987500;77;48.1;11.8;739;40;72;51.5;6.5;884;161.9;37;47;32;99;48.2;41.9;5.5;2367;76.1;60
2026-07-21;04:02:15.813;33;41.024100;28.988500;89;32.6;17.2;421;33;51;53.3;34.3;695;162.4;32;29;39;99;47.8;41.2;32.4;350;76.2;78
2026-07-21;04:02:15.884;45;41.025100;28.989500;94;40.7;14.6;413;42;74;56.4;10;1168;162.8;36;32;48;99;48.1;45.9;33;1862;76.4;69
2026-07-21;04:02:17.391;65;41.026100;28.990500;85;30.8;18.4;775;34;63;48.2;7.7;1828;163.0;27;35;37;99;48.5;58.5;32.7;1880;76.5;71
2026-07-21;04:02:18.253;23;41.025100;28.989500;95;44.8;8.7;267;39;56;40.6;39.3;1271;163.4;27;36;41;98;48.1;39.4;37;2380;76.7;53
2026-07-21;04:02:19.238;22;41.024100;28.988500;76;39.5;18.6;525;27;50;44.5;18.5;1813;163.6;44;41;33;98;47.8;50.2;9.6;876;76.8;44
2026-07-21;04:02:20.649;21;41.023100;28.987500;99;45.5;22.5;467;38;72;44.2;24.3;1853;164.0;31;37;46;98;48.1;48.5;23;322;76.9;62
2026-07-21;04:02:21.000;42;41.022100;28.986500;72;42.7;17;674;30;71;46.9;19.8;944;164.1;34;36;31;98;48.3;53.1;17.7;1840;77.0;45
2026-07-21;04:02:22.777;54;41.021100;28.985500;90;31.8;18.6;620;29;64;48.2;16.8;1748;164.5;34;41;31;98;48.7;38.2;48.9;2262;77.1;58
2026-07-21;04:02:23.074;85;41.020100;28.984500;86;37.2;15;279;33;51;46.6;31;596;165.0;28;32;33;98;48.6;56.5;49.9;1222;77.2;58
2026-07-21;04:02:24.515;57;41.019100;28.983500;68;45.4;9.5;681;39;68;47.9;22;1674;165.4;29;42;35;97;48.2;44;18.3;1466;77.2;69
2026-07-21;04:02:25.341;30;41.018100;28.982500;78;30.6;5.5;256;34;60;44.4;29;766;165.5;30;29;39;96;48.4;40.2;5.3;2369;77.3;62
2026-07-21;04:02:26.831;83;41.017100;28.981500;76;47.4;19.5;636;30;72;53.8;28.8;1491;165.6;32;35;36;97;48.9;55.9;34.9;747;77.5;23
2026-07-21;04:02:27.408;49;41.016100;28.980500;83;34.7;12.5;369;30;50;53.8;7.3;1605;165.9;41;28;35;97;48.6;55.5;35.6;1390;77.6;22
2026-07-21;04:02:29.274;89;41.015100;28.979500;67;41.1;9.4;642;29;69;58.3;37.5;1411;166.2;32;35;49;97;48.3;32.8;8.2;1194;77.7;29
2026-07-21;04:02:30.601;86;41.016100;28.980500;79;43.8;22.3;237;31;74;47.6;31.6;1752;166.6;29;38;30;97;47.9;56.3;22.5;676;77.8;55
2026-07-21;04:02:30.728;52;41.017100;28.981500;71;39.6;11.9;793;43;63;50.5;19.4;1538;166.9;42;40;32;96;48.1;39.7;29;2053;78.0;78
2026-07-21;04:02:31.399;28;41.018100;28.982500;62;44.1;15;505;29;70;42.9;36.9;1593;167.2;41;43;48;97;48.1;55;20.6;1010;78.1;64
2026-07-21;04:02:31.897;38;41.019100;28.983500;87;46.8;5.3;736;26;70;55.1;25.9;771;167.5;31;38;32;97;48.1;32;39;2455;78.3;89
2026-07-21;04:02:33.355;51;41.020100;28.984500;89;40.7;16.2;503;42;64;53.2;22.9;1007;167.8;27;43;35;97;48.1;34.4;10.5;2385;78.4;36
2026-07-21;04:02:33.965;32;41.021100;28.985500;79;48.9;21.1;403;31;56;51;20.5;851;168.1;43;35;48;97;48.4;45.6;12.6;304;78.6;88
2026-07-21;04:02:35.770;89;41.022100;28.986500;66;41.4;19.9;712;35;67;45.3;21.1;1829;168.6;32;47;42;97;48.3;51.6;14.8;2414;78.7;55
2026-07-21;04:02:36.050;68;41.023100;28.987500;73;48.2;7.8;467;36;68;48.3;14.5;1193;168.9;33;32;42;98;48.7;58.3;33;1850;78.8;75
2026-07-21;04:02:37.047;52;41.024100;28.988500;90;35;8.6;479;28;55;41.1;7;1729;169.2;44;47;34;98;48.2;37.8;8.3;806;79.0;35
2026-07-21;04:02:37.850;87;41.025100;28.989500;72;49;13.6;742;27;71;50.9;22.4;1356;169.7;39;41;40;97;48.6;30.7;25.9;2280;79.0;41
2026-07-21;04:02:38.858;71;41.026100;28.990500;93;48.8;23.8;258;43;69;55.1;21.3;1476;170.0;40;34;41;98;48.3;53.7;30.7;1725;79.1;70
2026-07-21;04:02:39.982;72;41.025100;28.989500;69;33.3;13.4;420;37;61;43.5;35.1;874;170.3;25;42;40;98;48.0;41.8;10.2;677;79.2;82
2026-07-21;04:02:41.396;49;41.024100;28.988500;92;42.5;24.9;757;41;50;46.5;36.4;1872;170.4;37;43;36;98;47.9;46.7;35.4;954;79.3;60
2026-07-21;04:02:42.804;86;41.023100;28.987500;64;37.7;22.8;439;29;74;50.3;9.5;1470;170.6;33;34;33;98;48.1;40.5;44.5;2264;79.4;22
2026-07-21;04:02:43.104;62;41.022100;28.986500;89;40;11.1;234;34;50;40.2;37;1433;171.0;43;31;44;98;48.3;56.9;6.3;1791;79.5;41
2026-07-21;04:02:43.991;34;41.021100;28.985500;82;34.3;17.6;283;26;58;41.9;10.1;1605;171.1;25;47;31;99;47.9;51;32.1;2243;79.6;37
2026-07-21;04:02:45.815;60;41.020100;28.984500;83;42.7;8.4;598;38;63;56.5;8.4;1999;171.5;26;38;49;99;48.4;30.4;28.3;1798;79.7;46
2026-07-21;04:02:45.888;30;41.019100;28.983500;63;42.5;13.2;706;27;68;47.6;33.1;1142;171.8;31;28;49;99;48.3;41.7;5;513;79.9;37
2026-07-21;04:02:46.871;68;41.018100;28.982500;87;48.2;8.5;632;34;50;52.5;17;1169;172.1;43;33;49;99;48.2;31.9;41.6;1012;80.0;29
2026-07-21;04:02:48.099;82;41.017100;28.981500;97;45.8;16.5;420;30;70;43.7;20.7;1920;172.4;37;41;40;99;48.6;52.1;44.7;1778;80.1;64
2026-07-21;04:02:49.668;82;41.016100;28.980500;92;42.6;15.9;526;33;55;48.7;16.4;1068;172.6;39;36;30;100;48.3;55.5;20.6;2254;80.3;36
2026-07-21;04:02:50.206;37;41.015100;28.979500;84;47.7;23;352;39;69;46.2;7.8;1503;172.7;35;47;36;99;48.0;46.4;21.6;613;80.5;82
2026-07-21;04:02:50.900;41;41.016100;28.980500;78;35.2;21;315;27;53;47.8;23.1;1746;173.0;29;36;30;98;48.3;55.5;25.6;1383;80.6;60
2026-07-21;04:02:52.139;57;41.017100;28.981500;84;35.8;8.3;261;31;73;48.1;9.5;1437;173.2;34;29;49;99;48.2;43.7;40.1;837;80.8;35
2026-07-21;04:02:53.085;46;41.018100;28.982500;61;33.2;15;662;43;61;41.7;14.7;1822;173.4;43;28;39;100;48.4;34.9;14.6;812;80.8;42
2026-07-21;04:02:54.092;33;41.019100;28.983500;86;35;9.1;351;35;67;45.9;28.4;1781;173.9;25;33;34;99;48.5;42.2;11.4;1044;81.0;70
2026-07-21;04:02:54.904;79;41.020100;28.984500;98;35.7;16.4;207;40;50;50;22.3;1732;174.0;41;40;42;98;48.3;41;30.3;2071;81.1;55
2026-07-21;04:02:55.917;49;41.021100;28.985500;90;40.5;11.5;777;34;66;48.2;23.5;996;174.5;39;37;30;98;48.6;31.1;22.6;1954;81.2;61
2026-07-21;04:02:56.911;21;41.022100;28.986500;62;42.5;16.4;355;29;53;55.3;29.5;1083;174.9;41;46;34;98;48.3;33.8;45.5;2345;81.3;83
2026-07-21;04:02:57.912;26;41.023100;28.987500;84;31.1;17.4;269;28;71;45.1;7.3;1547;175.1;35;30;37;99;48.0;30.5;45.8;1746;81.4;78
2026-07-21;04:02:59.317;76;41.024100;28.988500;86;36.3;13.5;455;35;65;42.6;21.1;1092;175.3;27;29;33;98;48.2;36.2;44.5;1844;81.5;55
2026-07-21;04:03:00.736;47;41.025100;28.989500;85;49.7;5.7;550;27;61;49.4;35.1;1478;175.8;39;28;34;98;48.4;44;37.2;1226;81.7;66
2026-07-21;04:03:01.050;86;41.026100;28.990500;67;48.6;5.6;693;35;68;53.2;27.2;1889;176.0;29;44;32;98;48.5;46.1;7.4;379;81.9;78
2026-07-21;04:03:02.882;50;41.025100;28.989500;77;38.7;21.9;784;38;68;43.7;10.4;1856;176.1;31;40;40;97;48.5;51.4;23.5;1344;81.9;74
2026-07-21;04:03:02.970;50;41.024100;28.988500;86;35.6;20.9;614;40;70;49.2;36.5;1682;176.5;28;42;43;97;48.5;47.1;38.5;953;82.1;36
2026-07-21;04:03:04.348;86;41.023100;28.987500;80;38.5;17.5;641;39;62;42.4;21;956;176.8;30;46;45;96;48.3;39.7;9.6;1100;82.3;79
2026-07-21;04:03:05.225;55;41.022100;28.986500;77;42.9;13.1;251;25;64;54.6;17.2;1146;177.0;36;44;48;95;48.5;49.9;34.9;1713;82.4;54
2026-07-21;04:03:06.079;20;41.021100;28.985500;73;36;16.3;635;36;63;49.4;12.4;858;177.2;36;36;31;96;49.0;58.8;12.7;1778;82.5;25
2026-07-21;04:03:07.921;75;41.020100;28.984500;68;30.5;11.4;730;42;53;57.1;28.1;804;177.6;27;29;41;95;49.4;52.2;44.7;1221;82.7;70
2026-07-21;04:03:08.017;63;41.019100;28.983500;96;41.5;12.4;235;29;70;41;39.9;1789;177.7;33;38;39;95;49.1;58.8;32.1;1073;82.9;23
2026-07-21;04:03:09.910;89;41.018100;28.982500;64;47.6;10;339;34;61;53;34.7;906;177.8;36;37;35;94;48.9;52.3;17.5;2112;83.0;66
2026-07-21;04:03:09.982;40;41.017100;28.981500;89;42.4;24.1;779;40;53;49.6;34.2;632;178.2;30;46;35;93;48.8;59.8;9.5;2188;83.2;27
2026-07-21;04:03:11.371;27;41.016100;28.980500;83;39.5;23.7;726;33;62;42.1;6.6;759;178.7;44;42;46;93;48.4;52.6;28.4;531;83.3;42
2026-07-21;04:03:12.755;34;41.015100;28.979500;88;40.8;13.9;270;44;66;40.8;30.1;1489;179.0;25;47;34;93;48.9;54;9.3;2010;83.3;72
2026-07-21;04:03:13.051;50;41.016100;28.980500;62;33.3;6.9;432;27;62;49.6;22.8;652;179.5;34;29;41;93;48.9;44;16.7;1568;83.5;84
2026-07-21;04:03:14.421;25;41.017100;28.981500;74;43.1;9.6;385;34;64;40.7;22.6;1316;179.9;25;39;48;92;49.0;30.5;32;2142;83.6;34
2026-07-21;04:03:15.805;78;41.018100;28.982500;77;39.6;11.4;392;34;60;53.7;26;1044;180.3;43;47;47;93;48.9;54.5;25.3;1036;83.7;64
2026-07-21;04:03:16.103;23;41.019100;28.983500;67;43.6;23.3;664;25;51;42.4;35.1;773;180.8;42;39;45;93;49.0;42;39.7;1062;83.8;25
2026-07-21;04:03:16.992;21;41.020100;28.984500;94;38.3;7.4;411;34;61;40.7;19.3;1575;181.0;33;45;38;92;49.0;51.3;33.8;2201;83.9;74
2026-07-21;04:03:18.797;40;41.021100;28.985500;83;34.6;19.7;460;25;74;49.5;9.7;1983;181.2;37;43;40;92;48.6;54.3;36.8;459;84.0;20
2026-07-21;04:03:19.118;26;41.022100;28.986500;88;35.9;12.7;650;35;73;40.9;29.2;1081;181.5;31;36;33;93;48.5;33;21;1007;84.2;47
2026-07-21;04:03:20.526;83;41.023100;28.987500;93;45.4;22.8;786;28;59;56.9;17.8;1691;181.9;33;36;40;93;48.4;40.2;32.5;1937;84.3;25
2026-07-21;04:03:21.129;53;41.024100;28.988500;66;41.8;18;471;40;52;59.8;26.6;1313;182.2;30;40;43;92;48.5;33.5;31.6;1776;84.4;73
2026-07-21;04:03:22.223;22;41.025100;28.989500;72;37.4;13.9;756;30;51;45.9;30.1;1936;182.4;32;36;32;92;48.1;50.1;22.6;2336;84.6;25
2026-07-21;04:03:23.903;83;41.026100;28.990500;78;34.2;5.9;214;26;62;50.8;25;1469;182.7;27;47;47;92;47.8;55.1;24;873;84.8;74
2026-07-21;04:03:26.507;75;41.025100;28.989500;66;47.1;24.4;226;30;61;41.9;13.4;1476;183.0;27;39;30;92;47.8;54.3;23.5;1321;84.9;29
2026-07-21;04:03:28.754;83;41.024100;28.988500;66;36;19.6;388;40;57;59.8;20.6;1261;183.3;35;32;37;91;47.9;43.7;31.9;877;85.1;23
2026-07-21;04:03:28.848;64;41.023100;28.987500;61;34.2;14.4;504;26;68;52;22.3;1096;183.5;26;46;35;91;48.3;39.2;27.8;687;85.2;87
2026-07-21;04:03:28.848;39;41.022100;28.986500;78;46;14;479;27;73;51.1;22.9;947;183.7;33;46;38;90;48.2;48.5;44.3;1981;85.3;88
2026-07-21;04:03:28.848;25;41.021100;28.985500;77;30.5;8.8;604;31;63;51.6;22.7;1320;184.0;31;44;43;90;48.2;39.7;27.9;886;85.5;81
2026-07-21;04:03:29.254;86;41.020100;28.984500;62;46.8;6.4;561;39;52;40.2;8;1383;184.3;42;35;33;90;47.8;52.6;34.7;1118;85.7;28
2026-07-21;04:03:30.524;24;41.019100;28.983500;91;38;23.2;378;38;56;52.7;12.8;1356;184.6;29;35;46;90;47.9;40.4;47.5;1132;85.8;36
2026-07-21;04:03:31.405;79;41.018100;28.982500;68;35.9;20.5;382;25;69;47.9;9.6;1499;184.9;29;47;44;91;48.4;48.4;7.5;2240;85.9;76
2026-07-21;04:04:15.865;61;41.016100;28.980500;87;40.2;5.9;204;41;67;54.9;27;1580;185.6;42;43;39;90;48.1;43.2;38.3;1873;86.2;40
2026-07-21;04:04:15.938;63;41.015100;28.979500;70;48.2;14.3;759;41;58;46.8;36.1;1818;185.8;30;39;37;89;47.9;56.2;31.7;855;86.3;44
2026-07-21;04:04:16.017;29;41.016100;28.980500;92;49.3;12.7;674;42;71;40.3;33.5;1487;186.1;28;44;49;90;47.6;33.6;28.9;1255;86.4;23
2026-07-21;04:04:16.093;46;41.017100;28.981500;60;43.3;22.3;275;25;53;43.6;30.2;678;186.3;29;44;33;90;47.7;50;12.6;2069;86.6;89
2026-07-21;04:04:16.169;24;41.018100;28.982500;69;36.6;23.1;218;35;59;51.8;10.7;1101;186.5;28;41;39;91;47.6;37.7;26.6;1042;86.8;81
2026-07-21;04:04:16.259;22;41.019100;28.983500;97;43.9;22.2;442;28;70;42.2;14.3;1513;186.7;27;30;41;91;48.0;58;48.8;1830;86.8;32
2026-07-21;04:04:16.335;59;41.020100;28.984500;99;45.5;12.3;546;25;69;47.2;17.2;1348;187.1;31;42;42;90;47.9;36;24;1928;87.0;20
2026-07-21;04:04:16.415;66;41.021100;28.985500;82;49.9;5.5;623;29;74;46.4;35.5;1101;187.4;37;39;32;89;48.0;40.4;30.2;1587;87.1;64
2026-07-21;04:04:16.556;50;41.022100;28.986500;81;45.4;11.9;531;35;63;57.6;21.1;1842;187.9;35;45;41;90;47.7;41.1;45.9;2497;87.3;47
2026-07-21;04:04:16.557;55;41.023100;28.987500;74;39.9;8.1;767;25;66;60;36.7;1319;188.3;32;43;45;89;48.1;56;27.3;1130;87.4;74
2026-07-21;04:04:16.623;23;41.024100;28.988500;72;47.8;20.1;573;39;54;46.9;30.6;1589;188.6;44;45;37;88;47.9;59.6;23.2;764;87.6;69
2026-07-21;04:04:16.697;85;41.025100;28.989500;95;40;18.4;596;26;71;48.8;9.1;540;188.9;29;39;31;88;47.8;53.8;6.9;443;87.6;77
2026-07-21;04:04:16.755;77;41.026100;28.990500;67;43.8;17.6;515;28;60;44.7;17.4;1728;189.4;28;30;41;88;47.9;37.5;20.9;1357;87.7;23
2026-07-21;04:04:16.921;37;41.025100;28.989500;84;34.1;7.6;313;37;55;56.9;16.4;505;189.9;32;43;34;89;47.8;48.9;44.6;438;87.8;66
2026-07-21;04:04:16.993;60;41.024100;28.988500;76;43;5.8;350;38;54;53.2;37.2;906;190.3;36;42;32;90;48.1;46.6;5.3;2450;88.0;86
2026-07-21;04:04:17.088;52;41.023100;28.987500;60;47.8;24.5;701;34;74;48.3;24.3;1626;190.7;43;43;41;91;48.0;36.6;7.3;1213;88.1;60
2026-07-21;04:04:17.170;56;41.022100;28.986500;60;35.5;18.2;362;34;64;42.1;15.6;632;191.0;29;30;31;91;48.4;34.6;5.1;1137;88.3;27
2026-07-21;04:04:17.265;66;41.021100;28.985500;87;43.6;19.2;407;39;54;49.3;27.6;1811;191.2;37;45;48;91;47.9;58.7;21.8;1729;88.3;80
2026-07-21;04:04:17.387;23;41.020100;28.984500;80;30.3;14.8;591;40;67;54.4;23.6;1370;191.5;29;46;30;91;47.5;45.4;46.7;1435;88.4;88
2026-07-21;04:04:17.536;81;41.019100;28.983500;80;44.2;8.4;397;39;72;53;30.7;1895;191.9;41;31;48;91;47.7;51.2;15.6;2157;88.6;33
2026-07-21;04:04:17.536;84;41.018100;28.982500;63;32.9;15.6;656;43;71;48.3;24.5;818;192.3;34;46;39;90;47.4;52.7;34.6;734;88.7;89
2026-07-21;04:04:17.654;76;41.017100;28.981500;69;44.8;14.2;619;37;53;42.3;35;1474;192.5;41;33;45;90;47.1;44.1;7.6;587;88.8;76
2026-07-21;04:04:17.771;64;41.016100;28.980500;60;34;11.3;380;29;63;40.2;38.8;685;192.6;25;28;30;90;47.4;43.5;11.2;1072;88.9;86
2026-07-21;04:04:17.843;49;41.015100;28.979500;84;50;8.1;417;29;59;56.3;31.1;1348;193.0;32;29;40;89;47.8;33.4;39.2;765;89.1;56
2026-07-21;04:04:17.948;32;41.016100;28.980500;69;31;5.3;264;25;63;48.9;17.9;740;193.5;34;35;30;89;48.1;41.6;48.6;467;89.3;54
2026-07-21;04:04:18.035;84;41.017100;28.981500;94;36.7;12.8;545;34;68;50.7;25.2;1545;194.0;42;37;39;88;48.5;58.1;29.9;1222;89.4;59
2026-07-21;04:04:18.152;77;41.018100;28.982500;78;32.3;9.2;607;26;73;56.8;5.1;667;194.1;33;35;38;88;48.3;33.3;7;613;89.5;84
2026-07-21;04:04:18.282;81;41.019100;28.983500;79;46.9;6.8;775;40;58;47.6;26.7;1881;194.3;44;33;42;88;48.3;41.6;27.2;1632;89.6;32
2026-07-21;04:04:18.371;82;41.020100;28.984500;85;37.3;20.4;225;25;52;58.2;24.5;1463;194.7;33;41;39;88;48.4;58.4;9;801;89.8;55
2026-07-21;04:04:18.446;40;41.021100;28.985500;93;41.9;23.9;476;39;54;42.5;30.7;1900;195.0;38;42;31;88;48.7;34.3;39.7;2469;89.9;40
2026-07-21;04:04:18.529;42;41.022100;28.986500;77;46.4;17.5;467;39;66;48.3;36.1;1306;195.4;39;41;41;88;48.9;45.1;11;2367;89.9;29
2026-07-21;04:04:18.603;48;41.023100;28.987500;80;48.4;21;524;36;56;53.7;23.9;887;195.7;38;44;46;89;49.1;35.1;39.9;605;90.0;39
2026-07-21;04:04:18.683;20;41.024100;28.988500;65;48.3;17.3;553;27;65;57.3;20.7;1927;196.1;31;35;40;88;49.5;51;32.5;1339;90.2;76
2026-07-21;04:04:18.795;47;41.025100;28.989500;73;44.6;20.1;304;40;52;46.6;24.2;1900;196.4;26;43;30;88;49.3;50.8;43.8;1656;90.4;47
2026-07-21;04:04:18.873;31;41.026100;28.990500;85;42.2;13.8;456;35;65;51.9;20;1785;196.9;35;29;42;89;48.9;40.7;49.6;945;90.4;27
2026-07-21;04:04:18.906;42;41.025100;28.989500;79;37.8;10.7;241;31;68;45;14;960;197.0;41;29;43;89;49.2;54.3;49.7;2303;90.5;86
2026-07-21;04:04:18.981;38;41.024100;28.988500;75;43.6;12;421;29;62;41;11;718;197.4;27;28;37;89;49.1;52.6;33.9;1611;90.7;79
2026-07-21;04:04:19.064;54;41.023100;28.987500;74;36.9;11.2;646;26;64;54.3;25.8;1941;197.5;28;41;30;89;49.2;42.7;8.6;2435;90.7;39
2026-07-21;04:04:19.184;58;41.022100;28.986500;88;39.4;12.7;731;41;59;48.5;7.4;936;197.8;34;43;45;88;49.4;49.7;48.1;1032;90.8;59
2026-07-21;04:04:19.307;54;41.021100;28.985500;92;30.5;8.8;724;25;50;52.6;5.1;844;198.1;29;45;33;89;49.1;45.1;18.8;2404;90.9;72
2026-07-21;04:04:19.384;78;41.020100;28.984500;65;41.4;9;619;39;66;55.2;37.8;1014;198.4;36;31;41;90;48.6;55.5;29.5;1594;91.1;27
2026-07-21;04:04:19.459;28;41.019100;28.983500;82;30.8;20.4;438;31;58;57.5;7.8;545;198.7;28;33;35;89;48.4;39.1;28.8;1625;91.2;71
2026-07-21;04:04:19.459;34;41.018100;28.982500;71;43.6;22.3;486;38;68;43.2;29.2;1464;199.0;44;31;41;89;48.8;54.8;33.4;2445;91.3;69
2026-07-21;04:04:19.459;63;41.017100;28.981500;83;46.4;20.4;282;32;72;43.5;31.1;1520;199.3;42;42;33;89;49.1;53.7;21.3;912;91.4;30
2026-07-21;04:04:19.459;62;41.016100;28.980500;81;47.7;11;529;31;65;49.9;30.2;614;199.6;37;35;33;89;48.9;46.6;35.6;1747;91.6;83
2026-07-21;04:04:19.459;86;41.015100;28.979500;83;42.4;16.1;667;37;67;44.4;27.7;1919;199.8;35;33;37;90;48.8;53.3;19.1;2094;91.8;69
2026-07-21;04:04:19.460;83;41.016100;28.980500;77;36.3;18.1;396;27;73;54.2;24.7;1644;199.9;39;37;31;90;48.6;37.8;34.3;1453;91.8;43
2026-07-21;04:04:20.410;86;41.017100;28.981500;90;34.6;14.2;474;32;61;57.3;33.8;1421;200.1;43;31;40;90;48.3;59.5;28.7;719;91.9;70
2026-07-21;04:04:20.482;72;41.018100;28.982500;79;40;18.8;320;30;57;48;7.1;1676;200.3;38;32;48;90;47.8;58;47.9;2150;92.1;83
2026-07-21;04:04:21.418;71;41.019100;28.983500;80;34.8;17.4;778;30;74;47.1;29.3;1959;200.4;44;38;49;90;47.6;49.1;27;889;92.3;68
2026-07-21;04:04:21.490;42;41.020100;28.984500;72;48.9;7.3;441;28;62;40.8;14.7;637;200.6;31;38;31;90;47.7;47.6;10.7;1943;92.4;66
2026-07-21;04:04:22.859;37;41.021100;28.985500;62;33.4;14;722;36;55;47.8;13.4;1950;200.8;40;29;31;91;47.7;49.9;44.8;414;92.5;88
2026-07-21;04:04:22.931;75;41.022100;28.986500;75;33.3;21.6;416;40;68;49.2;32.7;1640;201.1;34;33;46;91;47.8;53.1;42.9;1801;92.6;49
2026-07-21;04:04:23.307;84;41.023100;28.987500;64;31.6;13.4;688;32;53;42.9;32.8;1708;201.6;29;45;34;91;47.5;42.5;9.1;1338;92.8;81
2026-07-21;04:04:23.575;24;41.024100;28.988500;71;40.9;14.7;358;36;62;46.6;39;681;202.1;40;34;31;91;47.5;53.8;46.2;1094;92.9;70
2026-07-21;04:04:24.446;68;41.025100;28.989500;95;36.6;12;268;33;70;55.4;19.7;1284;202.4;27;45;42;91;47.8;54.2;16.4;1440;93.0;73
2026-07-21;04:04:24.518;47;41.026100;28.990500;79;46.2;11.8;760;28;50;46.3;23.8;1855;202.9;41;34;34;90;48.1;41.8;45.1;944;93.2;27
2026-07-21;04:04:25.879;71;41.025100;28.989500;76;49;11.8;214;28;67;43.3;35.4;569;203.3;44;35;33;90;48.5;43.9;37.1;382;93.3;32
2026-07-21;04:04:25.953;36;41.024100;28.988500;66;44.4;6.8;441;26;65;42;25.9;1311;203.7;35;41;32;89;48.5;42.2;45.3;1012;93.4;70
2026-07-21;04:04:26.177;69;41.023100;28.987500;95;46.4;22.7;283;37;52;57.7;36.8;891;203.9;31;40;31;90;48.9;52.2;19.4;491;93.5;27
2026-07-21;04:04:26.555;70;41.022100;28.986500;88;43.8;22.5;413;41;54;59.7;14.8;1309;204.2;38;28;33;89;49.0;50.1;40.8;2401;93.7;47
2026-07-21;04:04:27.395;20;41.021100;28.985500;73;43.5;20.1;390;43;50;41.8;16.1;950;204.5;42;35;47;90;49.2;56.5;22.7;1799;93.9;78
2026-07-21;04:04:27.471;30;41.020100;28.984500;82;36.5;16.5;276;31;66;48.1;35.8;502;204.8;30;34;45;89;49.4;43;27.3;1642;94.0;79
2026-07-21;04:04:28.864;38;41.019100;28.983500;71;33;11.2;520;33;71;46.5;33.3;1444;204.9;33;43;32;88;49.2;43.8;29.8;785;94.2;28
2026-07-21;04:04:28.939;30;41.018100;28.982500;85;30.3;5.3;256;43;50;54.4;35.8;1481;205.2;26;30;32;89;49.6;33.3;16.9;1267;94.3;45
2026-07-21;04:04:29.385;39;41.017100;28.981500;67;49.7;24.2;252;40;51;55.1;33;1751;205.7;33;46;40;88;49.9;55.3;46.8;2470;94.4;53
2026-07-21;04:04:29.459;63;41.016100;28.980500;71;41;13.6;753;33;70;52.8;28.6;703;206.1;30;37;46;88;50.0;51.9;20.4;2264;94.5;84
2026-07-21;04:04:30.823;77;41.015100;28.979500;92;38.8;19.5;601;28;67;49.6;21.6;1111;206.3;28;45;35;88;49.8;44.1;35.8;937;94.7;77
2026-07-21;04:04:30.904;25;41.016100;28.980500;64;45.9;18.1;474;38;74;59.5;30.1;1170;206.7;38;43;48;89;49.9;31.3;47.2;871;94.8;62
2026-07-21;04:04:31.310;21;41.017100;28.981500;67;33.5;24.7;680;29;74;54.1;18.3;872;206.8;31;46;38;90;49.7;34.6;15.8;1047;94.9;83
2026-07-21;04:04:32.150;41;41.018100;28.982500;71;33.8;14.5;617;29;51;46.2;16.7;1881;207.3;44;37;42;90;49.4;55.9;27.2;357;95.0;20
2026-07-21;04:04:32.276;29;41.019100;28.983500;68;33.9;6.1;207;35;72;56.7;7.2;1000;207.4;30;39;42;91;49.3;39.4;46.5;1054;95.1;47
2026-07-21;04:04:32.605;39;41.020100;28.984500;76;30.4;6.8;359;34;69;58.1;9.7;1542;207.6;28;29;32;91;49.2;58.1;20.4;1876;95.2;55
2026-07-21;04:04:33.442;25;41.021100;28.985500;93;31.9;19;709;40;52;42.2;34.1;872;207.9;43;28;37;90;49.7;44.7;30.2;2339;95.2;83
2026-07-21;04:04:33.718;50;41.022100;28.986500;84;39.8;6.3;388;31;60;57.8;35.5;1607;208.1;35;43;46;90;49.3;40.1;8.3;385;95.3;58
2026-07-21;04:04:34.620;68;41.023100;28.987500;88;33.1;5.6;716;33;65;49.5;26.2;970;208.6;40;47;34;89;49.5;45.9;35.7;2420;95.4;35
2026-07-21;04:04:34.620;29;41.024100;28.988500;78;44.7;18.1;479;28;59;46.7;14.1;1069;208.7;29;36;33;90;49.0;43.4;39.7;1081;95.5;21
2026-07-21;04:04:35.587;55;41.025100;28.989500;60;39.5;6.9;594;31;64;51.5;9.7;659;208.9;33;40;47;90;49.1;40.4;43;1777;95.7;83
2026-07-21;04:04:35.660;63;41.026100;28.990500;65;30.3;9.8;795;25;56;47.3;25.2;1468;209.1;28;31;46;91;49.2;46.3;27.1;1823;95.8;69
2026-07-21;04:04:36.601;27;41.025100;28.989500;90;37.4;8;241;32;65;57.7;13.7;1007;209.3;34;42;46;91;49.6;30.9;48;1099;96.0;73
2026-07-21;04:04:36.674;59;41.024100;28.988500;74;42.1;17.3;359;39;64;44.6;14.3;1571;209.4;35;29;33;91;49.7;47.7;33.3;457;96.1;53
2026-07-21;04:04:38.066;46;41.023100;28.987500;78;31.9;25;563;32;54;44.5;11.7;609;209.6;30;45;49;90;49.6;40.9;43.3;1129;96.2;53
2026-07-21;04:04:38.139;30;41.022100;28.986500;63;45.7;8.5;407;26;74;59.6;35.8;1750;209.9;28;33;42;91;50.0;40.7;5.2;2312;96.4;75
2026-07-21;04:04:38.362;65;41.021100;28.985500;80;36.5;18.2;309;41;66;45.7;21.5;1096;210.2;28;38;31;91;49.7;55.3;27.9;857;96.5;78
2026-07-21;04:04:38.565;70;41.020100;28.984500;99;48.4;20.5;479;34;67;56.2;23.1;1660;210.7;32;38;39;90;49.4;53.4;38.5;1414;96.5;75
2026-07-21;04:04:39.435;79;41.019100;28.983500;70;35.7;16;694;38;56;54.1;22.6;1957;211.0;33;36;40;91;49.3;59;14.1;726;96.6;89
2026-07-21;04:04:39.703;26;41.018100;28.982500;89;32.4;24;667;44;65;54.8;32.4;1958;211.2;44;28;48;92;49.0;42.1;12.6;1850;96.7;35
2026-07-21;04:04:40.570;85;41.017100;28.981500;71;49.7;7.5;666;43;66;53.3;24.7;1779;211.7;40;44;31;91;49.0;42.1;49.4;1151;96.9;87
2026-07-21;04:04:40.642;71;41.016100;28.980500;89;38.3;6.4;358;34;59;54.2;23.2;671;212.0;44;37;33;92;49.0;45.7;12.4;441;97.0;42
2026-07-21;04:04:41.561;54;41.015100;28.979500;62;47.4;14;717;44;50;40.9;6;1739;212.3;27;37;33;92;48.9;39.3;36;572;97.2;49
2026-07-21;04:04:41.654;45;41.016100;28.980500;94;47.1;7.1;312;33;66;46.7;23.3;1834;212.7;33;31;46;92;48.8;45.9;38.1;545;97.4;48
2026-07-21;04:04:43.022;40;41.017100;28.981500;70;31.6;9.9;324;28;64;56.8;10.3;1334;213.1;33;37;43;93;48.7;51.3;46.5;1100;97.5;43
2026-07-21;04:04:43.125;48;41.018100;28.982500;88;41.2;10.3;515;29;51;51.4;36.8;1093;213.4;41;31;30;94;48.7;34.3;45.6;1324;97.6;81
2026-07-21;04:04:43.342;77;41.019100;28.983500;63;41.5;20.6;505;27;56;54.7;8.3;1239;213.9;41;31;35;94;48.3;37.4;44.3;548;97.7;57
2026-07-21;04:04:43.724;62;41.020100;28.984500;68;38;10.7;579;29;74;41.4;19.6;777;214.3;39;31;32;94;48.2;40.4;44.3;562;97.8;67
2026-07-21;04:04:44.669;44;41.021100;28.985500;81;41.9;13.2;402;28;67;50.6;16.8;824;214.4;39;30;45;93;48.2;59.9;16;987;98.0;28
2026-07-21;04:04:44.878;88;41.022100;28.986500;93;38.8;5.3;239;29;71;40.9;33;777;214.7;41;31;49;93;48.3;31.2;9.4;1462;98.1;42
2026-07-21;04:04:45.266;48;41.023100;28.987500;98;36.1;13.4;300;32;68;43.8;5.8;1682;215.0;41;40;35;94;48.5;49.3;37.1;1299;98.3;39
2026-07-21;04:04:46.130;30;41.024100;28.988500;86;30.9;22.5;261;33;56;48;39.9;1167;215.2;40;29;40;95;48.9;33.9;40.4;1478;98.4;38
2026-07-21;04:04:46.427;48;41.025100;28.989500;61;31.2;10.1;481;34;70;48;26.2;839;215.3;38;34;34;95;48.4;50.4;14.4;1954;98.5;38
2026-07-21;04:04:47.301;81;41.026100;28.990500;97;30;17.8;348;28;60;54;13.6;1344;215.7;35;47;41;95;48.4;58.2;48.9;2028;98.5;77
2026-07-21;04:04:47.302;86;41.025100;28.989500;87;38;20.9;327;41;72;46.4;9.1;1774;216.0;31;29;31;94;48.3;32.2;35.8;2299;98.6;74
2026-07-21;04:04:47.762;46;41.024100;28.988500;91;40.4;6.3;394;26;74;44.2;23.6;865;216.3;38;28;40;94;48.3;48.6;19.5;2291;98.7;41
2026-07-21;04:04:48.597;70;41.023100;28.987500;61;49;7;488;44;54;42.1;29.3;1222;216.6;43;44;34;94;48.6;52.4;13.6;537;98.8;78
2026-07-21;04:04:48.670;64;41.022100;28.986500;74;45.3;7.3;659;30;73;53.2;33.7;1298;217.0;38;36;47;94;49.0;39.5;48.1;1754;98.9;23
2026-07-21;04:04:50.033;80;41.021100;28.985500;79;38.7;23.6;447;33;63;47;11.4;738;217.2;30;42;43;94;49.4;59.1;19.4;2251;99.1;50
2026-07-21;04:04:50.107;81;41.020100;28.984500;92;43;17.3;388;25;67;59.5;35.2;611;217.5;36;46;46;94;49.0;59.2;42.9;2409;99.2;57
2026-07-21;04:04:50.331;41;41.019100;28.983500;99;49.3;5.4;256;43;66;52.7;33.6;1108;217.6;41;38;41;95;49.1;31.2;47.8;1982;99.4;56
2026-07-21;04:04:51.230;84;41.018100;28.982500;81;49;16.9;318;28;70;53;21;1284;218.1;27;38;36;95;48.8;59.1;47.2;786;99.5;84
2026-07-21;04:04:51.330;83;41.017100;28.981500;69;45.1;11.1;337;35;71;49.5;8.4;967;218.2;40;39;42;94;48.4;54.3;45.1;696;99.5;21
2026-07-21;04:04:51.744;79;41.016100;28.980500;85;47.6;21;274;26;57;57.7;33.5;1155;218.5;44;47;42;95;48.2;43.4;25.8;2354;99.7;40
2026-07-21;04:04:52.555;25;41.015100;28.979500;65;32.4;23.6;498;40;61;52.3;14.2;1884;219.0;33;31;47;94;47.9;31.1;27.8;2020;99.8;35
2026-07-21;04:04:52.656;32;41.016100;28.980500;92;48.5;7.4;507;34;54;42.7;21.4;1812;219.1;30;39;44;95;47.6;51.4;28.6;332;100.0;43
2026-07-21;04:04:54.051;45;41.017100;28.981500;82;35;5.4;763;38;69;46.3;32.5;561;219.4;40;43;37;94;47.9;34;36.4;2313;100.0;72
2026-07-21;04:04:54.138;77;41.018100;28.982500;90;33.3;23.8;550;26;57;57.9;24.8;905;219.6;31;34;30;94;48.1;48.2;15.5;748;100.2;56
2026-07-21;04:04:54.421;63;41.019100;28.983500;78;48.7;15.7;296;25;66;57.2;6.4;1436;219.9;42;39;43;94;48.5;50.3;13.6;1035;100.3;87
2026-07-21;04:04:54.646;42;41.020100;28.984500;77;44.7;5.8;514;32;62;47.6;31.1;1606;220.4;40;35;36;93;48.4;41.6;25.4;460;100.5;74
2026-07-21;04:04:56.110;74;41.021100;28.985500;95;33.3;14.9;527;38;50;43.3;17.8;1081;220.9;35;41;40;92;48.4;49.5;33.2;2464;100.6;32
2026-07-21;04:04:56.182;69;41.022100;28.986500;76;38.6;22.3;582;38;50;47.9;35.5;1670;221.1;43;38;30;92;48.3;47.3;40.9;316;100.7;45
2026-07-21;04:04:56.256;36;41.023100;28.987500;76;35.2;24.8;623;36;59;45.5;13.2;1434;221.3;33;35;35;93;48.1;49;9.7;2047;100.8;65
2026-07-21;04:04:56.671;56;41.024100;28.988500;96;47.1;13.5;554;42;72;40.3;18.3;614;221.6;32;42;34;94;48.4;44.7;38.9;1134;100.9;43
2026-07-21;04:04:57.532;40;41.025100;28.989500;91;49.9;17.1;794;36;63;54.7;27.6;1191;221.9;27;41;35;94;48.7;32.2;44.3;1082;101.0;82
2026-07-21;04:04:57.804;41;41.026100;28.990500;72;48.8;7.5;239;30;72;53.7;13.3;807;222.2;44;31;35;94;48.4;51;19.3;1015;101.2;26
2026-07-21;04:04:58.681;77;41.025100;28.989500;83;33;6.8;579;34;63;49.1;16.7;856;222.5;27;41;45;95;48.1;50;24.5;2315;101.2;86
2026-07-21;04:04:58.755;38;41.024100;28.988500;94;33.3;21.5;361;32;57;50.8;16.5;1657;223.0;42;40;37;94;47.9;43.2;5.8;1840;101.4;32
2026-07-21;04:05:00.158;84;41.023100;28.987500;90;41.4;13.3;383;37;72;55.2;39.4;573;223.2;30;40;31;93;48.1;53.3;24.4;720;101.6;30
2026-07-21;04:05:00.254;37;41.022100;28.986500;75;32.2;9.2;402;41;70;47.5;30.2;682;223.5;31;38;48;93;48.3;36.7;25.1;2463;101.6;52
2026-07-21;04:05:00.325;69;41.021100;28.985500;77;38.3;17.7;341;35;69;45;26.5;1146;223.6;43;46;49;93;47.9;44.4;43.3;1319;101.7;71
2026-07-21;04:05:00.700;36;41.020100;28.984500;62;46.5;14.8;437;36;70;46.1;32.5;1299;224.0;40;47;49;92;48.2;47.2;26.4;302;101.8;71
2026-07-21;04:05:01.522;80;41.019100;28.983500;61;33.1;14.6;504;30;52;53.5;34.4;897;224.4;27;35;35;92;48.2;45.7;40.3;1246;102.0;58
2026-07-21;04:05:01.799;83;41.018100;28.982500;61;32.7;21.1;445;39;51;53;5.8;1692;224.5;41;29;39;91;48.0;41.6;44.9;1503;102.2;60
2026-07-21;04:05:02.709;40;41.017100;28.981500;72;43.9;13.1;417;36;65;42.6;36.7;686;224.9;27;31;44;90;47.8;58.3;26.9;1004;102.2;61
2026-07-21;04:05:03.805;49;41.016100;28.980500;67;34.5;16.1;662;37;57;56.7;26.1;728;225.3;31;38;46;91;48.2;43.7;38.5;2115;102.4;78
2026-07-21;04:05:03.805;30;41.015100;28.979500;63;36.2;23.1;560;41;64;41;14.9;1815;225.6;39;35;47;92;47.8;48.1;49.1;686;102.6;40
2026-07-21;04:05:04.370;60;41.016100;28.980500;99;32.9;12.5;236;38;72;53.9;32.8;1616;225.9;34;39;48;91;47.7;45.4;14.7;1004;102.8;27
2026-07-21;04:05:05.103;27;41.017100;28.981500;66;30.7;9.3;519;34;71;42.4;27;1316;226.1;34;36;38;91;48.0;33.1;24.2;1074;102.9;62
2026-07-21;04:05:05.103;45;41.018100;28.982500;83;40.4;13.3;308;33;72;42;27.3;1733;226.3;31;46;41;90;48.2;36.9;20.8;777;103.0;21
2026-07-21;04:05:37.078;89;41.020100;28.984500;71;48.5;8.5;206;35;69;58.6;28.2;547;226.8;44;46;36;90;48.3;57.3;11.5;1075;103.3;89
2026-07-21;04:05:37.151;25;41.021100;28.985500;86;38.8;15.2;225;25;58;57.3;39.4;881;227.1;37;28;39;90;47.9;43.7;43.3;1938;103.4;68
2026-07-21;04:05:37.221;61;41.022100;28.986500;86;42.1;22;724;33;60;46.1;12.3;713;227.4;26;33;33;91;48.0;53.3;8.6;2237;103.6;77
2026-07-21;04:05:37.292;81;41.023100;28.987500;70;32.7;6.8;551;30;68;51.1;26.6;505;227.7;39;35;45;91;47.7;54.8;23.8;1212;103.7;30
2026-07-21;04:05:37.363;23;41.024100;28.988500;81;35.9;21.9;234;35;65;50.5;5.7;1264;228.0;37;32;33;91;47.4;40.5;24.2;665;103.8;42
2026-07-21;04:05:37.481;36;41.025100;28.989500;87;30.5;21.4;389;44;52;46.1;6.4;713;228.3;40;44;41;91;47.2;35.3;44.9;2057;104.0;29
2026-07-21;04:05:37.515;83;41.026100;28.990500;91;47.4;9.2;454;28;68;59.4;33.1;520;228.5;28;30;36;91;46.8;33.6;14.6;1627;104.1;54
2026-07-21;04:05:37.586;76;41.025100;28.989500;67;43.7;6.4;309;32;66;53.7;21.2;1460;228.9;27;45;31;92;47.2;50.8;21.3;1121;104.3;30
2026-07-21;04:05:37.659;54;41.024100;28.988500;66;39.2;6.3;527;27;56;45.2;32.1;716;229.2;40;35;37;92;47.7;54.4;44.2;1697;104.4;44
2026-07-21;04:05:37.732;37;41.023100;28.987500;86;35.9;16;657;38;58;52.8;6.9;893;229.6;30;33;48;93;47.5;59.7;29;360;104.5;77
2026-07-21;04:05:37.803;77;41.022100;28.986500;66;30.3;18.1;578;28;70;52.3;29.8;1870;230.0;31;32;37;94;47.7;37.8;22.4;2212;104.6;50
2026-07-21;04:05:37.963;55;41.021100;28.985500;64;37.8;6.3;243;35;55;54;18;1131;230.2;36;30;49;95;47.9;30.5;23.9;1769;104.7;31
2026-07-21;04:05:37.964;50;41.020100;28.984500;63;44.1;18.9;462;29;72;47.8;26.6;1432;230.4;42;41;47;95;47.7;52.8;14.8;2100;104.7;75
2026-07-21;04:05:38.036;31;41.019100;28.983500;81;47.5;23.7;202;39;50;45.2;33.1;996;230.6;35;30;46;95;47.4;38.5;38.5;2044;104.8;83
2026-07-21;04:05:38.127;24;41.018100;28.982500;71;36.5;13.1;524;42;73;45.9;10.4;1715;231.1;35;42;48;95;47.3;48.5;32.9;1731;104.9;78
2026-07-21;04:05:38.202;32;41.017100;28.981500;66;40.7;8.7;373;27;68;44.6;33.3;1994;231.5;33;31;37;96;47.3;54.3;24.9;2325;105.1;32
2026-07-21;04:05:38.274;55;41.016100;28.980500;94;40;11.6;440;25;57;54.4;11.2;1245;231.7;28;39;33;95;47.3;45.3;45.8;1772;105.2;30
2026-07-21;04:05:38.365;33;41.015100;28.979500;61;35.4;23.3;723;27;52;55.6;26.6;1191;232.1;39;43;33;95;47.6;32.3;27.3;2458;105.3;48
2026-07-21;04:05:38.450;27;41.016100;28.980500;77;41.5;22.9;222;26;56;56.6;38.5;893;232.2;36;37;35;94;47.6;54.7;8.5;1218;105.5;62
2026-07-21;04:05:38.507;64;41.017100;28.981500;85;42.1;7.8;559;33;69;44.9;11.6;1597;232.6;36;32;38;94;47.9;51.1;39.6;1984;105.7;49
2026-07-21;04:05:38.650;56;41.018100;28.982500;83;43.9;16.7;613;32;67;51.2;21.6;816;232.7;40;36;35;94;48.2;56.3;7.7;1627;105.7;63
2026-07-21;04:05:38.708;73;41.019100;28.983500;67;37;5.3;459;44;50;58;36.1;1833;233.0;25;30;34;95;48.2;48.1;15.3;545;105.9;74
2026-07-21;04:05:38.935;80;41.020100;28.984500;78;49.3;7.6;590;28;56;54.5;5.2;1941;233.4;40;30;42;95;48.1;56.1;43.6;1567;106.1;40
2026-07-21;04:05:39.015;86;41.021100;28.985500;85;38.7;7.7;534;26;59;40.8;36.9;1625;233.9;36;42;44;95;48.2;40.4;39.1;2007;106.1;86
2026-07-21;04:05:39.141;35;41.022100;28.986500;86;34.4;21.5;534;25;67;45.2;9.4;1903;234.4;29;29;34;94;47.9;59;21.3;2027;106.2;53
2026-07-21;04:05:39.226;88;41.023100;28.987500;76;43.6;5.9;373;30;68;58;6.6;1969;234.7;31;42;44;94;47.8;38.9;49.1;1919;106.3;25
2026-07-21;04:05:39.286;68;41.024100;28.988500;86;42.2;14.2;346;44;58;58.3;10.3;1992;235.1;36;40;41;95;47.8;48.4;43.3;1968;106.5;78
2026-07-21;04:05:39.397;86;41.025100;28.989500;63;49.8;21.2;757;44;50;55.6;26;602;235.6;43;39;43;96;47.7;48.4;47.4;2261;106.6;42
2026-07-21;04:05:39.444;21;41.026100;28.990500;69;30.4;8.2;415;42;71;54.3;27.9;1702;235.8;39;32;48;97;47.9;36.1;34.6;307;106.8;50
2026-07-21;04:05:39.591;82;41.025100;28.989500;70;33.6;23.8;657;41;55;45.1;17.7;1378;235.9;34;45;44;97;47.8;47.5;16.3;586;106.9;42
2026-07-21;04:05:39.796;28;41.024100;28.988500;76;31.3;20.4;395;38;72;47.3;13.6;1284;236.3;29;44;41;98;47.6;38.3;41.5;1812;107.0;56
2026-07-21;04:05:39.913;84;41.023100;28.987500;66;33.9;19;490;40;71;43.2;24;1197;236.5;27;41;39;97;47.9;31.1;39.8;2241;107.2;43
2026-07-21;04:05:40.065;85;41.022100;28.986500;73;45.9;13.3;706;39;56;44.2;14.6;809;237.0;38;43;48;96;48.2;53;23.3;926;107.3;85
2026-07-21;04:05:40.117;50;41.021100;28.985500;62;31.3;21.4;444;42;64;54.2;26.6;1562;237.4;28;41;39;96;48.2;36.8;45.1;1209;107.4;62
2026-07-21;04:05:40.238;84;41.020100;28.984500;62;30.3;17.4;225;34;55;55.9;6.2;1226;237.8;29;35;48;97;48.4;32.1;38.1;2026;107.5;64
2026-07-21;04:05:40.383;79;41.019100;28.983500;78;39.3;19.3;232;32;50;54.5;27.5;594;237.9;31;42;47;96;48.0;42.9;27.2;567;107.6;69
2026-07-21;04:05:40.486;30;41.018100;28.982500;62;47.1;21.2;752;40;66;44.2;32.1;1593;238.2;33;43;37;96;48.4;37.1;34.5;529;107.7;51
2026-07-21;04:05:40.558;83;41.017100;28.981500;84;47.1;12.8;785;34;73;57.6;23.4;503;238.3;34;38;42;96;48.3;55.7;13.5;1870;107.8;78
2026-07-21;04:05:40.698;67;41.016100;28.980500;68;37.9;12.9;449;35;66;42;25.2;539;238.4;32;30;33;95;48.1;45.1;10.8;840;107.9;61
2026-07-21;04:05:40.700;88;41.015100;28.979500;88;38.1;12.8;374;39;60;41.7;32.4;1481;238.5;37;31;37;94;47.9;52.3;29.4;1184;108.1;22
2026-07-21;04:05:40.771;49;41.016100;28.980500;87;38.2;19.3;200;40;56;59.5;5.6;1197;238.8;26;37;32;95;48.4;44.9;10.3;862;108.2;73
2026-07-21;04:05:40.843;65;41.017100;28.981500;96;48.6;11.3;228;40;63;58.9;18;1799;239.3;25;34;43;94;48.2;52.5;16.3;1052;108.4;83
2026-07-21;04:05:40.888;65;41.018100;28.982500;81;35;15.7;767;33;55;42.5;7.1;1982;239.7;30;37;38;94;48.3;41.5;45.2;2174;108.5;21
2026-07-21;04:05:41.006;51;41.019100;28.983500;70;46.5;24.3;458;42;62;55.3;40;993;240.0;36;47;37;94;48.0;40.9;22.2;645;108.6;89
2026-07-21;04:05:41.123;60;41.020100;28.984500;76;33.3;11;540;32;57;53.6;19.9;546;240.5;43;35;32;95;47.9;37.4;31;1381;108.7;43
2026-07-21;04:05:41.256;32;41.021100;28.985500;99;46.8;11.3;623;33;59;49.2;40;1809;240.9;44;43;36;95;48.3;51.9;14.9;1492;108.8;88
2026-07-21;04:05:41.328;45;41.022100;28.986500;95;44.5;5.8;783;40;68;50.1;31;1299;241.1;40;38;43;95;48.0;35.4;9.4;1794;108.9;42
2026-07-21;04:05:41.401;24;41.023100;28.987500;92;42.8;13.2;307;28;53;53.5;9.3;1289;241.4;44;47;49;95;48.4;34.7;44.1;2063;109.0;20
2026-07-21;04:05:41.445;41;41.024100;28.988500;85;35.1;5.4;716;29;66;44.9;18.3;737;241.8;41;39;46;95;48.4;39.7;24.2;1813;109.2;44
2026-07-21;04:05:41.566;69;41.025100;28.989500;86;31.6;16.7;798;40;59;57.9;18.2;1183;242.1;38;39;45;95;48.2;35.9;36.5;1623;109.3;63
2026-07-21;04:05:41.683;51;41.026100;28.990500;91;42.5;5.7;425;44;51;45.5;11.9;1030;242.6;40;36;42;96;47.8;57.4;43.8;530;109.5;86
2026-07-21;04:05:41.817;54;41.025100;28.989500;60;46.6;16.7;267;32;52;50;33.7;768;242.9;37;45;31;96;47.6;30.8;10.6;2495;109.6;76
2026-07-21;04:05:41.818;70;41.024100;28.988500;65;46.3;13.1;280;41;56;41.4;20.6;1529;243.1;34;42;38;96;47.9;40.6;24.9;900;109.6;21
2026-07-21;04:05:41.890;79;41.023100;28.987500;83;34.8;20.3;659;34;68;48.4;11.4;1810;243.2;39;33;36;97;48.3;43;25.1;1277;109.8;53
2026-07-21;04:05:41.994;89;41.022100;28.986500;99;44.9;16.9;335;41;59;55.1;14.3;514;243.6;40;40;44;97;48.0;40.4;40.6;1207;110.0;63
2026-07-21;04:05:42.068;55;41.021100;28.985500;71;42.5;23.6;418;40;60;41.6;22.7;1847;243.9;43;47;46;98;47.6;40.2;7.1;1064;110.1;35
2026-07-21;04:05:42.140;65;41.020100;28.984500;78;40.1;10.8;232;38;59;41.8;27.4;1919;244.0;37;33;43;99;47.4;41;40.5;857;110.2;85
2026-07-21;04:05:42.249;25;41.019100;28.983500;97;42.2;13.9;733;27;72;49.6;31.2;793;244.4;35;33;42;100;47.6;39.1;18.7;2364;110.4;35
2026-07-21;04:05:42.293;66;41.018100;28.982500;78;31;18.6;582;39;60;47;24.6;875;244.9;27;42;40;99;47.3;30.8;23.7;2243;110.4;61
2026-07-21;04:05:42.411;89;41.017100;28.981500;71;45.8;23.4;462;39;54;41;28;523;245.0;39;32;32;99;47.4;57.5;31.2;2232;110.6;54
2026-07-21;04:05:42.488;58;41.016100;28.980500;72;30.8;10.3;543;30;73;50;32.6;1437;245.3;25;32;45;99;47.9;30.2;22.1;1269;110.8;73
2026-07-21;04:05:42.488;43;41.015100;28.979500;76;38.2;16.6;291;39;70;55.8;18.5;974;245.5;30;32;49;100;48.0;37.7;11.6;558;110.8;67
2026-07-21;04:05:42.488;55;41.016100;28.980500;78;32.2;17.6;788;25;67;40.9;37.5;1703;245.8;30;35;44;100;47.5;59.4;41.1;745;111.0;65
2026-07-21;04:05:42.488;75;41.017100;28.981500;82;38.1;23.9;229;36;69;53;34.4;1664;246.2;32;44;47;99;47.4;56.4;8.6;2457;111.1;66
2026-07-21;04:05:42.488;75;41.018100;28.982500;71;34.8;16.1;446;25;70;58.7;17.4;1980;246.3;42;30;43;98;47.6;56.4;48.6;2259;111.2;64
2026-07-21;04:05:42.489;64;41.019100;28.983500;94;30.2;24.7;606;41;53;55.8;12.6;1875;246.7;38;46;31;98;47.4;40.9;36.3;476;111.3;50
2026-07-21;04:05:42.489;59;41.020100;28.984500;78;34.6;13.8;431;29;60;42.1;32.5;1191;247.1;31;43;33;97;47.4;35.8;19.5;2175;111.5;38
2026-07-21;04:05:42.489;27;41.021100;28.985500;78;31.1;10.6;366;34;52;45.3;11.2;1335;247.5;34;36;40;98;47.1;52.2;8;1201;111.6;70
2026-07-21;04:05:42.489;67;41.022100;28.986500;69;42.6;10.1;331;32;59;55.6;35.2;1232;247.8;42;36;41;98;46.8;48.9;27.1;816;111.7;34
2026-07-21;04:05:42.489;47;41.023100;28.987500;86;32.3;9.4;715;34;50;57.8;7.8;1402;248.2;39;33;38;98;46.4;36.4;31.9;826;111.8;20
2026-07-21;04:05:42.518;64;41.024100;28.988500;61;41.8;23.3;415;30;70;46.7;14.5;564;248.6;42;38;32;98;46.1;41.4;30.6;575;111.9;71
2026-07-21;04:05:42.518;25;41.025100;28.989500;69;38.5;21.8;682;41;64;51.4;30;1436;249.0;32;28;31;99;46.5;39.4;24.3;697;112.0;34
2026-07-21;04:05:42.518;33;41.026100;28.990500;88;34.4;23.9;254;44;64;53.9;33.4;1832;249.5;35;47;45;99;46.3;50.5;14.4;1567;112.2;38
2026-07-21;04:05:43.032;61;41.025100;28.989500;66;47.9;13.8;548;39;70;40.3;37.5;692;249.6;30;33;30;99;45.9;41.2;24.7;1643;112.3;58
2026-07-21;04:05:43.104;68;41.024100;28.988500;75;43.2;8.9;707;38;71;47.4;11.4;1085;250.0;35;47;32;100;46.1;32.7;29.6;2107;112.4;49
2026-07-21;04:05:43.518;48;41.023100;28.987500;94;35.1;13.5;269;30;58;47.9;23.8;1494;250.4;25;46;47;100;46.3;30.9;5.8;308;112.6;85
2026-07-21;04:05:44.219;36;41.022100;28.986500;64;44.7;16.4;572;31;72;41.5;38.2;531;250.6;36;39;49;99;46.1;38.3;45.4;2227;112.7;26
2026-07-21;04:05:44.294;24;41.021100;28.985500;80;40.9;16.2;312;42;71;47.6;7.3;1653;251.1;28;42;33;99;46.4;49;19.9;2031;112.8;72
2026-07-21;04:05:44.515;71;41.020100;28.984500;92;46.8;9.1;374;27;54;46.6;6.3;1060;251.3;36;33;46;99;46.3;52.5;39.7;1665;112.9;70
2026-07-21;04:05:45.384;42;41.019100;28.983500;93;31.8;22;263;27;68;51;33.2;1500;251.4;36;41;47;99;46.2;41.1;15.1;587;113.1;80
2026-07-21;04:05:45.384;51;41.018100;28.982500;66;34;11;764;28;68;47.5;23;844;251.7;44;38;46;99;46.7;32.7;21.6;836;113.2;71
2026-07-21;04:05:45.511;52;41.017100;28.981500;83;37.6;13.7;289;33;70;48.4;14.2;619;252.0;37;38;40;100;46.5;46.1;9.2;369;113.3;60
2026-07-21;04:05:47.511;82;41.016100;28.980500;65;48.7;20.1;763;39;50;59.9;22.1;1830;252.4;26;39;36;100;46.2;55.2;47.9;1958;113.5;79
2026-07-21;04:05:47.750;49;41.015100;28.979500;88;33.2;15.7;524;31;74;57.3;15.6;1763;252.8;28;45;33;100;46.7;54.9;23.7;1964;113.7;28
2026-07-21;04:05:47.750;31;41.016100;28.980500;76;31.3;6.4;481;34;72;41.8;5.2;793;253.0;44;42;42;100;46.7;52.9;17;1105;113.8;62
2026-07-21;04:05:47.750;81;41.017100;28.981500;94;33.8;17.6;671;41;59;59.7;20.8;1392;253.3;26;35;42;100;47.0;45.2;36.2;339;113.9;41
2026-07-21;04:05:47.750;79;41.018100;28.982500;98;35.6;21.3;618;42;68;53.7;12.6;1158;253.6;36;29;42;99;47.2;42;13.9;2287;114.0;40
2026-07-21;04:05:47.971;63;41.019100;28.983500;66;34.6;10.7;590;38;70;56.6;39.2;1500;253.8;40;36;41;100;47.6;45.5;32;1960;114.1;52
2026-07-21;04:05:49.507;80;41.020100;28.984500;80;48.5;22.6;701;34;54;55;38.2;1585;254.0;43;31;43;99;47.7;32.2;19;1092;114.2;35
2026-07-21;04:05:49.507;84;41.021100;28.985500;93;38.8;23.9;597;37;70;59.4;17.1;577;254.2;28;38;34;99;48.1;59.1;47;1415;114.2;30
2026-07-21;04:05:49.935;52;41.022100;28.986500;72;38.1;19;285;27;69;46.2;33.4;1430;254.5;41;38;38;99;48.3;41.3;18.3;1214;114.3;52
2026-07-21;04:05:49.936;60;41.023100;28.987500;66;39.4;20.3;287;32;72;42;22.3;1231;254.7;33;29;40;100;47.9;48;19.6;2343;114.4;54
2026-07-21;04:05:49.936;47;41.024100;28.988500;81;41.8;21.3;322;26;73;44;18.2;918;254.9;26;32;41;99;48.4;31.5;36.4;1475;114.6;54
2026-07-21;04:05:49.977;63;41.025100;28.989500;82;45.2;24.4;364;33;53;53.7;7.6;1261;255.2;29;43;42;99;48.0;55;38.1;1007;114.7;30
2026-07-21;04:05:50.066;56;41.026100;28.990500;72;45.1;20.2;671;36;67;52.5;15.1;1360;255.5;29;41;42;99;47.6;31.1;30.5;1789;114.9;35
2026-07-21;04:05:50.067;20;41.025100;28.989500;79;36.1;23.2;589;34;59;57.2;39.5;1989;255.7;30;45;30;99;47.9;45.3;7.4;1015;115.0;35
2026-07-21;04:05:50.998;51;41.024100;28.988500;68;44.3;7.3;451;43;52;49.6;26.4;1935;256.0;28;35;46;99;48.3;57.4;8.8;2372;115.1;69
2026-07-21;04:05:51.508;60;41.023100;28.987500;76;39.8;18.9;682;42;71;52.8;29.9;1562;256.3;29;32;48;99;48.6;57.7;14.2;755;115.3;49
2026-07-21;04:05:51.552;84;41.022100;28.986500;70;40.6;16.6;553;29;73;41.6;11.5;931;256.8;27;40;42;99;48.7;40.6;11.7;727;115.3;46
2026-07-21;04:05:51.628;55;41.021100;28.985500;81;39.5;18.8;504;29;53;47.4;32;658;257.1;36;40;42;99;49.1;59.2;43.3;1201;115.5;30
2026-07-21;04:05:52.095;31;41.020100;28.984500;78;42.5;17.6;760;43;57;47.4;34.7;773;257.5;38;30;48;100;48.6;45;44.7;1677;115.7;38
2026-07-21;04:05:52.167;27;41.019100;28.983500;82;48.7;14.7;317;43;53;48.1;29.9;1701;257.8;34;33;34;100;48.2;53.8;5.2;1608;115.8;24
2026-07-21;04:05:52.592;38;41.018100;28.982500;98;41.8;16.1;728;37;74;51.8;16.6;1039;258.0;37;44;42;99;48.4;54.8;39.5;2091;115.9;84
2026-07-21;04:05:53.414;33;41.017100;28.981500;83;40.2;23.3;266;27;51;50.2;30.1;1183;258.2;39;43;35;98;48.7;52.1;11.8;812;116.0;40
2026-07-21;04:05:53.415;64;41.016100;28.980500;90;41.5;20.6;534;40;66;41.6;5.9;976;258.3;26;34;45;98;48.9;36.4;18.5;1016;116.1;38
2026-07-21;04:05:53.516;22;41.015100;28.979500;97;39.9;16.2;422;30;58;45.9;26.4;846;258.8;27;41;34;98;49.2;48.4;42;850;116.3;78
2026-07-21;04:05:54.466;25;41.016100;28.980500;66;45.2;16.6;382;37;60;46.6;25.1;760;259.0;37;31;44;97;49.5;32.2;13.6;423;116.4;77
2026-07-21;04:05:54.538;58;41.017100;28.981500;74;37.4;19.4;651;35;66;47.3;20.3;592;259.4;39;35;31;96;49.0;33.9;48.3;1396;116.6;38
2026-07-21;04:05:54.611;88;41.018100;28.982500;67;42.2;13.6;456;31;58;58.2;19.8;1179;259.6;33;38;39;96;48.5;56.6;45.8;2015;116.7;48
2026-07-21;04:05:55.024;57;41.019100;28.983500;94;46.5;11.7;628;41;70;53.5;30.3;1810;260.0;34;38;40;95;48.8;51.7;36;1472;116.9;33
2026-07-21;04:05:55.101;43;41.020100;28.984500;76;44.7;18.5;608;40;68;57.9;13.1;728;260.3;33;28;38;95;48.5;35.4;25.4;1270;117.0;60
2026-07-21;04:05:55.560;52;41.021100;28.985500;87;42.8;23.5;664;28;66;46.6;19.1;740;260.7;44;31;47;94;48.3;55.4;12.4;2272;117.2;41
2026-07-21;04:05:56.463;76;41.022100;28.986500;98;47.5;7.5;202;29;64;52.9;22.7;759;261.0;31;37;31;93;48.4;30.2;38.2;2465;117.4;87
2026-07-21;04:05:56.553;53;41.023100;28.987500;71;35;22.5;268;31;55;41.4;30.6;1962;261.4;40;40;49;94;47.9;52.2;28.4;1651;117.5;24
2026-07-21;04:05:56.627;22;41.024100;28.988500;67;46.9;22.2;550;25;65;45.3;23.2;1295;261.7;25;40;33;94;47.6;51.9;35.3;2203;117.6;30
2026-07-21;04:05:57.562;51;41.025100;28.989500;68;36.5;10.6;354;27;74;55.5;26.8;665;261.8;25;30;35;94;47.9;36.6;37.3;1113;117.7;69
2026-07-21;04:05:57.640;73;41.026100;28.990500;80;48.6;6.5;576;31;66;44.3;26;1425;262.1;36;35;40;95;47.9;35.3;6.4;485;117.8;58
2026-07-21;04:05:57.640;28;41.025100;28.989500;66;44.7;19.3;726;40;52;41.7;36.8;1904;262.3;29;46;30;94;48.3;56.3;45.7;1196;117.9;61
2026-07-21;04:05:58.598;46;41.024100;28.988500;72;48.3;19.3;288;42;53;47;17.9;1275;262.7;25;34;39;95;48.0;50.7;9.4;1594;118.0;47
2026-07-21;04:05:58.598;22;41.023100;28.987500;72;46.9;15.2;748;40;52;54.9;32.1;1947;263.1;25;37;37;95;47.9;49.7;46.9;1848;118.1;34
2026-07-21;04:05:58.599;66;41.022100;28.986500;89;31.2;5.5;356;27;57;43.1;33.2;958;263.5;28;47;33;95;48.3;39.3;14.1;1380;118.3;89
2026-07-21;04:05:59.095;30;41.021100;28.985500;83;35.9;19.3;727;28;64;43.1;10.4;1442;263.8;32;40;43;95;47.9;52.5;38.9;1257;118.4;64
2026-07-21;04:05:59.095;85;41.020100;28.984500;75;30.4;12.2;789;32;58;40.6;35.8;679;264.0;25;30;38;95;48.0;58.7;31.7;651;118.5;54
2026-07-21;04:05:59.600;49;41.019100;28.983500;82;41.3;7.8;283;31;73;56.2;36.5;812;264.3;39;46;32;96;48.5;48.7;16.1;2299;118.7;56
2026-07-21;04:06:00.423;86;41.018100;28.982500;79;36;21.7;642;41;69;58.4;21.8;725;264.6;30;39;42;96;48.3;36.3;20;2317;118.9;31
2026-07-21;04:06:00.424;24;41.017100;28.981500;86;43;9.9;687;34;50;47.3;24.4;1361;264.8;27;31;44;95;48.6;35.6;43.1;2229;119.1;80
2026-07-21;04:06:00.694;60;41.016100;28.980500;83;33.7;13.4;227;31;73;59;18.9;1646;265.0;42;47;46;95;48.6;52.6;47.7;474;119.3;69
2026-07-21;04:06:01.561;86;41.015100;28.979500;81;47.8;22;649;32;50;48.2;34.6;1829;265.3;32;37;35;95;48.6;57.5;18.5;1162;119.3;53
2026-07-21;04:06:01.562;39;41.016100;28.980500;77;49.6;6.7;750;36;57;59;30;1125;265.7;39;34;36;95;48.6;30.5;15.2;2094;119.5;29
2026-07-21;04:06:01.633;36;41.017100;28.981500;88;42.5;18;312;39;72;56.6;25.9;1312;265.8;39;31;44;95;48.4;31.9;23.7;1253;119.6;40
2026-07-21;04:06:02.075;37;41.018100;28.982500;62;42.7;17.3;599;44;71;50.1;16.4;1185;266.3;33;30;44;96;47.9;54.4;13.1;1986;119.7;63
2026-07-21;04:06:02.148;35;41.019100;28.983500;77;48.7;21;621;27;64;51.3;11.9;1689;266.6;30;33;37;95;47.5;48.4;10.1;1580;119.9;81
2026-07-21;04:06:02.612;53;41.020100;28.984500;72;48.1;12.8;240;36;74;49.6;21.5;1132;266.7;28;42;31;95;47.0;33.4;11.2;667;119.9;40
2026-07-21;04:06:03.472;86;41.021100;28.985500;64;31.3;22.8;365;39;63;55;31.3;1878;267.1;33;30;35;96;47.0;36.5;39.2;2020;120.1;36
2026-07-21;04:06:03.472;31;41.022100;28.986500;66;36.4;19.2;423;43;68;48.6;26.3;1063;267.4;37;45;41;95;46.7;55.3;34.2;1000;120.2;38
2026-07-21;04:06:03.545;89;41.023100;28.987500;83;32.7;17.1;283;33;51;46.9;9;1446;267.7;36;41;35;95;46.8;36.4;16.1;741;120.4;29
2026-07-21;04:06:04.951;68;41.024100;28.988500;92;33.1;19.9;459;37;59;45.7;17.9;1945;268.1;41;32;30;96;46.9;54.7;17.2;1926;120.5;66
2026-07-21;04:06:05.023;48;41.025100;28.989500;87;41.4;11.4;619;28;60;51.8;24.8;594;268.3;39;32;34;96;46.8;30.5;34.4;1787;120.6;30
2026-07-21;04:06:05.023;82;41.026100;28.990500;74;48.7;19.6;712;32;73;41;28.6;1520;268.4;33;31;30;97;47.2;35.1;31.5;2483;120.7;57
2026-07-21;04:06:05.095;83;41.025100;28.989500;78;36.6;23;328;25;54;54.2;31.6;1787;268.6;42;33;37;96;47.6;46.7;34.6;1672;120.8;86
2026-07-21;04:06:05.096;63;41.024100;28.988500;71;44.1;7.6;425;37;74;57.7;38.9;1464;269.0;36;35;46;95;47.2;56.7;20.9;2329;120.9;33
2026-07-21;04:06:05.531;79;41.023100;28.987500;94;42;22.3;748;42;67;52.7;25.3;1109;269.1;37;28;47;95;47.0;58.1;24.3;1999;121.0;61
2026-07-21;04:06:06.390;35;41.022100;28.986500;80;32.6;9;222;33;59;54.8;10.6;1831;269.3;31;38;42;96;46.7;55.6;29.8;2203;121.2;86
2026-07-21;04:06:06.390;45;41.021100;28.985500;75;42.1;23.5;771;39;63;54.9;13.4;1207;269.6;41;41;31;97;46.3;51.1;41.3;2269;121.2;29
2026-07-21;04:06:06.657;38;41.020100;28.984500;60;34.8;12.8;326;27;61;55.1;25.5;757;269.9;44;35;37;96;46.2;51;43.3;785;121.4;35
2026-07-21;04:06:07.524;31;41.019100;28.983500;99;43.8;5.6;777;35;67;50.7;28.4;1145;270.1;26;40;41;97;45.9;42.9;42.1;700;121.5;44
2026-07-21;04:06:07.525;25;41.018100;28.982500;93;41.1;6.8;493;32;68;51.2;25.1;1455;270.5;36;44;44;96;45.5;50.5;44.2;2226;121.7;41
2026-07-21;04:06:07.596;49;41.017100;28.981500;97;48.4;17.4;552;32;55;55.9;16.5;1705;270.8;27;32;42;96;45.9;58.3;20.9;1848;121.9;36
2026-07-21;04:06:08.093;80;41.016100;28.980500;80;36.1;10.7;523;27;65;53.3;8.8;995;271.1;35;36;30;96;46.3;32.2;8.8;644;122.0;87
2026-07-21;04:06:08.093;21;41.015100;28.979500;89;49.1;7.2;466;43;57;45.2;39;575;271.3;38;37;43;96;46.7;40.3;29.1;417;122.1;58
2026-07-21;04:06:09.017;57;41.016100;28.980500;61;35.4;24.9;666;30;64;44.3;14.7;1792;271.5;44;32;47;96;47.0;53.9;10.9;2133;122.2;24
2026-07-21;04:06:09.089;36;41.017100;28.981500;83;33.5;15.2;292;30;51;46.1;20.8;1710;271.7;39;42;45;95;47.2;41.2;18.9;2270;122.3;65
2026-07-21;04:06:09.090;67;41.018100;28.982500;75;47;17.3;314;31;72;45.7;6.1;1187;272.1;37;45;47;94;46.9;53;26.6;1916;122.5;53
2026-07-21;04:06:10.038;45;41.019100;28.983500;90;37.4;22.6;777;31;52;54.2;35.8;1053;272.4;29;30;36;94;47.1;37.1;29.9;2409;122.6;52
2026-07-21;04:06:10.112;23;41.020100;28.984500;76;47.6;6.8;447;44;66;44.5;30.7;886;272.7;38;36;40;95;47.0;33.2;46.7;580;122.7;59
2026-07-21;04:06:10.112;56;41.021100;28.985500;92;45.7;16.6;410;43;60;45.2;37.8;1019;272.9;35;38;33;94;47.2;55.6;18.5;2193;122.8;32
2026-07-21;04:06:10.597;39;41.022100;28.986500;73;38.1;13.4;612;32;62;53.9;20.9;1844;273.2;26;40;45;95;46.7;47.3;40.2;953;122.9;29
2026-07-21;04:06:11.451;38;41.023100;28.987500;80;36.9;9.2;222;29;52;59.8;35.8;1507;273.5;35;44;47;95;46.5;59.2;34.7;2104;123.1;82
2026-07-21;04:06:11.452;83;41.024100;28.988500;87;42.9;7.6;255;33;52;47.5;8.4;1334;273.9;40;41;30;95;46.4;52.7;49.2;747;123.1;65
2026-07-21;04:06:11.525;50;41.025100;28.989500;64;32.3;15;509;30;66;53;37.6;1735;274.0;43;36;42;94;46.8;58.2;9.3;606;123.3;68
2026-07-21;04:06:12.933;75;41.026100;28.990500;71;45.3;11.7;277;38;55;59.9;15.7;1817;274.1;37;38;41;94;46.8;55;20.4;714;123.5;76
2026-07-21;04:06:13.006;22;41.025100;28.989500;82;34.3;16.6;231;38;67;57.4;32.3;1240;274.3;32;35;39;95;46.5;31.4;49;2499;123.6;49
2026-07-21;04:06:13.007;67;41.024100;28.988500;96;44.1;9.4;703;32;52;48.2;20.7;933;274.8;44;28;34;94;47.0;59.4;30.3;1563;123.7;56
2026-07-21;04:06:13.084;55;41.023100;28.987500;85;38.7;7.9;511;39;56;47;22.4;1723;275.1;43;42;34;95;47.2;39.2;46.5;1631;123.9;28
2026-07-21;04:06:13.157;22;41.022100;28.986500;88;48.9;19.9;328;43;68;56;21.7;1023;275.3;40;41;46;95;47.5;46.2;19.1;1120;124.0;43
2026-07-21;04:06:13.557;64;41.021100;28.985500;69;33.1;23.5;203;36;56;53.6;39.1;1057;275.7;38;42;44;96;47.5;38.5;18.1;425;124.2;29
2026-07-21;04:06:14.403;32;41.020100;28.984500;79;39.7;9.5;485;38;53;52.1;12.4;720;276.1;41;44;32;96;47.4;30.2;30.9;2359;124.3;55
2026-07-21;04:06:14.403;35;41.019100;28.983500;68;34.9;12.2;637;34;56;47.3;31.3;1901;276.4;27;46;40;95;47.6;56.4;6.7;1410;124.4;79
2026-07-21;04:06:14.677;26;41.018100;28.982500;63;41.6;20.5;438;44;72;54.7;13.6;1812;276.9;25;43;46;95;47.8;47.7;28.8;917;124.6;85
2026-07-21;04:06:15.547;79;41.017100;28.981500;88;44.4;9.8;289;28;61;57;22.4;1579;277.0;28;44;35;96;47.7;31.8;10.2;874;124.6;65
2026-07-21;04:06:15.547;35;41.016100;28.980500;98;39;25;571;33;50;43.6;17.3;1706;277.3;26;46;46;96;47.8;38.3;30.5;806;124.7;56
2026-07-21;04:06:15.647;50;41.015100;28.979500;77;39.9;11.5;350;34;53;57.9;29.7;803;277.5;31;46;41;95;48.1;47.9;29.3;1657;124.8;77
2026-07-21;04:06:16.100;53;41.016100;28.980500;93;36;13.7;533;31;67;53.9;32.5;943;277.9;44;36;32;96;48.2;35.9;10.7;1004;124.9;50
2026-07-21;04:06:16.101;70;41.017100;28.981500;89;35.3;10.2;403;34;66;55.4;26.1;1886;278.4;29;32;36;97;48.4;49.3;13.3;821;125.1;79
2026-07-21;04:06:17.057;35;41.018100;28.982500;63;35.3;11.4;599;29;65;42.7;12.3;1427;278.7;39;32;46;96;48.1;37.8;9.3;1938;125.1;31
2026-07-21;04:06:17.057;37;41.019100;28.983500;62;35.3;12;494;31;60;58.8;21.8;922;279.0;32;30;39;96;48.5;38.5;42.5;516;125.3;32
2026-07-21;04:06:17.135;67;41.020100;28.984500;83;50;20.5;710;40;68;57.8;15.4;731;279.3;40;45;32;97;48.6;38.4;49.6;1998;125.4;53
2026-07-21;04:06:17.648;71;41.021100;28.985500;77;32.1;23;386;37;69;59.5;12.8;940;279.5;41;38;40;97;48.2;48.1;45.1;1093;125.6;88
2026-07-21;04:06:18.491;43;41.022100;28.986500;61;40.9;15.3;544;37;59;50.8;36;1178;279.6;41;35;49;96;48.2;47.9;26.6;1517;125.8;80
2026-07-21;04:06:18.491;36;41.023100;28.987500;69;40.9;11.1;280;37;71;42;34.7;1154;280.0;33;37;38;96;47.8;36.4;10.4;2134;125.9;36
2026-07-21;04:06:18.628;31;41.024100;28.988500;67;37;17.2;451;39;50;52.3;16;1013;280.2;30;34;36;96;48.1;41.6;23.1;1316;126.1;51
2026-07-21;04:06:19.531;42;41.025100;28.989500;82;47.9;5.7;656;30;73;44.6;17.1;1281;280.4;33;39;42;96;47.9;57.5;32.6;2216;126.3;34
2026-07-21;04:06:19.601;89;41.026100;28.990500;76;47.3;10.4;580;27;50;52.6;30.9;1425;280.8;40;44;44;96;48.0;41.3;14.5;1053;126.4;87
2026-07-21;04:06:19.601;26;41.025100;28.989500;65;39.2;5.1;750;37;69;53.9;27.1;922;281.0;34;46;36;96;48.4;38.6;12.5;2482;126.5;71
2026-07-21;04:06:20.580;35;41.024100;28.988500;82;31.1;11.4;650;32;53;43.3;32.1;1163;281.3;41;33;31;95;48.7;30.1;29.6;1644;126.6;88
2026-07-21;04:06:20.639;59;41.023100;28.987500;95;45.2;19.1;531;37;61;47.8;9.5;549;281.6;40;44;39;95;48.4;51.3;45.8;1387;126.8;41
2026-07-21;04:06:20.650;82;41.022100;28.986500;83;40.2;22.8;416;25;51;48.4;11.9;1391;281.7;42;37;46;94;48.5;47.5;19.3;311;126.8;24
2026-07-21;04:06:21.506;82;41.021100;28.985500;99;41.7;16.9;655;27;50;49.9;21.2;948;281.8;29;28;36;95;48.2;59.6;5.7;2021;127.0;59
2026-07-21;04:06:21.507;73;41.020100;28.984500;92;35.8;11.1;221;39;59;45.8;6;1647;282.1;33;47;36;96;48.2;46;9.4;492;127.1;74
2026-07-21;04:06:21.590;80;41.019100;28.983500;84;39.6;9;683;33;51;41.1;25.9;1993;282.4;27;41;37;96;48.5;40.2;23.1;1985;127.3;64
2026-07-21;04:06:22.529;43;41.018100;28.982500;88;36;5;520;37;59;41.5;20.3;1985;282.9;43;31;45;96;48.9;60;26.4;722;127.4;51
2026-07-21;04:06:22.606;88;41.017100;28.981500;97;41.1;9.9;713;41;63;56.1;16.6;1086;283.1;28;41;44;96;48.8;56.2;40.9;1861;127.5;85
2026-07-21;04:06:22.679;49;41.016100;28.980500;99;45.5;17;513;30;65;54.3;36.9;1855;283.3;42;37;42;96;48.9;38.7;23.1;1412;127.6;75
2026-07-21;04:06:23.087;71;41.015100;28.979500;73;48.5;19;359;35;68;48.4;16.5;825;283.7;26;41;32;96;48.6;45.7;48.8;1801;127.7;70
2026-07-21;04:06:23.160;61;41.016100;28.980500;63;45.7;11;484;40;67;43.4;33.8;1282;284.0;29;32;46;96;48.2;31.9;17.9;1531;127.8;53
2026-07-21;04:06:23.570;55;41.017100;28.981500;84;42.4;18.8;616;27;73;48.9;38.3;527;284.3;28;47;47;96;48.7;38.5;8.4;1379;127.9;46
2026-07-21;04:06:24.451;25;41.018100;28.982500;65;35.7;12.9;719;25;60;56.8;17.4;677;284.4;30;30;37;96;49.0;52.5;29;520;128.0;69
2026-07-21;04:06:24.453;28;41.019100;28.983500;99;46.6;18.2;565;30;50;51.9;10.4;762;284.7;32;35;36;97;49.4;37.3;30.4;2321;128.1;62
2026-07-21;04:06:24.570;49;41.020100;28.984500;76;33.5;21.4;739;41;54;52.6;26.4;678;284.8;26;32;39;97;49.2;49.4;16.8;1090;128.2;79
2026-07-21;04:06:25.481;21;41.021100;28.985500;76;47;17.2;646;32;67;53.2;30.6;1549;285.1;40;28;40;98;49.4;30.5;29.6;1275;128.3;87
2026-07-21;04:06:25.554;21;41.022100;28.986500;87;47;20;787;33;51;58.7;35.5;633;285.6;26;34;33;98;49.2;50.3;40.4;766;128.4;83
2026-07-21;04:06:25.637;72;41.023100;28.987500;86;36.6;6.2;357;42;67;54.9;36.2;1581;285.8;36;42;34;98;49.0;46.3;35.2;307;128.5;33
2026-07-21;04:06:27.028;87;41.024100;28.988500;74;32;11.7;249;34;54;41.5;21.8;1443;286.3;25;44;45;98;49.1;46;17.2;1378;128.7;29
2026-07-21;04:06:27.101;22;41.025100;28.989500;86;43.4;24;549;41;52;52.4;30.2;1855;286.6;35;39;48;97;49.0;36.5;36;763;128.9;49
2026-07-21;04:06:27.102;79;41.026100;28.990500;94;33.6;17.5;581;30;71;51.1;6.8;910;286.9;30;43;32;97;49.4;36.7;23.6;1455;129.1;84
2026-07-21;04:06:27.174;60;41.025100;28.989500;87;30.6;8.9;362;38;66;49.9;31.5;1051;287.1;25;33;36;97;49.8;47.7;10.9;2392;129.2;38
2026-07-21;04:06:27.175;53;41.024100;28.988500;89;43.8;7.6;708;36;74;40.5;34.7;1300;287.3;35;29;41;97;49.8;42.2;25.4;740;129.3;46
2026-07-21;04:06:27.662;39;41.023100;28.987500;94;41.7;23.3;645;38;67;41.2;35.2;1198;287.8;39;29;33;97;50.3;32.5;9.3;465;129.4;54
2026-07-21;04:06:28.504;82;41.022100;28.986500;87;35.8;24.1;369;26;55;50.3;19.9;1216;288.2;28;38;39;97;50.1;49.2;22.8;1905;129.4;24
2026-07-21;04:06:28.518;64;41.021100;28.985500;78;48.3;22.2;318;40;72;54.5;16.5;690;288.6;42;47;30;97;50.2;34.8;34.2;1351;129.5;81
2026-07-21;04:06:28.611;78;41.020100;28.984500;60;47.9;9.6;777;34;61;44.9;21.8;1268;289.1;43;28;49;98;50.1;42.7;34.1;596;129.6;39
2026-07-21;04:06:29.625;41;41.019100;28.983500;75;44.6;8.2;718;32;63;58.1;18.4;1525;289.4;25;40;30;98;50.0;31;28;812;129.7;54
2026-07-21;04:06:29.696;57;41.018100;28.982500;79;34.6;23.3;414;25;62;57.3;33.7;1679;289.7;26;44;45;99;50.1;43.4;28.2;1592;129.8;83
2026-07-21;04:06:29.697;24;41.017100;28.981500;96;37.2;14.6;296;29;55;53.8;37.4;1342;290.0;26;36;32;98;50.1;47.8;28.2;1256;129.9;60
2026-07-21;04:06:30.196;39;41.016100;28.980500;72;34.8;10.3;636;38;52;40.7;8.8;1312;290.4;25;43;35;99;50.5;52;25.9;1500;130.0;39
2026-07-21;04:06:30.197;59;41.015100;28.979500;98;48;24.1;284;33;58;56.8;8.4;614;290.9;29;42;38;99;50.4;34.5;11.2;320;130.2;64
2026-07-21;04:06:30.671;26;41.016100;28.980500;81;48.8;10.9;773;31;65;57.9;9.4;1205;291.2;43;28;32;99;50.2;42.8;35.9;2335;130.3;62
2026-07-21;04:06:31.489;43;41.017100;28.981500;91;47.3;20.3;790;30;58;47.3;11.3;1452;291.4;38;36;35;99;49.8;37.3;48.6;1259;130.5;87
2026-07-21;04:06:31.490;89;41.018100;28.982500;86;46.6;22.7;747;43;64;49.8;27.8;1379;291.8;39;36;43;99;50.1;31.6;11.5;2317;130.6;58
2026-07-21;04:06:31.760;20;41.019100;28.983500;66;30.6;9.7;410;31;54;52;10.8;764;292.2;29;41;46;99;50.5;43.8;39.5;495;130.7;77
2026-07-21;04:06:32.625;46;41.020100;28.984500;75;33;19.3;394;35;54;49.2;26.9;894;292.4;29;39;38;99;50.9;35.5;45.1;529;130.8;76
2026-07-21;04:06:32.625;37;41.021100;28.985500;81;35.9;9.6;764;29;52;54.1;10.7;960;292.8;36;37;48;100;51.2;42.5;24.7;1644;130.9;39
2026-07-21;04:06:32.697;27;41.022100;28.986500;83;37.3;16.1;341;39;64;57.2;31.1;616;293.1;35;43;35;100;50.8;33.3;6.1;1229;131.1;21
2026-07-21;04:06:33.147;24;41.023100;28.987500;70;44.4;14.9;205;41;69;58.6;38.5;556;293.5;42;32;42;100;51.1;50.7;47.5;1198;131.2;41
2026-07-21;04:06:33.147;56;41.024100;28.988500;70;36.6;17.4;441;33;74;47.7;13.5;535;294.0;26;42;31;99;51.0;58.3;26.7;1717;131.4;45
2026-07-21;04:06:33.648;67;41.025100;28.989500;76;32.2;7.4;715;32;51;44.1;21;598;294.2;32;34;35;100;50.7;51.8;21.2;1250;131.5;44
2026-07-21;04:06:34.480;37;41.026100;28.990500;63;43;22;738;43;54;50.4;34;1946;294.4;38;37;42;100;50.8;51.4;12.3;2258;131.7;79
2026-07-21;04:06:34.567;82;41.025100;28.989500;78;49.8;11.5;390;41;67;58.3;8.2;1496;294.6;36;36;36;100;51.3;36.6;44;646;131.8;23
2026-07-21;04:06:34.644;87;41.024100;28.988500;72;41.7;18;495;34;68;53.9;16.4;740;294.7;26;29;47;100;51.1;56.7;17.6;908;131.8;86
2026-07-21;04:06:36.025;65;41.023100;28.987500;60;42.1;15.7;564;39;51;47.1;29.7;605;295.1;39;41;36;100;51.3;53.2;35.1;435;131.9;48
2026-07-21;04:06:36.099;39;41.022100;28.986500;89;45.4;16.4;693;38;65;43.8;17.7;1962;295.4;28;29;49;100;51.4;41.1;33.8;350;132.0;38
2026-07-21;04:06:36.099;57;41.021100;28.985500;92;36;10.6;724;37;62;49.5;9.9;1848;295.8;33;47;41;100;51.1;41.5;32.3;559;132.2;45
2026-07-21;04:06:36.169;22;41.020100;28.984500;68;34.2;23.1;460;43;63;56.5;8.4;1689;296.0;36;38;37;100;50.9;30.4;35.2;1776;132.3;35
2026-07-21;04:06:36.169;69;41.019100;28.983500;65;46.4;14.3;229;39;66;56.6;14;1478;296.2;35;42;39;100;51.3;34.2;19.6;1546;132.4;44
2026-07-21;04:06:36.597;45;41.018100;28.982500;82;38.1;7.5;213;43;52;45.6;10;1581;296.4;26;44;34;100;50.8;32.5;23.8;2070;132.5;44
2026-07-21;04:06:37.453;81;41.017100;28.981500;60;44.8;14.7;271;36;63;43;21.4;1106;296.7;36;42;37;99;51.3;37.8;37.1;2468;132.6;56
2026-07-21;04:06:37.454;72;41.016100;28.980500;85;42.9;23.8;228;36;60;59.1;26.3;1529;297.0;37;38;47;99;51.1;58;23.6;1240;132.7;54
2026-07-21;04:06:37.724;30;41.015100;28.979500;87;33.6;11.6;299;44;68;51.2;17.4;856;297.2;29;30;41;99;51.0;36.7;30.5;450;132.8;74
2026-07-21;04:06:38.595;26;41.016100;28.980500;86;41.7;24.3;332;26;66;41.1;30.7;1908;297.7;33;30;34;99;50.7;42.8;19.2;414;133.0;88
2026-07-21;04:06:38.595;30;41.017100;28.981500;93;35.8;8.1;789;36;68;54.9;32.7;1328;297.8;28;35;47;100;50.9;42.2;23;1881;133.2;65
2026-07-21;04:06:38.711;39;41.018100;28.982500;85;48.6;14.1;699;25;54;57.4;10.9;1247;298.1;41;40;39;100;50.9;55.2;43.8;1152;133.4;84
2026-07-21;04:06:39.633;23;41.019100;28.983500;83;33.5;23.2;587;27;53;49.5;24.6;1828;298.3;25;40;38;99;50.9;46.9;22.3;1225;133.6;87
2026-07-21;04:06:39.706;69;41.020100;28.984500;60;48.3;23.6;714;43;66;43.8;15.1;1311;298.7;37;47;34;100;50.6;32.1;33.6;2104;133.8;71
2026-07-21;04:06:39.706;22;41.021100;28.985500;94;49.2;16.2;236;29;60;45.4;12.7;1952;299.0;26;32;31;99;50.8;30.4;34.4;1116;133.9;48
2026-07-21;04:06:40.194;28;41.022100;28.986500;79;39;22.1;673;26;70;54.8;24.7;1989;299.4;44;45;35;99;50.8;32.3;10.9;1408;134.1;21
2026-07-21;04:06:40.194;61;41.023100;28.987500;99;34.6;22.5;527;38;57;50.9;36.5;1492;299.6;27;41;31;100;50.6;55.6;44.7;2430;134.3;27
2026-07-21;04:06:40.681;70;41.024100;28.988500;83;30.7;20;263;27;64;41.4;19.4;1094;300.1;29;35;30;100;50.1;33.3;48.9;986;134.4;73
2026-07-21;04:06:41.510;43;41.025100;28.989500;88;37.4;23.6;231;28;73;45.3;22.4;1702;300.2;42;33;39;100;50.3;44;41.7;2255;134.5;25
2026-07-21;04:06:41.511;69;41.026100;28.990500;94;32.7;11.4;480;42;63;44.9;26;680;300.5;42;36;45;99;50.4;54.4;24.2;635;134.6;70
2026-07-21;04:06:41.777;27;41.025100;28.989500;69;30;15.8;230;44;68;53.5;27.5;1588;300.8;35;41;44;100;50.8;51.6;49.6;1858;134.8;65
2026-07-21;04:06:42.645;86;41.024100;28.988500;94;34.1;11.4;263;31;60;50.6;8.7;1383;301.2;40;47;42;100;51.2;54.5;40.5;988;134.9;36
2026-07-21;04:06:42.645;89;41.023100;28.987500;75;31.5;22;320;25;57;48.7;35.8;1844;301.6;41;47;38;99;50.9;49.6;16.8;632;135.0;22
2026-07-21;04:06:42.716;40;41.022100;28.986500;86;30.3;10.8;786;29;73;45.3;18.3;1185;302.0;25;43;40;99;51.2;59.2;40.9;707;135.2;20
2026-07-21;04:06:43.637;23;41.021100;28.985500;88;40.2;7.8;362;33;62;45.8;10.4;1330;302.2;25;40;42;98;50.8;45.7;14.4;1105;135.3;36
2026-07-21;04:06:43.709;46;41.020100;28.984500;95;47.5;23;235;32;61;54.9;27.7;687;302.4;27;28;45;98;51.0;58;33.9;2131;135.4;53
2026-07-21;04:06:43.710;57;41.019100;28.983500;82;47.1;21.9;532;31;68;40.3;25.1;1661;302.5;27;41;36;97;50.8;57.4;35.5;2263;135.6;50
2026-07-21;04:06:44.578;22;41.018100;28.982500;69;48.6;7.8;665;41;54;53.7;29.9;1455;302.9;29;30;33;98;50.3;53.2;24.6;2334;135.8;76
2026-07-21;04:06:44.579;87;41.017100;28.981500;69;31.8;10.8;795;27;70;45.6;7;1328;303.3;33;44;39;98;49.9;33.3;9.8;2197;135.9;75
2026-07-21;04:06:44.678;60;41.016100;28.980500;76;37.6;18;597;31;66;55.5;16.3;809;303.5;43;41;30;98;49.8;37.1;33.6;1834;136.0;36
2026-07-21;04:06:45.607;69;41.015100;28.979500;97;30.3;14.4;378;44;58;45.8;10;1075;303.6;36;41;43;98;49.8;42.7;11.9;612;136.1;63
2026-07-21;04:06:45.680;70;41.016100;28.980500;89;30;9.2;556;36;51;50;16.4;649;303.9;43;37;46;98;49.6;44.2;6.1;885;136.2;44
2026-07-21;04:06:45.682;35;41.017100;28.981500;70;49;15.3;490;43;56;53.5;15.2;868;304.2;34;33;33;98;49.7;40.9;36.1;582;136.3;34
2026-07-21;04:06:46.167;44;41.018100;28.982500;90;37.6;22.3;304;25;56;49.9;21.1;1001;304.6;43;47;48;98;50.1;43.7;46.5;2008;136.4;35
2026-07-21;04:06:46.168;60;41.019100;28.983500;78;35.1;16.5;758;31;57;48.8;14.4;776;304.9;33;41;47;99;50.6;32.7;26.9;1140;136.4;81
2026-07-21;04:06:46.663;80;41.020100;28.984500;99;48.5;23.4;677;36;63;52.1;8;780;305.1;37;40;47;99;50.8;53.7;14;1101;136.5;86
2026-07-21;04:06:47.491;39;41.021100;28.985500;92;32.6;7.7;617;29;65;59;7.3;513;305.6;39;43;46;99;50.6;40.8;31.5;2483;136.6;86
2026-07-21;04:06:47.492;51;41.022100;28.986500;81;48.8;13.6;603;44;65;46.4;15.8;852;306.0;41;33;49;99;50.6;41.3;24.1;1690;136.8;59
2026-07-21;04:06:47.613;32;41.023100;28.987500;84;47.4;8.2;710;26;62;42.9;32;1484;306.4;37;41;43;99;51.0;36.9;47;2363;136.8;51
2026-07-21;04:06:48.991;39;41.024100;28.988500;76;36.7;18.2;659;41;67;56.4;30.8;1713;306.7;25;29;36;99;50.8;50.3;46.8;1314;136.9;57
2026-07-21;04:06:49.063;45;41.025100;28.989500;86;46.1;6;360;30;65;41.9;38.8;1313;307.2;25;39;49;98;50.5;58.8;5.2;828;137.1;77
2026-07-21;04:06:49.063;20;41.026100;28.990500;86;40.4;8.8;660;37;65;44.6;16;1895;307.3;44;31;41;98;50.3;51.9;18.7;715;137.2;51
2026-07-21;04:06:49.290;68;41.025100;28.989500;66;33.4;7.8;670;39;54;53;21.2;1420;307.4;37;35;47;97;50.2;34.9;38.4;1622;137.3;55
2026-07-21;04:06:49.364;22;41.024100;28.988500;76;44.2;23.8;601;38;59;45.1;27.6;1118;307.5;39;29;30;97;50.4;59.3;15.9;1601;137.4;67
2026-07-21;04:06:49.639;76;41.023100;28.987500;65;30.4;12.2;677;25;54;41.6;35.2;1166;307.7;28;34;41;97;50.3;46.2;46.1;2334;137.6;54
2026-07-21;04:06:50.488;55;41.022100;28.986500;85;30.6;9.5;787;42;51;42.3;29.1;1695;308.2;34;46;40;96;50.6;48.3;6.9;866;137.7;61
2026-07-21;04:06:50.560;33;41.021100;28.985500;98;44.5;21;798;37;56;57.6;32.7;1580;308.6;34;39;36;96;50.8;55.2;39.3;729;137.8;57
2026-07-21;04:06:50.633;82;41.020100;28.984500;73;32;9.4;565;26;61;52.4;6.9;1391;309.0;39;28;32;96;50.9;58.3;22.5;2082;137.9;20
2026-07-21;04:06:51.542;54;41.019100;28.983500;79;47.7;8.4;338;40;68;56.9;34.2;1395;309.2;43;37;41;96;50.9;43.8;47.9;1594;138.1;57
2026-07-21;04:06:51.613;51;41.018100;28.982500;92;42.1;18.6;339;35;53;53.6;16.4;1787;309.4;40;30;41;97;51.0;47.3;40.7;334;138.2;53
2026-07-21;04:06:51.686;61;41.017100;28.981500;85;33.1;5.4;382;43;50;51.2;35.1;1702;309.5;34;38;49;97;51.2;42.4;21;1292;138.4;85
2026-07-21;04:06:53.103;22;41.016100;28.980500;70;46.6;16.9;553;31;50;50;5.8;795;309.8;42;45;44;97;51.4;43.3;29;1184;138.6;88
2026-07-21;04:06:53.175;47;41.015100;28.979500;80;48.4;16.1;363;35;74;53.2;14.1;1570;310.2;33;30;42;96;51.5;35.6;41.2;929;138.6;54
2026-07-21;04:06:53.176;30;41.016100;28.980500;90;37.4;19.5;492;38;64;40.2;21.2;1778;310.7;44;31;45;97;51.6;37.6;36.6;2150;138.8;23
2026-07-21;04:06:53.176;88;41.017100;28.981500;90;44.1;12.1;560;39;69;49;11;765;310.9;33;34;37;96;51.5;31.1;44.8;1410;138.8;35
2026-07-21;04:06:53.249;31;41.018100;28.982500;90;42.1;12.6;461;39;74;44.9;29.9;768;311.3;25;37;32;97;51.1;42.9;13.4;1917;138.9;89
2026-07-21;04:06:53.648;65;41.019100;28.983500;82;48.9;24.2;335;32;52;42.8;13.5;715;311.7;39;31;38;96;51.4;44.8;47;1084;139.0;63
2026-07-21;04:06:54.476;36;41.020100;28.984500;87;38.7;9.4;743;44;60;40;26.7;1958;311.8;38;29;43;97;51.3;57.9;6.2;2314;139.1;22
2026-07-21;04:06:54.476;27;41.021100;28.985500;92;44.3;23.5;566;25;50;53.8;29.6;1204;312.1;39;38;43;97;51.5;38.9;9.9;1682;139.2;41
2026-07-21;04:06:54.745;78;41.022100;28.986500;72;32;18.8;562;43;54;51.3;5.6;1891;312.5;42;42;36;97;52.0;31.2;28.1;789;139.4;35
2026-07-21;04:06:55.617;52;41.023100;28.987500;61;34;7.2;615;32;51;59.1;23.1;1098;312.8;35;44;30;98;51.8;52.2;31.6;1157;139.5;61
2026-07-21;04:06:55.617;71;41.024100;28.988500;69;33.1;14.9;279;28;65;40.4;11.9;1866;313.3;44;44;41;98;51.7;56.3;17.6;1259;139.7;57
2026-07-21;04:06:55.716;76;41.025100;28.989500;77;41.1;10.5;248;32;65;47.5;38.5;696;313.8;31;47;30;98;51.3;40.5;30.7;1354;139.8;53
2026-07-21;04:06:56.644;85;41.026100;28.990500;80;44.9;22.9;787;39;54;47;13.7;1742;314.1;44;44;46;99;51.6;41.5;9.5;1900;139.9;21
2026-07-21;04:06:56.715;33;41.025100;28.989500;96;49.9;20.1;654;42;63;58.4;31;1451;314.4;33;30;47;98;52.0;45.9;27.3;2397;140.0;53
2026-07-21;04:06:56.716;50;41.024100;28.988500;77;37.8;11.1;441;44;50;53.8;10;564;314.9;44;41;38;99;51.6;54.5;16.1;1719;140.1;71
2026-07-21;04:06:57.680;44;41.023100;28.987500;66;34.4;12.7;768;29;58;53;30.7;1080;315.3;37;36;36;99;51.2;39;14.3;1731;140.2;53
2026-07-21;04:06:57.751;60;41.022100;28.986500;71;42.1;11.1;515;30;69;41.1;25.8;739;315.5;44;30;38;99;50.7;33.4;29.2;1045;140.4;22
2026-07-21;04:06:57.752;84;41.021100;28.985500;62;46.5;21.1;202;28;53;41.6;8.7;1152;315.6;41;29;44;100;50.4;35.9;46.7;1296;140.5;37
2026-07-21;04:06:58.239;49;41.020100;28.984500;67;45.7;16.2;770;35;57;51;6;1707;316.0;43;30;43;99;50.0;50.6;43.3;939;140.6;26
2026-07-21;04:06:58.239;77;41.019100;28.983500;79;43.4;20.7;235;30;56;57.2;31.5;748;316.2;35;29;30;99;50.2;39.5;41.3;2342;140.7;64
2026-07-21;04:06:58.709;29;41.018100;28.982500;60;42.2;22.1;561;39;71;49.9;19.9;1563;316.4;25;34;42;100;50.2;58;40.4;1390;140.9;52
2026-07-21;04:06:59.533;77;41.017100;28.981500;64;31.8;15.7;376;34;63;59.1;9.7;862;316.9;36;35;39;100;50.0;43.2;48.3;1859;141.1;35
2026-07-21;04:06:59.534;72;41.016100;28.980500;87;40.4;13.4;357;29;61;57.3;8.4;1856;317.4;26;32;49;100;50.4;30.7;44.8;1685;141.2;68
2026-07-21;04:06:59.651;69;41.015100;28.979500;74;40.2;23.6;385;33;68;44.6;12.6;1412;317.8;28;41;44;100;50.0;53;23.7;1140;141.3;69
2026-07-21;04:07:00.564;55;41.016100;28.980500;87;36.6;10.1;521;44;68;41.5;39.3;1514;318.1;25;35;39;100;50.1;49.3;24.3;1095;141.5;43
2026-07-21;04:07:00.637;82;41.017100;28.981500;77;34.1;17;360;34;64;57.3;28.5;1645;318.5;36;39;32;99;50.2;47.8;6.4;1963;141.6;69
2026-07-21;04:07:00.708;60;41.018100;28.982500;90;45.3;20.9;512;36;63;57.3;31.6;904;318.6;35;34;42;100;49.8;58;27.9;2272;141.6;45
2026-07-21;04:07:02.099;65;41.019100;28.983500;86;43.6;6.7;386;34;63;41.8;32.5;1130;318.7;37;34;47;99;50.1;47.2;29.6;1170;141.7;49
2026-07-21;04:07:02.171;32;41.020100;28.984500;93;41.6;23.1;719;26;71;58.8;21.6;1756;319.1;26;36;31;99;50.2;42.9;11.2;621;141.9;62
2026-07-21;04:07:02.172;44;41.021100;28.985500;88;44.9;13.9;267;25;52;54.6;34.3;1336;319.4;37;43;36;99;50.3;37.5;20.6;902;141.9;30
2026-07-21;04:07:02.249;79;41.022100;28.986500;72;48.6;14.7;375;32;67;44.9;5.3;1134;319.7;44;28;31;98;50.8;40.2;35.4;1544;142.0;50
2026-07-21;04:07:02.249;21;41.023100;28.987500;89;49.9;19.2;275;34;70;44.4;37;583;319.9;31;32;39;98;51.0;42.6;41;1092;142.1;70
2026-07-21;04:07:02.683;31;41.024100;28.988500;88;39.8;22.7;282;40;51;54.5;20.2;1358;320.2;26;47;43;98;51.0;53.7;49.7;1303;142.3;88
2026-07-21;04:07:03.527;37;41.025100;28.989500;80;42.5;24.6;303;30;64;46.5;22.9;1475;320.6;27;34;32;97;50.7;42.7;15.7;1449;142.5;22
2026-07-21;04:07:03.528;60;41.026100;28.990500;93;39.3;24.8;405;34;72;54.3;35.7;668;320.7;34;38;34;97;50.4;51.5;7.4;572;142.5;82
2026-07-21;04:07:03.799;89;41.025100;28.989500;83;41.6;15.7;695;37;73;44.6;29.3;564;320.9;29;29;33;98;50.5;55.2;27.5;473;142.6;75
2026-07-21;04:07:04.666;60;41.024100;28.988500;90;34.7;22.7;734;29;70;44.4;26.6;1357;321.2;27;37;42;99;50.1;39.2;48.8;624;142.7;53
2026-07-21;04:07:04.666;48;41.023100;28.987500;72;39.7;20.1;233;27;69;42.2;31.9;1159;321.3;33;30;32;99;50.3;36.4;8.7;726;142.8;56
2026-07-21;04:07:04.739;69;41.022100;28.986500;80;48;14.6;365;43;63;48.6;22.9;1387;321.5;44;31;36;98;50.1;57.2;19.6;1830;142.9;44
2026-07-21;04:07:05.660;41;41.021100;28.985500;83;31.9;19.9;396;30;67;47.1;8.8;1577;321.6;38;31;34;99;49.7;46.4;20.1;2439;142.9;39
2026-07-21;04:07:05.733;74;41.020100;28.984500;70;46.2;12.2;310;40;61;42.6;9.1;1194;321.9;43;36;35;99;49.3;40;35.5;1043;143.0;25
2026-07-21;04:07:05.734;53;41.019100;28.983500;92;44.5;19.7;653;28;59;59.8;31.5;1394;322.0;34;43;38;100;49.7;46.1;18.2;448;143.2;89
2026-07-21;04:07:06.218;51;41.018100;28.982500;95;31.8;12.5;635;43;62;56.4;36.7;1327;322.1;37;46;37;100;49.9;37.5;49.4;2493;143.4;49
2026-07-21;04:07:06.218;83;41.017100;28.981500;90;44.4;13.3;312;38;74;51.9;5.3;1774;322.2;42;34;39;99;50.2;33.4;49.4;1446;143.5;29
2026-07-21;04:07:06.709;73;41.016100;28.980500;69;49.7;21.8;671;28;71;49;7.9;1768;322.4;28;38;38;99;49.8;57.9;17.2;1832;143.6;47
2026-07-21;04:07:07.529;68;41.015100;28.979500;64;38.6;17.2;297;29;50;56.3;18.3;712;322.6;39;34;33;98;49.3;55.8;21.1;1859;143.7;64
2026-07-21;04:07:07.530;71;41.016100;28.980500;97;30.2;13;215;25;55;40.7;30;1687;322.8;29;41;31;98;49.7;35;9.1;734;143.8;41
2026-07-21;04:07:07.646;84;41.017100;28.981500;97;38.9;22;684;37;72;59.8;32.2;1343;323.3;30;33;33;99;49.3;41.7;18.4;517;144.0;60
2026-07-21;04:07:08.554;35;41.018100;28.982500;98;34.6;11.9;353;42;67;41.7;9.5;1422;323.5;30;40;42;98;49.7;53;46.6;970;144.1;24
2026-07-21;04:07:08.627;39;41.019100;28.983500;76;33.9;17;366;41;57;53.4;7.4;1246;323.7;37;38;48;98;49.3;43.1;13.6;2028;144.1;76
2026-07-21;04:07:08.700;31;41.020100;28.984500;84;34.6;10.4;435;36;69;46.3;9.2;1106;324.1;32;39;32;99;48.8;36.2;48.6;1544;144.3;59
2026-07-21;04:07:09.630;36;41.021100;28.985500;86;49.5;22.4;549;42;67;44.1;29.3;975;324.3;32;45;33;98;49.3;59.1;48.2;1190;144.4;83
2026-07-21;04:07:09.703;57;41.022100;28.986500;78;43.4;14.5;696;44;50;41.6;25;1711;324.6;25;45;40;98;49.2;44.4;17;800;144.6;41
2026-07-21;04:07:09.704;86;41.023100;28.987500;78;36.5;15.9;754;43;55;46.8;27.8;968;325.1;34;39;35;98;48.9;54.7;34.3;2172;144.8;86
2026-07-21;04:07:10.623;82;41.024100;28.988500;68;47.4;16.3;762;30;71;49.5;22;1725;325.5;43;28;40;99;49.1;46.7;12.7;942;144.9;66
2026-07-21;04:07:10.695;44;41.025100;28.989500;94;41.5;19;346;38;56;53.1;30.5;1705;326.0;38;29;44;99;49.3;36;37.9;753;145.0;65
2026-07-21;04:07:10.780;65;41.026100;28.990500;86;42.6;9;201;43;59;56.6;32.6;986;326.3;34;46;39;100;49.7;42.4;23;958;145.2;64
2026-07-21;04:07:11.211;54;41.025100;28.989500;66;33.3;15.9;765;32;56;52.5;23.5;1928;326.4;37;29;42;99;50.2;48.5;13.7;928;145.2;52
2026-07-21;04:07:11.283;33;41.024100;28.988500;84;45.2;11.8;434;36;53;47.8;28.1;1225;326.6;42;44;48;99;50.5;48.3;42.9;1197;145.4;32
2026-07-21;04:07:11.699;26;41.023100;28.987500;66;43.5;14.7;421;25;69;54.4;14.2;1697;327.1;37;40;41;100;50.5;43.9;21.9;1062;145.6;53
2026-07-21;04:07:12.565;47;41.022100;28.986500;92;36.2;23.2;746;42;52;48;33.3;1315;327.2;38;30;47;99;50.9;33.2;20.1;1273;145.7;68
2026-07-21;04:07:12.566;21;41.021100;28.985500;66;35.8;12.2;747;40;55;43.8;26;1369;327.4;35;43;35;99;51.4;35.5;19.3;1682;145.8;61
2026-07-21;04:07:12.834;39;41.020100;28.984500;80;30.3;12.2;513;38;57;48.8;23.7;1345;327.8;31;42;38;100;51.3;44.8;27.2;1703;145.9;61
2026-07-21;04:07:13.230;83;41.019100;28.983500;72;48.7;8.9;445;31;71;56.8;21.2;1107;328.0;43;40;48;100;51.0;43.9;6.9;701;146.1;46
2026-07-21;04:07:13.302;76;41.018100;28.982500;60;30.4;8.1;391;36;67;43.3;12;1780;328.3;42;35;31;99;50.8;37.1;45.4;1890;146.2;27
2026-07-21;04:07:13.718;61;41.017100;28.981500;60;44.6;19.5;703;28;55;40.5;25.3;1516;328.7;37;36;45;99;51.1;31.9;16.9;1574;146.3;20
2026-07-21;04:07:14.528;48;41.016100;28.980500;64;34;8.4;283;25;55;59.3;13;1688;329.2;33;31;31;99;50.8;32.3;16.1;1001;146.5;45
2026-07-21;04:07:14.529;20;41.015100;28.979500;98;47.1;21.7;216;43;60;49.6;17.8;1303;329.5;33;28;49;99;51.1;58.1;5.6;1060;146.5;86
2026-07-21;04:07:14.799;55;41.016100;28.980500;78;39.3;5.5;396;43;65;52.6;18;1825;329.9;34;44;43;99;50.8;46;18.5;337;146.7;24
2026-07-21;04:07:15.667;55;41.017100;28.981500;84;41.9;6.1;309;35;53;50.5;7.2;1908;330.3;36;30;30;99;51.0;37.7;16.4;843;146.8;67
2026-07-21;04:07:15.667;89;41.018100;28.982500;84;42.9;22;410;35;68;45.9;27.2;877;330.7;30;35;32;100;50.7;38.9;41.4;759;146.9;65
2026-07-21;04:07:15.741;61;41.019100;28.983500;73;45.2;10.5;348;32;63;54.7;11.1;1411;330.9;41;30;31;100;50.6;39.5;39.3;439;147.1;49
2026-07-21;04:07:16.189;59;41.020100;28.984500;88;34.4;24.9;512;33;65;57.2;29.8;1981;331.1;33;34;46;100;50.7;41.4;36.6;2454;147.2;63
2026-07-21;04:07:16.258;83;41.021100;28.985500;66;40.4;22.4;599;39;71;44.3;23.4;1105;331.5;28;30;33;99;50.4;45.6;44.8;1176;147.3;41
2026-07-21;04:07:17.642;63;41.022100;28.986500;83;38.7;15.7;591;30;74;49.6;19.5;589;332.0;31;32;49;99;49.9;36.4;47.6;775;147.5;50
2026-07-21;04:07:17.718;25;41.023100;28.987500;84;33.3;5.6;601;43;68;42.4;6.3;1325;332.2;35;40;37;98;50.2;52.1;41.5;1949;147.6;46
2026-07-21;04:07:17.718;48;41.024100;28.988500;87;45.1;18.2;750;42;65;56.7;5.4;1416;332.3;42;41;43;97;50.4;30.5;27.6;1518;147.7;32
2026-07-21;04:07:17.813;66;41.025100;28.989500;99;30.8;21.2;380;36;67;59.4;33.5;1424;332.6;35;38;47;97;50.8;35;39.1;1391;147.8;22
2026-07-21;04:07:18.224;51;41.026100;28.990500;87;40.1;13.7;351;36;65;47.7;19.4;525;333.0;30;43;42;98;50.3;38.5;22.6;926;148.0;69
2026-07-21;04:07:18.224;72;41.025100;28.989500;90;48.1;15.2;289;43;50;48.3;32.4;1600;333.2;29;34;35;98;50.5;56.8;43.6;2166;148.1;85
2026-07-21;04:07:19.158;60;41.024100;28.988500;97;40;9.9;305;26;60;56.9;27.9;1299;333.6;40;37;44;99;50.2;56.1;47.4;854;148.2;88
2026-07-21;04:07:19.230;70;41.023100;28.987500;68;34.6;6.5;336;33;64;46;30.6;1722;334.1;38;28;36;99;50.6;49;21.2;1195;148.3;86
2026-07-21;04:07:19.231;47;41.022100;28.986500;67;37.1;13.2;471;35;58;58.8;6.5;937;334.4;34;47;38;100;50.3;52;30.7;2015;148.4;75
2026-07-21;04:07:20.102;33;41.021100;28.985500;95;45.7;12.7;688;29;74;48;33.7;1528;334.6;40;28;47;100;50.7;33.1;46.9;1399;148.5;36
2026-07-21;04:07:20.201;29;41.020100;28.984500;73;49.6;12.6;406;44;62;48.4;22.4;992;334.9;29;47;30;100;50.6;38.3;31.6;552;148.7;31
2026-07-21;04:07:20.273;76;41.019100;28.983500;80;32.8;13.8;645;41;73;45;9;825;335.4;29;29;40;100;50.1;39.2;18.8;2006;148.8;40
2026-07-21;04:07:20.687;50;41.018100;28.982500;63;37.6;6.1;482;37;69;58.4;29.5;1290;335.8;41;47;33;99;50.6;48.5;23.2;617;148.9;80
2026-07-21;04:07:21.555;67;41.017100;28.981500;86;36.4;23.5;627;33;53;56.5;23.7;987;336.0;36;31;40;100;50.9;45.5;48.2;1088;149.1;46
2026-07-21;04:07:21.555;60;41.016100;28.980500;99;33;12.7;775;32;65;41.4;38.4;1010;336.4;42;32;35;99;50.9;35.8;6.6;1599;149.2;71
2026-07-21;04:07:21.825;49;41.015100;28.979500;68;31.6;19.8;598;26;68;46.6;33.5;1989;336.8;44;39;43;98;51.3;48.6;39;2492;149.3;28
2026-07-21;04:07:22.695;87;41.016100;28.980500;86;44.7;9.2;750;35;52;44.5;17;1931;337.0;33;42;49;98;50.9;42.7;14.5;528;149.4;43
2026-07-21;04:07:22.695;21;41.017100;28.981500;99;49.3;24.8;466;39;57;45.6;8.9;639;337.5;28;38;38;97;51.0;41.4;19.8;1003;149.6;72
2026-07-21;04:07:22.768;45;41.018100;28.982500;87;33.1;17.2;500;33;58;55.4;14.4;1987;337.7;39;32;49;97;51.4;37.6;27.4;790;149.7;41
2026-07-21;04:07:23.690;77;41.019100;28.983500;65;49.4;24.7;250;42;71;48.2;19;1551;337.9;39;43;31;96;51.4;31.2;43.3;1502;149.8;86
2026-07-21;04:07:23.762;37;41.020100;28.984500;63;46.4;19.3;610;43;55;51.5;29.6;1448;338.0;30;35;34;97;51.8;40.4;49.2;1629;150.0;77
2026-07-21;04:07:23.762;83;41.021100;28.985500;61;34.1;5.6;254;31;60;52.6;24.4;859;338.4;38;37;47;97;51.6;58.6;10;1654;150.2;82
2026-07-21;04:07:24.248;28;41.022100;28.986500;82;45.4;17.8;370;35;68;48.4;26.3;1463;338.6;26;40;48;96;51.2;51.8;23.7;670;150.3;50
2026-07-21;04:07:24.319;47;41.023100;28.987500;92;45.8;5.7;756;33;61;56.1;36.6;1079;339.0;31;29;37;96;51.0;46.7;6.1;1250;150.5;34
2026-07-21;04:07:24.759;79;41.024100;28.988500;87;42.8;6.2;533;40;54;45.9;36.7;1981;339.2;38;43;46;97;50.9;37.5;12.2;1206;150.6;83
2026-07-21;04:07:25.596;51;41.025100;28.989500;79;44.8;7.1;408;32;54;52.9;9.4;740;339.7;26;38;40;96;51.4;42.9;8.8;1101;150.7;86
2026-07-21;04:07:25.596;49;41.026100;28.990500;61;36.5;11.2;590;30;56;44.3;18.4;869;340.1;33;33;38;97;51.9;38;8.3;1264;150.8;28
2026-07-21;04:07:25.696;43;41.025100;28.989500;80;36.1;23.4;253;42;56;54.7;26.6;1772;340.5;34;29;46;97;51.8;55.2;24.3;2223;150.9;32
2026-07-21;04:07:27.117;34;41.024100;28.988500;94;36.1;14.9;515;38;53;48.4;11.1;1600;340.6;42;31;39;97;51.7;38.8;10.4;1099;151.1;86
2026-07-21;04:07:27.400;26;41.023100;28.987500;86;49.9;21.3;398;44;56;51.3;6.7;805;341.0;30;28;30;97;52.1;38.5;38.5;1026;151.3;65
2026-07-21;04:07:28.058;63;41.022100;28.986500;60;31;14.1;396;35;50;46.8;20.9;1364;341.2;35;28;44;96;51.7;32.6;41.3;2496;151.4;86
2026-07-21;04:07:28.148;51;41.021100;28.985500;82;47.4;7.6;398;37;54;46.8;35.6;1297;341.5;38;39;48;96;51.2;32.9;23.3;915;151.6;68
2026-07-21;04:07:28.149;37;41.020100;28.984500;78;32.4;15.5;701;40;65;54.9;14.3;783;341.8;25;46;49;96;50.7;38.2;46.7;807;151.8;70
2026-07-21;04:07:28.149;81;41.019100;28.983500;66;46.2;5.4;648;27;51;44.8;21.4;1107;342.1;31;34;39;95;50.7;50.2;23.9;1784;151.9;20
2026-07-21;04:07:28.239;79;41.018100;28.982500;72;34.5;11.5;770;38;70;56.2;32.5;1402;342.5;31;47;38;94;50.5;42.4;12.4;1369;152.0;73
2026-07-21;04:07:28.327;58;41.017100;28.981500;99;35.2;19.3;320;43;71;50.5;23.4;661;342.9;41;39;42;94;50.3;30.1;33;770;152.1;23
2026-07-21;04:07:29.185;74;41.016100;28.980500;99;41.2;18.7;405;30;64;48.6;17.3;1560;343.1;36;44;31;94;50.0;37.3;28;498;152.2;38
2026-07-21;04:07:29.857;82;41.015100;28.979500;77;32.4;9.6;221;39;66;44.6;19.3;1696;343.6;26;45;38;95;49.9;38;32.1;1004;152.3;30
2026-07-21;04:07:29.889;33;41.016100;28.980500;90;35.4;5.9;425;26;66;53.5;15.5;892;343.9;42;38;37;94;50.3;53.4;29;1332;152.4;24
2026-07-21;04:07:29.961;20;41.017100;28.981500;67;34.8;18.3;521;40;52;59.6;5.9;1343;344.3;27;39;33;94;50.2;33.2;26.7;1363;152.5;60
2026-07-21;04:07:30.258;22;41.018100;28.982500;75;35.6;10.5;756;43;74;56.9;28.8;917;344.6;25;32;48;93;50.2;51;33.6;1419;152.6;87
2026-07-21;04:07:30.259;77;41.019100;28.983500;66;30.7;24.1;270;25;51;48.7;22.9;1525;344.8;44;33;35;93;50.3;42.6;45.7;2056;152.8;59
2026-07-21;04:07:31.210;86;41.020100;28.984500;62;40;10.9;472;29;72;59.6;20.8;1946;345.3;27;46;36;92;50.3;36.4;45.4;1407;152.9;79
2026-07-21;04:07:31.282;63;41.021100;28.985500;63;37.9;20.7;224;28;66;49.1;8.4;1233;345.8;27;43;38;93;50.3;35.4;14.8;540;152.9;74
2026-07-21;04:07:31.282;83;41.022100;28.986500;97;48.2;20.7;781;35;50;58;20.1;1605;346.2;33;29;42;93;50.2;57.1;28.6;1212;153.0;72
2026-07-21;04:07:31.789;20;41.023100;28.987500;68;42.3;20.9;358;33;61;49.6;21.8;830;346.6;25;45;42;93;49.9;32.6;17.6;2026;153.2;46
2026-07-21;04:07:32.664;85;41.024100;28.988500;73;37.3;23.6;703;42;61;56.7;25.3;1379;347.1;32;37;47;93;49.9;38.6;6.3;662;153.3;47
2026-07-21;04:07:32.664;28;41.025100;28.989500;88;43;16.7;726;31;51;49.3;13.5;1457;347.4;35;46;43;94;50.1;59.3;24.4;2179;153.5;46
2026-07-21;04:07:32.763;56;41.026100;28.990500;87;44.9;24.1;398;33;72;44.4;18.5;639;347.7;43;43;48;94;50.4;44.9;35.8;344;153.5;53
2026-07-21;04:07:33.693;49;41.025100;28.989500;89;48.9;20.8;477;38;70;44.7;37.6;1528;348.2;38;30;34;94;50.6;56.1;17;776;153.7;87
2026-07-21;04:07:33.765;89;41.024100;28.988500;98;41;10;270;41;66;42.3;27.4;1389;348.4;44;35;42;94;50.5;51.4;24;433;153.8;80
2026-07-21;04:07:33.765;51;41.023100;28.987500;67;46.8;17.6;359;36;74;46.2;7.2;1496;348.6;43;33;37;94;50.6;55.3;41.3;1971;153.9;31
2026-07-21;04:07:34.251;54;41.022100;28.986500;91;38.5;11.3;656;40;51;48.1;26.3;1946;348.8;34;31;37;93;50.9;57.4;21.9;1830;153.9;34
2026-07-21;04:07:34.323;22;41.021100;28.985500;92;35;15.8;220;27;67;43.3;19.7;1574;349.1;27;46;43;93;51.0;40.2;26.3;1375;154.1;45
2026-07-21;04:07:34.758;46;41.020100;28.984500;64;35;23.3;546;34;73;46.2;11.9;1717;349.3;36;36;44;93;51.3;40.4;23;535;154.3;78
2026-07-21;04:07:35.630;78;41.019100;28.983500;83;30.8;18.8;382;26;72;52.1;15.9;810;349.4;35;29;33;93;51.1;45;34.5;665;154.4;57
2026-07-21;04:07:35.630;67;41.018100;28.982500;68;49.3;19.6;480;26;51;44.5;19.2;1806;349.7;26;44;32;92;50.8;35;36.4;2114;154.6;57
2026-07-21;04:07:35.724;40;41.017100;28.981500;62;32.4;24.7;758;44;54;41.3;11.3;708;349.9;42;29;32;92;50.7;30.1;34;2179;154.7;85
2026-07-21;04:07:36.640;73;41.016100;28.980500;71;34.2;15.8;608;43;70;49.6;11.9;1483;350.0;36;45;38;92;51.0;40.7;50;750;154.8;61
2026-07-21;04:07:36.715;21;41.015100;28.979500;65;33.9;20.5;711;40;59;51.4;21.1;1781;350.3;30;41;30;91;50.9;48.7;27.8;1302;155.0;56
2026-07-21;04:07:36.715;77;41.016100;28.980500;65;42;24.9;751;25;63;40.9;35.1;1142;350.8;35;38;42;92;50.8;57.2;20.4;1743;155.1;24
2026-07-21;04:07:37.211;36;41.017100;28.981500;95;33;25;576;44;62;48.1;14;1056;351.1;39;29;40;92;50.9;49.9;35.1;2232;155.2;69
2026-07-21;04:07:37.282;38;41.018100;28.982500;86;32.1;13.7;372;26;74;48.7;22.6;1288;351.6;31;30;47;91;51.3;52.6;11.8;1091;155.3;76
2026-07-21;04:07:38.203;24;41.019100;28.983500;95;49.8;8.1;424;29;54;56.9;22.7;862;351.8;43;33;35;90;51.2;42.3;40.8;2221;155.4;51
2026-07-21;04:07:38.276;64;41.020100;28.984500;70;37.4;21.9;394;25;53;49.8;25.4;1977;352.1;40;38;46;90;51.5;48.2;30.7;2254;155.6;64
2026-07-21;04:07:38.276;56;41.021100;28.985500;86;47.4;21.7;739;44;53;47.2;9.4;521;352.4;29;42;36;90;51.2;58.5;32.8;446;155.8;63
2026-07-21;04:07:38.765;64;41.022100;28.986500;83;43.2;22.1;459;36;63;59.7;21.2;616;352.7;44;47;32;91;51.0;31.2;42.4;2100;156.0;38
2026-07-21;04:07:39.608;74;41.023100;28.987500;88;37.7;22.7;360;44;65;52.5;25.7;689;353.0;32;37;38;92;51.5;38.5;39.7;1422;156.1;33
2026-07-21;04:07:39.608;65;41.024100;28.988500;97;30.7;11.5;637;40;68;55.9;14.3;535;353.5;34;35;43;92;51.5;37.4;30.6;1011;156.2;50
2026-07-21;04:07:39.680;69;41.025100;28.989500;92;50;5.6;763;30;59;53.9;35.7;508;353.8;36;39;37;91;51.1;39.3;9.4;1182;156.3;86
2026-07-21;04:07:41.084;89;41.026100;28.990500;95;32.4;15.4;260;39;63;60;20.1;1048;354.2;40;41;43;91;51.4;34.4;27.1;2118;156.5;51
2026-07-21;04:07:41.161;54;41.025100;28.989500;79;31.5;11.7;707;43;65;48.8;18.4;1115;354.5;40;41;49;90;51.5;52.5;20.5;1905;156.6;34
2026-07-21;04:07:41.161;59;41.024100;28.988500;82;38.6;11.8;346;40;69;49.5;20.3;766;354.7;25;35;33;90;51.8;42;36.6;2005;156.8;37
2026-07-21;04:07:41.235;75;41.023100;28.987500;87;40.1;14.3;260;25;61;41.9;23;560;354.9;26;30;42;90;51.8;46.9;20;2043;156.9;38
2026-07-21;04:07:41.307;21;41.022100;28.986500;83;32.3;22;309;27;59;40.7;15.5;709;355.3;40;40;36;90;51.8;37.2;43.5;1900;157.0;47
2026-07-21;04:07:42.196;20;41.021100;28.985500;91;42.1;15.7;389;38;59;42.6;22.3;812;355.4;25;35;39;89;51.3;32.5;14.9;1546;157.1;72
2026-07-21;04:07:42.493;39;41.020100;28.984500;80;49.8;8.4;468;37;72;52.3;21.7;647;355.7;34;40;42;89;51.7;47.2;44.7;2393;157.1;44
2026-07-21;04:07:42.523;61;41.019100;28.983500;86;43.8;12.6;211;33;66;54.7;17.4;1659;356.0;44;43;33;89;51.2;50.1;49.5;1825;157.2;51
2026-07-21;04:07:42.895;21;41.018100;28.982500;60;43.1;24.7;735;36;57;56.3;11.9;544;356.4;35;38;39;89;51.2;52.2;21.4;928;157.4;47
2026-07-21;04:07:43.707;43;41.017100;28.981500;96;45.3;23;328;40;55;42.6;6.8;951;356.7;34;39;48;90;51.1;33.1;17.7;1275;157.5;53
2026-07-21;04:07:43.708;70;41.016100;28.980500;77;38.9;5.2;779;26;69;54.1;30;1614;356.8;32;46;33;90;51.1;50.4;13.6;2334;157.6;84
2026-07-21;04:07:43.775;55;41.015100;28.979500;87;44.8;7.4;788;29;60;49.2;30.6;1069;357.1;32;41;33;90;51.6;39.4;30.2;1181;157.7;68
2026-07-21;04:07:44.700;66;41.016100;28.980500;92;45;16.7;437;43;69;56.1;24.7;1206;357.5;38;28;48;89;51.2;46.4;40;1309;157.8;54
2026-07-21;04:07:44.787;33;41.017100;28.981500;94;47.9;18;481;38;63;58.5;24.9;1852;357.8;26;47;43;88;51.6;32.6;19.7;1592;158.0;22
2026-07-21;04:07:44.788;58;41.018100;28.982500;66;49.9;14;268;41;55;44.4;23.2;1869;358.3;37;30;30;89;51.4;45.1;39.7;348;158.2;50
2026-07-21;04:07:45.734;83;41.019100;28.983500;88;45.8;14.7;295;44;61;41.6;18.3;558;358.4;28;36;35;89;51.6;44.8;11.9;2213;158.2;54
2026-07-21;04:07:45.807;84;41.020100;28.984500;88;31.7;15.5;250;31;72;41.1;5.1;1769;358.6;38;29;42;88;51.3;54.8;42.9;824;158.3;59
2026-07-21;04:07:45.808;60;41.021100;28.985500;65;37;8.4;519;39;66;54.9;24.1;1300;359.1;42;34;47;89;51.0;59.1;33.5;927;158.4;27
2026-07-21;04:07:46.676;61;41.022100;28.986500;89;42.6;6.8;433;34;55;50.5;8.4;575;359.6;42;36;41;89;51.0;48.4;44.6;486;158.5;33
2026-07-21;04:07:46.677;56;41.023100;28.987500;72;37.9;11.9;764;33;63;58.5;25.1;1646;359.9;40;46;38;88;50.7;33.4;14.5;1520;158.6;47
2026-07-21;04:07:46.775;51;41.024100;28.988500;89;33.3;5.3;526;29;62;49.2;10.5;1940;360.3;25;43;34;88;50.6;39.2;7.9;1286;158.8;40
2026-07-21;04:07:47.705;26;41.025100;28.989500;96;49.1;23.3;273;34;64;42.9;21.5;1530;360.4;38;42;37;87;50.2;39.4;48.8;1315;158.8;23
2026-07-21;04:07:47.773;24;41.026100;28.990500;87;37.7;8.9;230;29;67;53;33.7;571;360.8;32;33;41;87;50.1;60;25.5;2046;158.9;26
2026-07-21;04:07:47.774;85;41.025100;28.989500;66;42.6;22.6;227;28;66;59.5;27.8;1744;360.9;42;41;43;86;50.6;47.1;17.2;1528;159.1;26
2026-07-21;04:07:48.258;43;41.024100;28.988500;99;36.7;7.9;391;44;67;48.2;15.8;1610;361.1;40;38;41;87;51.0;48.7;24.2;1792;159.2;25
2026-07-21;04:07:48.259;75;41.023100;28.987500;99;39.8;23.5;581;38;71;47.4;27.5;1239;361.4;35;38;37;88;51.4;30.3;18.6;748;159.4;23
2026-07-21;04:07:48.758;69;41.022100;28.986500;95;46.4;8.7;535;42;59;59.9;35.8;1111;361.7;41;33;37;88;51.5;56.9;15;947;159.5;80
2026-07-21;04:07:49.584;82;41.021100;28.985500;63;46;14.6;746;30;51;45.2;39.4;938;362.0;44;38;36;89;51.8;48.9;48.9;1798;159.6;89
2026-07-21;04:07:49.584;23;41.020100;28.984500;66;33.1;18.5;212;32;74;54.2;33.7;843;362.4;26;31;33;89;52.2;43.4;17.3;1617;159.7;48
2026-07-21;04:07:49.898;24;41.019100;28.983500;81;32.9;17.6;677;32;61;56.4;21.2;1615;362.8;42;34;37;88;52.6;48.6;34.4;1107;159.8;69
2026-07-21;04:07:50.765;86;41.018100;28.982500;71;38.9;10.4;633;39;55;55.7;37.5;950;363.0;27;34;44;88;53.0;47.8;21.2;1104;159.9;77
2026-07-21;04:07:50.850;86;41.017100;28.981500;83;41.5;24.6;331;31;53;50.9;22;1272;363.2;31;45;41;89;53.1;51;33.7;880;160.0;33
2026-07-21;04:07:50.850;21;41.016100;28.980500;87;48.9;17.8;391;32;63;57.5;11.5;1765;363.3;40;44;31;88;52.7;56.3;45.4;1491;160.1;73
2026-07-21;04:07:51.373;23;41.015100;28.979500;98;32.2;22.4;316;30;67;47.6;18.4;1507;363.5;28;29;49;89;53.0;44.5;22;1908;160.2;80
2026-07-21;04:07:51.373;34;41.016100;28.980500;99;45.9;16.8;545;40;62;56.2;14.6;1665;363.9;30;38;49;88;53.3;44.7;46.8;2218;160.4;88
2026-07-21;04:07:51.774;37;41.017100;28.981500;95;40;16.8;645;32;71;41.9;30.2;1994;364.0;26;41;48;88;53.2;56;15;393;160.6;75
2026-07-21;04:07:52.683;21;41.018100;28.982500;87;46.8;11.3;614;42;54;54;33.3;1416;364.4;31;33;40;88;53.1;57.7;25.8;1665;160.6;49
2026-07-21;04:07:52.683;88;41.019100;28.983500;66;41.2;20.6;307;31;60;52.5;36;1044;364.7;26;29;43;87;53.3;48.6;12.7;1998;160.7;25
2026-07-21;04:07:52.802;23;41.020100;28.984500;81;41.7;16.1;442;39;72;48.8;14;1275;365.2;31;36;45;88;53.7;55.2;43.2;1102;160.9;44
2026-07-21;04:07:53.731;57;41.021100;28.985500;61;37.2;23;406;34;72;59.4;34.8;1458;365.6;42;31;31;88;54.2;43.5;13.8;2355;160.9;54
2026-07-21;04:07:53.823;85;41.022100;28.986500;85;45.3;24.7;606;27;54;40.1;19.3;868;366.0;40;37;35;88;54.5;49.9;25;740;161.1;31
2026-07-21;04:07:53.826;73;41.023100;28.987500;79;32.3;5.2;338;39;61;43.6;25.6;1080;366.4;38;45;46;89;54.1;49.3;34.1;339;161.2;82
2026-07-21;04:07:54.743;37;41.024100;28.988500;76;39.5;15;648;33;64;55.2;7.8;1802;366.7;27;44;37;89;53.8;45.7;26.3;1850;161.3;49
2026-07-21;04:07:54.814;65;41.025100;28.989500;81;33.6;19.3;641;43;63;51.8;10.6;1656;367.1;34;41;36;88;54.2;44.3;29.4;330;161.4;51
2026-07-21;04:07:54.814;27;41.026100;28.990500;84;40.4;23.7;547;34;52;56.4;36.8;620;367.6;28;40;31;89;53.9;30;26;837;161.5;63
2026-07-21;04:07:55.302;80;41.025100;28.989500;97;40.8;9.7;279;42;72;51.8;36.2;1019;367.7;31;33;35;89;53.9;48.7;16.6;2416;161.6;39
2026-07-21;04:07:55.302;69;41.024100;28.988500;64;34.9;13.3;321;33;57;48.9;37.2;576;368.2;25;33;37;89;53.9;48.4;34.6;1983;161.6;66
2026-07-21;04:07:55.791;67;41.023100;28.987500;96;35.8;10.1;386;34;68;44.9;37;1275;368.6;32;45;40;89;53.6;48.7;10.4;1553;161.7;66
2026-07-21;04:07:56.632;21;41.022100;28.986500;68;49.8;9.1;265;34;59;51.9;14.8;719;369.0;25;31;40;89;53.7;57.1;9;472;161.8;66
2026-07-21;04:07:56.632;70;41.021100;28.985500;61;37.8;18.4;506;36;52;51.2;11.4;595;369.2;31;31;46;88;54.0;40.5;40.8;1834;161.9;70
2026-07-21;04:07:56.903;78;41.020100;28.984500;82;45.3;6.2;476;38;54;46.9;25.7;1814;369.7;39;28;48;88;54.0;51.3;32.1;824;162.0;38
2026-07-21;04:07:57.771;32;41.019100;28.983500;89;39.6;8;667;32;66;42.6;17.9;1704;370.1;38;35;40;89;54.1;37.9;37.8;581;162.2;43
2026-07-21;04:07:57.771;37;41.018100;28.982500;95;33.4;22.2;567;40;63;40.9;5.4;1605;370.4;41;35;36;90;53.9;53;14.8;740;162.4;21
2026-07-21;04:07:57.845;83;41.017100;28.981500;79;41.4;7;784;37;71;54.5;26;1924;370.7;32;47;30;90;53.8;32.9;5.9;1162;162.5;84
2026-07-21;04:07:58.285;65;41.016100;28.980500;85;45.6;20.3;703;34;59;58.8;18.6;1936;371.1;43;28;39;91;53.5;58.6;28.4;1317;162.7;39
2026-07-21;04:07:58.358;34;41.015100;28.979500;72;31.6;12.3;740;44;54;54.4;24.3;1339;371.3;31;31;49;91;53.6;50.7;41.4;1089;162.8;29
2026-07-21;04:07:58.776;66;41.016100;28.980500;69;34.3;23.5;541;44;68;57.3;16.4;1950;371.5;41;28;48;90;53.5;34.9;12.6;401;163.0;60
2026-07-21;04:07:59.603;36;41.017100;28.981500;64;41.4;21.8;469;32;70;54.7;21.9;698;371.9;25;30;42;91;53.9;44.6;34.8;2034;163.1;60
2026-07-21;04:07:59.603;37;41.018100;28.982500;97;32.4;13.3;352;43;52;40.7;15.2;766;372.3;40;34;48;92;54.4;50.1;19;748;163.2;67
2026-07-21;04:07:59.873;25;41.019100;28.983500;61;42;12.6;684;36;72;47.2;7.1;1805;372.7;28;44;43;91;53.9;33.2;25.8;1642;163.2;29
2026-07-21;04:08:00.743;77;41.020100;28.984500;83;36.5;7.5;220;28;51;43.4;34.1;1111;373.0;30;42;39;91;54.0;37.6;45.9;374;163.4;45
2026-07-21;04:08:00.746;73;41.021100;28.985500;67;42.9;22;251;27;66;44;19.6;1228;373.3;37;43;43;90;54.4;41.9;19.7;1521;163.5;67
2026-07-21;04:08:00.815;26;41.022100;28.986500;75;31.1;21.8;202;39;69;52.9;15.1;922;373.4;41;33;48;91;54.3;36.1;14.8;942;163.6;58
2026-07-21;04:08:01.290;72;41.023100;28.987500;82;43.7;23.7;798;31;50;41.7;37.3;1998;373.7;42;35;33;91;54.5;33.9;41;1309;163.7;26
2026-07-21;04:08:01.364;85;41.024100;28.988500;84;46.1;24.1;665;31;64;50.6;15.7;1548;373.8;25;45;40;92;54.9;45.5;37.9;1145;163.9;40
2026-07-21;04:08:01.803;78;41.025100;28.989500;62;30.5;20.8;225;42;60;44;15.1;584;374.1;42;42;46;91;54.8;33.6;5.3;1855;164.0;25
2026-07-21;04:08:02.629;23;41.026100;28.990500;68;34.7;6.8;260;35;66;46.2;25.7;707;374.4;37;37;33;91;55.1;53.3;44.3;1721;164.2;58
2026-07-21;04:08:02.630;24;41.025100;28.989500;85;37.9;22.8;538;25;70;42.3;27.6;1739;374.8;38;32;37;90;55.4;42.3;27;698;164.3;78
2026-07-21;04:08:02.750;28;41.024100;28.988500;71;37.5;21;219;42;67;49;20.6;931;375.2;26;30;32;90;55.2;53;18.1;1177;164.5;70
2026-07-21;04:08:03.656;88;41.023100;28.987500;65;49.5;17.2;453;44;63;43.5;14.4;1513;375.3;27;34;47;90;55.5;42;41;353;164.6;33
2026-07-21;04:08:03.728;51;41.022100;28.986500;86;30;13.4;786;39;53;47.2;11.2;845;375.6;39;46;32;91;55.2;43.6;21;518;164.7;48
2026-07-21;04:08:03.802;74;41.021100;28.985500;73;32.8;22.9;678;31;64;43;11.6;1385;375.8;36;46;49;91;55.4;33.4;23.5;1395;164.8;37
2026-07-21;04:08:05.219;33;41.020100;28.984500;99;41;16;355;40;57;58.1;23.8;1069;376.1;25;32;31;91;55.4;34.8;8.6;1688;164.9;68
2026-07-21;04:08:05.290;77;41.019100;28.983500;82;48.9;8.8;600;43;69;57.9;9.4;1105;376.5;39;40;44;92;55.6;34.2;8.9;1802;165.0;22
2026-07-21;04:08:05.290;72;41.018100;28.982500;86;30.9;19;380;25;58;49.4;33.4;800;376.8;39;36;35;93;55.8;58.9;26;652;165.2;87
2026-07-21;04:08:05.290;30;41.017100;28.981500;93;36;7.6;215;34;51;51.1;13.1;1072;377.0;43;46;42;93;55.4;36;39.9;1271;165.3;63
2026-07-21;04:08:05.362;49;41.016100;28.980500;87;39.5;11.2;599;42;73;44.9;18.4;634;377.4;26;46;43;92;55.6;31.9;17.5;2323;165.4;44
2026-07-21;04:08:05.777;89;41.015100;28.979500;76;48.1;22.8;450;41;62;50.8;15.6;568;377.8;25;38;41;92;55.9;53.4;46.4;2458;165.5;27
2026-07-21;04:08:06.637;77;41.016100;28.980500;94;45.4;13.5;614;37;61;51.2;21.7;1239;378.1;26;37;47;92;56.2;59.1;46.2;1355;165.7;69
2026-07-21;04:08:06.638;41;41.017100;28.981500;79;34.1;6.7;410;28;57;55;7.2;973;378.2;30;46;45;92;56.6;47;16;2314;165.8;41
2026-07-21;04:08:06.756;46;41.018100;28.982500;79;46.9;8;657;36;57;57.5;36;1754;378.4;33;31;31;91;56.5;55.3;23.4;1109;166.0;64
2026-07-21;04:08:07.660;23;41.019100;28.983500;87;41.5;21.4;540;40;51;53.3;25.7;884;378.7;42;36;42;92;56.3;53.9;41.9;1173;166.0;49
2026-07-21;04:08:07.731;84;41.020100;28.984500;86;48.6;18.7;716;36;57;47.4;25.7;859;378.9;36;31;33;92;56.2;31.7;6;1947;166.2;79
2026-07-21;04:08:07.804;23;41.021100;28.985500;89;39.9;8.9;765;42;57;59.7;26.5;1094;379.1;36;35;34;91;55.9;35;23.6;621;166.3;41
2026-07-21;04:08:09.222;45;41.022100;28.986500;74;32.3;18.8;754;32;50;56.4;11.8;541;379.4;40;36;36;90;56.2;41.2;34.2;1144;166.5;61
2026-07-21;04:08:09.295;72;41.023100;28.987500;80;47;24.1;210;25;55;58.9;31.2;1351;379.5;28;44;39;89;56.3;53.8;40.4;1573;166.6;30
2026-07-21;04:08:09.295;26;41.024100;28.988500;90;41.5;14.3;792;34;69;54;15.8;1565;379.7;31;40;41;89;56.2;59.2;9.5;422;166.7;25
2026-07-21;04:08:09.296;72;41.025100;28.989500;62;40.4;16;463;30;60;46.4;14.1;1718;380.0;39;29;41;90;56.4;45.4;12.2;1862;166.9;34
2026-07-21;04:08:09.369;22;41.026100;28.990500;99;36.9;17;620;44;69;45.1;15.2;1215;380.2;42;43;39;90;56.0;34.1;35.2;586;167.0;39
2026-07-21;04:08:09.802;69;41.025100;28.989500;88;37.4;17.9;364;25;72;59.3;19.8;974;380.5;27;31;42;91;55.9;57.8;35.3;2241;167.1;51
2026-07-21;04:08:10.659;22;41.024100;28.988500;75;44.4;12.6;206;28;65;59.8;16.8;811;380.7;35;34;45;90;55.5;37.7;47.2;1508;167.3;22
2026-07-21;04:08:10.659;37;41.023100;28.987500;67;31.8;15.8;226;41;55;46.7;16.8;1076;380.9;31;41;46;91;55.4;47.7;12.5;334;167.4;32
2026-07-21;04:08:10.758;20;41.022100;28.986500;71;47.7;23.6;663;39;70;49.5;5.3;785;381.0;32;37;37;90;55.4;39.7;9;747;167.6;38
2026-07-21;04:08:11.681;54;41.021100;28.985500;93;41.6;7.5;344;43;61;50.9;6.1;1137;381.3;33;31;47;90;55.9;56.3;40.3;1771;167.7;48
2026-07-21;04:08:11.754;39;41.020100;28.984500;94;36.3;6.8;417;38;66;55.1;22;1735;381.7;44;36;31;90;56.1;34.9;40;2174;167.8;87
2026-07-21;04:08:11.825;30;41.019100;28.983500;69;37.4;20.9;425;31;50;40.4;20.8;1329;382.0;33;29;35;89;55.8;52.4;20.7;794;168.0;58
2026-07-21;04:08:12.733;33;41.018100;28.982500;99;38;13.3;524;31;73;55.5;12;768;382.1;44;42;48;89;55.5;57.3;47.6;1910;168.0;79
2026-07-21;04:08:12.806;31;41.017100;28.981500;95;45.8;20.4;753;38;56;44.1;27.1;1634;382.5;28;44;38;90;55.4;47;39.1;1600;168.1;50
2026-07-21;04:08:12.807;85;41.016100;28.980500;72;33.2;6.4;528;30;62;48.1;8.6;1606;382.8;39;36;35;90;55.4;46.7;35.8;2220;168.3;26
2026-07-21;04:08:13.765;50;41.015100;28.979500;87;39.7;9.3;259;44;55;50;25.2;924;383.3;38;42;47;89;55.3;45.3;24.8;1468;168.4;27
2026-07-21;04:08:13.839;35;41.016100;28.980500;71;30;20;597;39;60;49;35.1;1296;383.5;32;44;38;89;55.6;57.3;48.2;401;168.4;54
2026-07-21;04:08:13.839;71;41.017100;28.981500;81;42.7;25;580;31;59;51.4;14.4;1899;383.8;42;34;38;88;55.3;51.4;40.7;1156;168.5;72
2026-07-21;04:08:14.290;88;41.018100;28.982500;80;42.8;12.1;668;43;58;47.6;18.5;1314;384.1;31;40;37;88;55.5;55.2;48.9;792;168.6;78
2026-07-21;04:08:14.291;44;41.019100;28.983500;99;43;10.2;314;44;69;55.2;19.6;1740;384.5;28;44;30;88;55.9;43.2;26.4;787;168.8;89
2026-07-21;04:08:14.788;75;41.020100;28.984500;88;41.4;5.9;552;43;71;47.3;12;860;384.7;37;32;39;87;55.9;38.8;14.8;790;168.8;57
2026-07-21;04:08:15.628;32;41.021100;28.985500;74;37.7;19.4;709;34;58;42;19.8;866;385.1;25;37;47;87;55.7;52.8;37.9;1133;168.9;36
2026-07-21;04:08:15.628;45;41.022100;28.986500;66;35.7;17.7;509;28;72;55.3;22.7;823;385.6;35;41;35;88;55.7;34.1;37.2;1402;169.1;40
2026-07-21;04:08:15.899;60;41.023100;28.987500;80;47.9;7.8;626;38;59;54.6;10.6;1161;385.9;43;32;39;88;56.0;58.3;32.5;1404;169.2;84
2026-07-21;04:08:16.769;57;41.024100;28.988500;87;43.4;15.4;453;29;50;46.4;9.2;1445;386.1;44;41;46;88;55.9;40.2;46.6;2342;169.4;77
2026-07-21;04:08:16.770;47;41.025100;28.989500;74;38.3;24.1;392;25;60;42.8;32.1;728;386.3;38;28;34;89;56.3;59.4;5.7;1758;169.5;39
2026-07-21;04:08:16.840;43;41.026100;28.990500;91;38.8;10.3;495;25;70;40.1;6.9;1614;386.7;32;31;44;88;56.4;35;9.4;734;169.6;33
2026-07-21;04:08:17.760;55;41.025100;28.989500;60;45;22.9;451;36;53;50;28.5;1803;387.2;40;36;43;87;56.0;46.3;9.8;2368;169.7;30
2026-07-21;04:08:17.832;60;41.024100;28.988500;86;36.7;20.1;499;33;69;41.1;39.3;1372;387.5;37;45;31;87;56.5;38.3;37.5;2354;169.8;87
2026-07-21;04:08:17.832;44;41.023100;28.987500;66;38.6;11.8;577;36;71;41.3;21.9;1331;388.0;30;39;44;87;56.6;47.3;46;462;170.0;40
2026-07-21;04:08:18.303;83;41.022100;28.986500;64;44;6;541;43;64;47.4;30.3;1601;388.2;38;41;30;87;56.4;52.4;21.5;2141;170.1;82
2026-07-21;04:08:18.374;74;41.021100;28.985500;62;37.6;19.3;214;44;72;42;6.9;580;388.4;40;44;45;87;56.6;40.9;27.8;2278;170.2;40
2026-07-21;04:08:18.779;42;41.020100;28.984500;95;35.2;23.4;267;28;53;56;32.2;1256;388.9;35;35;42;87;56.5;57.4;14.4;1153;170.3;29
2026-07-21;04:08:19.643;28;41.019100;28.983500;62;49.4;13.6;509;42;52;41.2;36.2;1285;389.4;32;38;41;86;56.7;48.9;19;2316;170.5;53
2026-07-21;04:08:19.643;69;41.018100;28.982500;82;41.6;19;398;33;66;49.7;35.8;1825;389.7;38;43;41;86;57.0;31.9;20.3;389;170.6;38
2026-07-21;04:08:19.914;40;41.017100;28.981500;77;39;20.9;275;28;70;41.9;9.4;1473;390.1;42;31;33;87;57.1;35.8;12.3;2208;170.8;60
2026-07-21;04:08:20.785;80;41.016100;28.980500;82;46;17.8;215;38;74;45.5;28.9;1241;390.3;28;35;33;87;57.0;45.3;16.7;561;171.0;65
2026-07-21;04:08:20.785;63;41.015100;28.979500;67;39.7;19.3;653;28;61;50.8;30.3;1053;390.5;40;32;31;88;57.2;52.4;11.4;2440;171.2;24
2026-07-21;04:08:20.858;66;41.016100;28.980500;66;30.8;10.2;496;26;58;53.7;12.2;917;390.9;35;34;32;87;57.0;57;5.2;1343;171.3;74
2026-07-21;04:08:21.778;56;41.017100;28.981500;60;35.6;19.7;637;34;67;40.9;25.6;1975;391.1;31;44;46;87;56.9;43.8;47.2;828;171.5;65
2026-07-21;04:08:21.851;44;41.018100;28.982500;84;47.8;10.5;647;42;63;55.7;34.9;664;391.5;42;46;48;86;56.8;53.7;40.4;1754;171.6;79
2026-07-21;04:08:21.851;26;41.019100;28.983500;98;49.6;12.2;663;38;57;46.4;15.3;1492;391.9;30;37;45;87;57.0;58.4;17.7;2370;171.8;89
2026-07-21;04:08:22.337;29;41.020100;28.984500;95;49.8;15.7;472;36;66;52;16;1029;392.1;37;42;40;86;57.4;53.4;8.6;474;172.0;81
2026-07-21;04:08:22.410;45;41.021100;28.985500;95;34.5;19.9;662;40;61;45.2;35.4;1415;392.5;29;29;49;86;57.6;41.4;14;1342;172.2;43
2026-07-21;04:08:22.822;79;41.022100;28.986500;73;47.5;5.3;499;30;63;40.8;10.5;1290;392.7;26;31;47;86;57.6;43.8;44.9;1086;172.4;60
2026-07-21;04:08:23.632;71;41.023100;28.987500;73;44;7.9;750;32;74;51.6;8.6;932;393.2;42;42;40;86;57.7;58.4;8;1543;172.5;53
2026-07-21;04:08:23.633;48;41.024100;28.988500;96;31.6;13.1;451;26;57;56.8;19.2;758;393.4;29;32;31;86;58.1;57.9;6;1466;172.6;22
2026-07-21;04:08:23.903;65;41.025100;28.989500;97;40.2;6;319;27;61;43.5;12.4;1450;393.8;33;28;40;85;57.6;38.7;29;1748;172.7;65
2026-07-21;04:08:24.751;73;41.026100;28.990500;78;45.5;21.3;393;31;61;56.5;13.6;1818;394.1;36;47;38;85;57.2;36.7;43.2;632;172.9;40
2026-07-21;04:08:24.824;29;41.025100;28.989500;79;44.8;24.8;579;40;64;50.7;28.4;1507;394.2;40;47;49;86;57.3;58.5;9.7;1584;173.1;74
2026-07-21;04:08:24.824;42;41.024100;28.988500;99;41.4;24.6;776;34;57;40.7;6.9;1154;394.6;35;41;40;86;57.3;33;18.9;1786;173.2;76
2026-07-21;04:08:25.787;63;41.023100;28.987500;75;41.4;19.8;680;43;57;52.8;7.7;731;394.9;30;33;33;86;57.8;52.1;47;1731;173.4;65
2026-07-21;04:08:25.861;30;41.022100;28.986500;86;48.5;14.4;293;28;72;59.1;9.1;1105;395.4;36;39;40;87;57.9;35.5;14.4;1173;173.6;55
2026-07-21;04:08:25.861;23;41.021100;28.985500;79;34.6;19.5;789;27;73;43.2;29.9;1145;395.7;28;33;39;86;57.8;42.1;29.2;2289;173.7;75
2026-07-21;04:08:26.352;30;41.020100;28.984500;74;37.2;18.2;639;26;68;40.3;21.4;1320;396.0;38;34;36;86;57.8;31.4;24;605;173.8;33
2026-07-21;04:08:26.352;32;41.019100;28.983500;82;49.6;18.2;630;33;73;57.9;9.7;1983;396.5;26;44;48;85;57.5;41.7;33;1834;173.9;26
2026-07-21;04:08:26.839;60;41.018100;28.982500;91;39.1;11.7;471;35;72;58.5;30;815;396.7;34;35;49;85;57.5;42.4;49.3;586;174.1;78
2026-07-21;04:08:27.666;75;41.017100;28.981500;82;46.6;13.7;313;39;65;43.2;22.6;1480;397.2;30;42;44;84;57.6;51.6;31.9;2131;174.2;64
2026-07-21;04:08:27.667;60;41.016100;28.980500;92;43.2;22.3;346;30;54;59.5;21.2;803;397.3;36;34;43;85;57.6;48.5;37.1;597;174.4;70
2026-07-21;04:08:27.765;88;41.015100;28.979500;69;31.4;18.3;313;43;67;51.4;24.2;607;397.7;44;35;44;84;57.3;31.3;26.7;1480;174.4;48
2026-07-21;04:08:28.690;52;41.016100;28.980500;90;37.3;11.2;389;26;65;46.7;14.2;1367;397.9;41;43;38;85;57.3;52.4;38.3;945;174.5;45
2026-07-21;04:08:28.763;27;41.017100;28.981500;64;34;8.9;304;35;50;47.8;26.1;1535;398.2;26;34;36;86;57.8;42.2;31.6;1101;174.7;65
2026-07-21;04:08:28.838;60;41.018100;28.982500;83;39.6;19.5;608;32;71;40.4;23.1;1178;398.4;40;32;41;86;57.8;39.8;49.9;1737;174.8;75
2026-07-21;04:08:30.733;23;41.019100;28.983500;98;45.1;11.7;561;39;59;59.6;38.6;1912;398.7;37;36;35;86;57.7;59.4;16.8;2406;175.0;37
2026-07-21;04:08:30.998;74;41.020100;28.984500;74;30.7;23.7;355;44;60;47.5;27;1415;398.8;29;41;49;86;57.5;31.4;14.7;409;175.1;83
2026-07-21;04:08:30.999;36;41.021100;28.985500;70;31.7;24.3;564;30;62;53.7;8.9;1530;399.1;26;30;45;86;57.8;46.6;40.7;1050;175.1;63
2026-07-21;04:08:30.999;44;41.022100;28.986500;63;31.7;12.7;269;44;59;51.1;28.7;1406;399.2;43;34;48;86;57.7;40.5;42;2324;175.3;43
2026-07-21;04:08:31.551;50;41.023100;28.987500;81;37;17;723;34;67;51.5;20.8;943;399.7;31;40;43;87;57.6;36.3;25;1282;175.4;86
2026-07-21;04:08:31.551;32;41.024100;28.988500;96;43.6;15.7;534;29;65;56.7;29.6;1671;400.1;38;33;45;87;57.4;42.7;19;322;175.5;47
2026-07-21;04:08:32.089;50;41.025100;28.989500;95;40.3;5;561;33;53;57;26.9;1356;400.2;40;41;30;86;57.8;44.1;5.6;1498;175.7;66
2026-07-21;04:08:32.090;61;41.026100;28.990500;83;45.4;23.2;368;27;61;52.2;35.2;1876;400.5;42;30;34;86;57.7;51.3;37;679;175.8;33
2026-07-21;04:08:32.509;41;41.025100;28.989500;88;44.4;17;712;38;60;47.4;32.5;1124;401.0;37;41;47;86;57.3;31.2;49.6;1341;175.9;36
2026-07-21;04:08:32.580;89;41.024100;28.988500;89;48.4;6.5;383;34;52;48.4;17;1410;401.4;26;43;44;86;56.8;49.8;30.5;1965;176.1;26
2026-07-21;04:08:32.581;32;41.023100;28.987500;84;46.5;24.3;208;32;65;58;39.9;682;401.7;42;37;42;87;56.9;55.5;6;372;176.2;42
2026-07-21;04:08:32.880;69;41.022100;28.986500;65;42.8;17.5;437;29;70;53;29.4;1453;401.8;44;30;39;87;56.7;44;16.6;1349;176.4;51
2026-07-21;04:08:33.728;75;41.021100;28.985500;75;41.1;13.4;398;30;52;50.9;33.4;1486;402.1;28;38;36;87;56.2;32.7;43.2;1493;176.4;63
2026-07-21;04:08:33.729;29;41.020100;28.984500;91;31.1;22.7;639;29;66;57.3;39.5;603;402.2;44;36;40;88;56.6;57.1;42.5;893;176.5;62
2026-07-21;04:08:33.833;87;41.019100;28.983500;60;35.5;9.8;379;25;59;55.5;37.5;915;402.3;43;38;44;88;56.3;45;15.1;2465;176.6;48
2026-07-21;04:08:34.755;66;41.018100;28.982500;93;36.3;7.2;583;43;54;43.3;12.2;1207;402.7;44;44;38;87;56.2;40.2;22.9;2419;176.7;42
2026-07-21;04:08:34.829;57;41.017100;28.981500;67;30.3;9.5;305;44;70;44.6;38.4;1067;402.9;36;30;46;87;55.8;41.4;6.1;2135;176.8;27
2026-07-21;04:08:34.830;66;41.016100;28.980500;68;47.8;5.8;268;43;58;51.9;19.5;588;403.2;28;41;33;88;56.2;41.3;28.2;1860;176.9;78
2026-07-21;04:08:35.791;47;41.015100;28.979500;69;47.4;24.3;499;40;65;49.3;18;644;403.5;36;32;35;88;56.1;49.8;6.4;1655;177.0;25
2026-07-21;04:08:35.865;32;41.016100;28.980500;79;37.9;8.9;679;36;52;59;36.1;1940;403.7;39;43;37;89;56.2;36.1;31.5;1191;177.1;68
2026-07-21;04:08:35.870;20;41.017100;28.981500;84;40.9;22.4;362;34;67;55;36.2;1081;404.1;41;42;36;88;55.9;57;5.2;2454;177.2;29
2026-07-21;04:08:36.349;21;41.018100;28.982500;93;43.6;23.9;350;26;60;40.3;33.4;559;404.2;33;36;35;88;55.8;39.5;33.8;1268;177.3;40
2026-07-21;04:08:36.426;73;41.019100;28.983500;97;48.1;23.3;302;42;61;45;14.2;1960;404.4;44;37;43;87;55.6;60;35.6;1831;177.4;31
2026-07-21;04:08:36.832;79;41.020100;28.984500;76;45.5;5.4;261;33;55;48.9;35.5;1256;404.6;43;33;49;86;55.6;41.5;28.4;382;177.5;61
2026-07-21;04:08:37.689;32;41.021100;28.985500;91;45.3;9.5;314;38;70;55.8;15.8;1229;404.7;43;42;33;87;55.1;44.9;47.8;2422;177.6;39
2026-07-21;04:08:37.689;32;41.022100;28.986500;60;35.6;8.3;227;34;53;54.1;25.3;645;405.0;36;46;36;87;54.7;41.6;40;1104;177.7;27
2026-07-21;04:08:37.960;78;41.023100;28.987500;79;43.3;10;605;37;74;50.1;38.5;1171;405.1;43;29;31;87;55.2;30.1;49.4;2159;177.7;62
2026-07-21;04:08:38.899;60;41.024100;28.988500;98;37.6;14.3;714;34;73;53.2;21.1;1850;405.5;44;28;44;88;55.0;31.8;36.8;1465;177.9;25
2026-07-21;04:08:38.988;80;41.025100;28.989500;69;41.2;20.6;397;38;55;50.8;35.3;1808;405.9;39;45;41;87;54.5;50.9;13;327;178.1;72
2026-07-21;04:08:38.988;25;41.026100;28.990500;75;46.3;9.2;679;33;61;46.9;11.7;1175;406.0;25;43;49;87;54.9;39.2;38.9;345;178.3;76
2026-07-21;04:08:39.384;89;41.025100;28.989500;82;46.8;9.5;639;30;64;47.3;5.8;1518;406.2;44;42;44;86;54.6;41.2;6.3;444;178.4;39
2026-07-21;04:08:39.384;65;41.024100;28.988500;98;46.3;20.8;605;44;57;45;6.1;1103;406.3;35;45;30;87;54.6;30.7;34.8;1814;178.4;77
2026-07-21;04:08:39.838;82;41.023100;28.987500;94;30.6;5.6;625;30;67;55.6;37.8;1252;406.4;31;35;33;86;54.8;38.1;37.8;1407;178.6;45
2026-07-21;04:08:40.665;54;41.022100;28.986500;69;35.9;23.5;730;28;67;54.2;5.7;1902;406.5;26;35;33;87;55.2;33.7;16.9;1593;178.8;73
2026-07-21;04:08:40.665;32;41.021100;28.985500;79;30.4;15.1;338;31;59;54.5;23.7;622;406.7;42;45;48;87;55.3;48.3;8.9;2020;178.9;32
2026-07-21;04:08:40.937;30;41.020100;28.984500;74;49.2;21.3;331;26;56;55.1;16.5;1533;407.1;37;46;32;88;54.9;59.7;48.6;502;179.1;27
2026-07-21;04:08:41.806;72;41.019100;28.983500;62;39.7;6;410;40;69;43.1;24.2;889;407.4;28;28;45;88;55.3;33.6;46.5;1790;179.2;65
2026-07-21;04:08:41.807;73;41.018100;28.982500;78;36.4;6.3;423;34;71;47;7.6;956;407.8;36;34;34;88;55.2;48.4;48.9;302;179.3;38
2026-07-21;04:08:41.879;47;41.017100;28.981500;66;33.7;8.1;758;41;74;45.5;22.4;1035;408.0;40;40;44;88;55.0;56.2;49.7;543;179.4;60
2026-07-21;04:08:43.289;40;41.016100;28.980500;80;46.5;24.2;313;44;73;47.4;13;637;408.3;28;45;39;89;54.8;57.6;16.3;1599;179.5;69
2026-07-21;04:08:43.360;69;41.015100;28.979500;71;35.4;10.9;696;30;53;51.6;30.4;1154;408.6;28;31;48;88;54.9;58.1;15.2;2377;179.6;44
2026-07-21;04:08:43.360;29;41.016100;28.980500;78;31.7;15.9;464;38;54;47.7;14;1438;408.8;44;39;44;89;54.6;45.4;40.7;960;179.7;72
2026-07-21;04:08:43.360;64;41.017100;28.981500;65;42.1;17.4;327;26;62;54.7;16.3;526;409.1;43;36;36;90;54.9;33.5;39.5;1035;179.9;86
2026-07-21;04:08:43.432;72;41.018100;28.982500;68;35;20.6;476;26;68;55.4;38.9;1872;409.4;28;39;48;90;55.3;58.8;19.2;1488;180.0;67
2026-07-21;04:08:43.868;66;41.019100;28.983500;60;47.5;11;695;42;63;46.1;36.2;1565;409.7;28;41;30;91;55.5;42.6;9.5;1150;180.2;47
2026-07-21;04:08:44.667;78;41.020100;28.984500;74;47.5;16.5;443;43;53;43;31.4;1400;409.8;29;33;31;91;55.3;54;36.1;699;180.2;87
2026-07-21;04:08:44.667;67;41.021100;28.985500;60;41.5;24;304;27;51;45;6.7;1060;409.9;42;42;44;92;55.3;34.9;21.3;1956;180.4;75
2026-07-21;04:08:44.798;60;41.022100;28.986500;77;39.6;19.2;797;27;58;50.2;36.9;1112;410.2;35;41;42;93;55.3;35;49;953;180.5;62
2026-07-21;04:08:46.197;45;41.023100;28.987500;65;45.5;15;423;42;67;43.3;38;1762;410.3;37;40;48;92;55.0;56.6;35.4;621;180.6;40
2026-07-21;04:08:46.269;63;41.024100;28.988500;80;44.7;18.5;617;37;66;52.7;34.8;719;410.7;26;45;42;92;54.8;33.6;15.1;2076;180.7;77
2026-07-21;04:08:46.270;56;41.025100;28.989500;90;43.5;11.3;250;43;58;42.4;22.8;911;410.9;37;34;49;91;54.5;35.8;6.9;1643;180.9;56
2026-07-21;04:08:46.366;37;41.026100;28.990500;79;36.1;13.3;642;35;72;57.2;8.1;1699;411.3;40;39;39;91;54.9;34.9;30.4;1576;181.1;83
2026-07-21;04:08:46.439;46;41.025100;28.989500;81;48.4;7.6;300;43;59;59.4;16.3;622;411.6;27;30;34;91;54.6;44.2;14.3;1337;181.2;49
2026-07-21;04:08:46.843;39;41.024100;28.988500;77;44.6;16.4;637;34;55;40.2;7;1116;411.9;42;45;46;91;54.9;36;49.3;2416;181.4;46
2026-07-21;04:08:47.654;87;41.023100;28.987500;92;42.9;10.3;502;26;50;42.2;11;1617;412.3;25;39;37;91;55.1;57.1;14.4;1632;181.5;40
2026-07-21;04:08:47.656;83;41.022100;28.986500;97;45;19.5;769;35;55;59.2;29.3;929;412.7;39;43;36;92;55.5;42.4;20.6;2137;181.6;75
2026-07-21;04:08:47.927;75;41.021100;28.985500;70;34.2;9.3;568;33;59;58.8;10.9;672;412.8;27;42;43;92;55.7;40.4;15.9;1856;181.8;52
2026-07-21;04:08:48.798;56;41.020100;28.984500;86;48.3;12.3;400;38;55;56.6;28.8;1899;413.2;34;45;47;91;55.7;59.7;42.5;1215;182.0;40
2026-07-21;04:08:48.799;69;41.019100;28.983500;94;48;15.7;366;34;65;45;23.3;1075;413.7;31;34;48;90;55.9;46.5;11.6;816;182.0;52
2026-07-21;04:08:48.872;27;41.018100;28.982500;96;37.4;7.1;430;29;72;43.9;29.3;1358;413.9;39;31;48;90;55.7;43.9;48.1;1610;182.2;54
2026-07-21;04:08:49.797;24;41.017100;28.981500;76;48.8;11.6;423;29;53;43.5;37;862;414.2;33;31;42;89;55.8;33.6;16.9;2382;182.3;28
2026-07-21;04:08:49.880;49;41.016100;28.980500;75;49.9;13.4;711;29;63;53.7;38.6;1654;414.4;34;46;37;89;55.8;46.5;40.9;809;182.5;20
2026-07-21;04:08:49.880;33;41.015100;28.979500;87;43.8;12.8;520;40;53;41;20.5;1591;414.7;29;45;32;89;55.4;45.8;18.5;1258;182.6;63
2026-07-21;04:08:50.831;28;41.016100;28.980500;97;40.3;8.3;702;31;71;41.4;34.1;1028;415.1;30;43;37;89;55.2;52.2;31.5;2329;182.7;41
2026-07-21;04:08:50.902;68;41.017100;28.981500;76;44.9;7.5;795;32;58;54.6;34.1;1028;415.4;29;37;45;88;55.2;54.5;41.3;1239;182.8;61
2026-07-21;04:08:50.903;64;41.018100;28.982500;76;44.1;16.4;215;25;67;46;36;861;415.6;43;40;36;88;54.8;36.3;48.3;357;182.9;56
2026-07-21;04:08:51.865;41;41.019100;28.983500;62;47.5;5.8;634;25;54;44.1;36.9;1520;415.8;38;42;35;88;54.9;48.6;13.1;637;183.0;84
2026-07-21;04:08:51.938;28;41.020100;28.984500;96;32.8;21.7;702;36;68;55.4;32.3;1365;416.1;27;29;34;89;55.2;47.8;17.9;2380;183.1;86
2026-07-21;04:08:51.939;63;41.021100;28.985500;84;32;10.5;700;43;51;54.6;12.6;653;416.4;32;35;36;89;55.5;45.5;29.3;583;183.3;42
2026-07-21;04:08:52.363;78;41.022100;28.986500;82;40;17.1;246;29;62;45.4;15.9;1140;416.8;39;30;41;90;55.7;38;42.5;558;183.4;60
2026-07-21;04:08:52.433;66;41.023100;28.987500;89;30.1;18.8;531;29;71;45;21;762;417.2;44;29;41;89;55.3;59.7;23.6;623;183.5;43
2026-07-21;04:08:52.850;35;41.024100;28.988500;64;46.7;18.1;655;28;54;56.5;20.3;1844;417.5;38;46;31;89;55.4;45;14.3;1104;183.6;45
2026-07-21;04:08:53.659;56;41.025100;28.989500;85;49.1;8.9;667;32;72;47;8.7;705;417.9;40;47;35;89;55.1;41.7;34.4;755;183.8;68
2026-07-21;04:08:53.659;80;41.026100;28.990500;96;42.8;23.5;716;40;59;41.1;39.3;1186;418.0;35;40;47;89;55.5;41.7;27.9;729;183.9;38
2026-07-21;04:08:53.931;55;41.025100;28.989500;99;45.5;11.1;447;30;61;54.9;28.7;1591;418.3;32;28;33;88;55.1;38.3;17.2;550;184.1;70
2026-07-21;04:08:54.801;89;41.024100;28.988500;88;33.3;14.6;319;39;59;42.2;36.9;1524;418.7;25;41;37;88;55.3;43.1;36.6;1826;184.3;88
2026-07-21;04:08:54.801;55;41.023100;28.987500;82;43.5;23.4;240;30;56;40.2;6.5;1347;418.9;33;42;42;89;55.7;40.7;41.3;1611;184.4;34
2026-07-21;04:08:54.873;55;41.022100;28.986500;96;41.7;12.3;263;31;50;53.6;18.5;1664;419.0;38;33;31;88;55.2;42.3;18;2422;184.5;51
2026-07-21;04:08:56.297;50;41.021100;28.985500;88;41.6;22.8;463;33;66;41.1;19.8;766;419.2;27;28;40;88;55.3;47;25.2;329;184.6;29
2026-07-21;04:08:56.412;57;41.020100;28.984500;70;41.3;17;397;34;59;56.1;15.3;1671;419.6;33;42;38;87;55.1;30.1;39.4;726;184.8;77
2026-07-21;04:08:56.412;71;41.019100;28.983500;88;46.2;22.3;469;44;72;59.2;8.8;999;419.9;28;36;36;88;55.4;39.3;15.3;356;184.9;55
2026-07-21;04:08:56.412;23;41.018100;28.982500;79;41;9.6;325;28;50;41.3;30.3;1454;420.0;35;35;37;89;54.9;54.8;38.6;351;185.0;28
2026-07-21;04:08:56.483;79;41.017100;28.981500;78;39.4;12.1;301;39;52;58.7;34.3;1530;420.3;41;29;45;88;54.7;50;40.7;680;185.2;76
2026-07-21;04:08:56.858;52;41.016100;28.980500;77;32.4;5.5;749;25;62;53.1;33.6;1464;420.7;38;30;39;87;54.6;42.4;22.9;1302;185.3;68
2026-07-21;04:08:57.701;82;41.015100;28.979500;60;39.4;11.9;624;34;53;52.5;15.1;1536;421.1;37;36;37;87;54.9;32.8;6.1;2447;185.4;41
2026-07-21;04:08:57.705;69;41.016100;28.980500;70;37.4;8.1;748;33;57;42.6;22.5;1362;421.5;26;43;40;86;55.2;49.2;21;2481;185.5;47
2026-07-21;04:08:57.977;32;41.017100;28.981500;94;41.2;6.1;531;25;68;41.3;25;1241;421.8;29;41;43;86;55.5;40;25.2;2330;185.6;33
2026-07-21;04:08:58.845;42;41.018100;28.982500;74;49;22;471;41;53;43.7;23;1970;422.1;35;31;46;85;55.2;56.5;47.6;2351;185.7;78
2026-07-21;04:08:58.846;39;41.019100;28.983500;89;36.8;7.4;365;33;69;50.2;19.1;814;422.5;28;38;37;84;54.9;56.5;22.3;2413;185.8;82
2026-07-21;04:08:58.918;30;41.020100;28.984500;77;49.4;17.6;780;41;73;43.2;31.6;548;423.0;40;43;45;84;55.1;33;37.5;2003;186.0;52
2026-07-21;04:08:59.840;30;41.021100;28.985500;61;30.7;17;781;33;58;50.6;22.3;1558;423.1;39;46;41;84;55.2;30.2;31.2;1917;186.1;53
2026-07-21;04:08:59.912;32;41.022100;28.986500;61;31.8;16.5;484;44;72;58.5;9.1;1182;423.4;42;29;34;84;55.2;50.4;32.1;1971;186.2;38
2026-07-21;04:08:59.913;70;41.023100;28.987500;61;49.8;21.7;347;43;67;51.5;6.8;919;423.5;30;35;30;84;55.7;31.1;16.1;1031;186.3;49
2026-07-21;04:09:00.874;61;41.024100;28.988500;66;38.9;7.3;677;41;52;49.3;34.8;1162;423.8;28;43;47;83;56.0;52.2;38.8;1511;186.4;81
2026-07-21;04:09:00.946;52;41.025100;28.989500;94;33;20;608;30;63;46.5;32.1;1258;423.9;25;30;46;84;56.2;54.8;32.8;1764;186.5;79
2026-07-21;04:09:00.946;40;41.026100;28.990500;84;30.8;17.2;228;32;53;49.7;28.1;1667;424.0;25;42;44;84;56.4;30.2;49.8;506;186.7;28
2026-07-21;04:09:01.387;45;41.025100;28.989500;85;47.4;8.2;481;40;74;41.7;6.5;926;424.4;35;35;48;85;56.4;44.7;41.4;422;186.7;27
2026-07-21;04:09:01.387;20;41.024100;28.988500;69;34.9;22;414;30;50;48.7;23.7;1322;424.6;33;41;47;84;55.9;45.5;7;2068;186.9;58
2026-07-21;04:09:01.888;71;41.023100;28.987500;88;48.1;21.2;678;27;60;50;12;1241;425.1;33;28;32;84;56.3;44.1;11.6;905;187.1;88
2026-07-21;04:09:02.708;61;41.022100;28.986500;95;42.5;14.4;485;25;71;56.3;21.7;1989;425.2;31;36;48;84;56.5;33.9;34.7;1497;187.2;86
2026-07-21;04:09:02.708;81;41.021100;28.985500;64;43.3;24.7;534;41;61;58.3;10.8;582;425.5;44;43;32;85;56.3;54.8;35.5;661;187.4;40
2026-07-21;04:09:02.981;88;41.020100;28.984500;69;35.9;22;475;43;74;56.2;5.9;953;425.8;35;33;44;85;56.5;30.8;5.2;1939;187.5;33
2026-07-21;04:09:03.847;74;41.019100;28.983500;78;33.4;10.9;795;28;68;53;9.2;1531;426.0;44;45;45;86;56.0;42.9;12.9;662;187.7;81
2026-07-21;04:09:03.847;68;41.018100;28.982500;90;32.3;13;725;34;60;51.2;32.9;833;426.4;25;42;30;85;55.7;33.8;32.7;1278;187.8;83
2026-07-21;04:09:03.918;31;41.017100;28.981500;98;38.7;5.9;283;44;52;52.2;26.9;1784;426.5;29;34;48;86;55.4;34;25.3;468;187.9;78
2026-07-21;04:09:05.324;48;41.016100;28.980500;84;49;22.4;440;28;71;44.6;26.7;883;426.7;40;31;33;85;55.5;35;12.2;2385;188.1;62
2026-07-21;04:09:05.396;26;41.015100;28.979500;95;35.2;17.2;345;33;58;50.7;5;1378;426.8;40;31;40;86;56.0;33.1;5.6;1067;188.2;84
2026-07-21;04:09:05.396;26;41.016100;28.980500;93;45.4;12.6;625;32;62;46.1;29.8;541;427.2;39;38;38;86;56.2;38;11.1;748;188.2;50
2026-07-21;04:09:05.396;57;41.017100;28.981500;78;48.5;9.6;306;39;70;40;38.9;501;427.4;36;33;40;86;55.9;45.1;26.9;973;188.3;56
2026-07-21;04:09:05.468;81;41.018100;28.982500;87;44.8;16.7;413;29;57;55.9;30.5;1439;427.6;35;43;41;85;56.1;34.2;43.3;1834;188.5;35
2026-07-21;04:09:05.911;70;41.019100;28.983500;66;49.6;19.5;662;28;63;48.5;6.4;1006;427.9;35;44;33;84;56.2;31.5;14.5;1430;188.6;66
2026-07-21;04:09:06.724;22;41.020100;28.984500;68;42.3;23.4;515;42;67;49.1;33.8;878;428.1;30;42;30;85;56.5;46.6;27.9;1953;188.7;39
2026-07-21;04:09:06.724;23;41.021100;28.985500;70;43.5;19.2;759;40;53;41.1;7.6;559;428.2;40;47;42;86;56.9;49.1;13.3;1169;188.9;50
2026-07-21;04:09:07.001;72;41.022100;28.986500;89;49.6;8.4;728;35;51;47.3;10.1;1122;428.5;44;36;49;86;56.9;41.7;19.4;2114;189.1;26
2026-07-21;04:09:07.872;58;41.023100;28.987500;78;36.8;16.1;553;28;63;47.8;18.2;1018;428.6;32;36;33;87;56.7;57.8;38.3;807;189.2;82
2026-07-21;04:09:07.873;53;41.024100;28.988500;97;48.3;14.5;302;35;65;47.1;31.6;1598;429.0;43;36;33;87;56.9;53.3;8.4;1767;189.3;27
2026-07-21;04:09:07.873;46;41.025100;28.989500;91;46.5;21.4;678;42;60;49;14.2;822;429.2;43;42;33;86;57.4;57.7;12.6;1165;189.4;66
2026-07-21;04:09:09.332;61;41.026100;28.990500;80;43.8;24.8;671;28;68;48.6;37.1;1123;429.4;43;30;35;85;57.6;52.3;49.7;1736;189.5;75
2026-07-21;04:09:09.405;63;41.025100;28.989500;73;46.5;12.2;447;31;71;44.5;31;1107;429.5;30;37;39;86;57.7;33.6;16.9;1324;189.7;49
2026-07-21;04:09:09.406;61;41.024100;28.988500;75;36;5.3;231;37;65;43.1;6.4;1458;429.8;29;39;38;86;57.4;40.3;25.1;1575;189.8;66
2026-07-21;04:09:09.479;21;41.023100;28.987500;67;37.7;15.4;218;35;52;48.8;31.8;1132;430.1;34;29;42;87;57.8;34.6;29.9;1357;190.0;83
2026-07-21;04:09:09.551;22;41.022100;28.986500;92;35.6;9.6;452;38;63;57.9;17.5;597;430.4;42;36;36;86;57.9;33.3;13.8;323;190.2;85
2026-07-21;04:09:09.910;41;41.021100;28.985500;74;39.4;9.4;291;37;55;56.9;10.2;1388;430.6;37;32;47;87;57.9;45.7;46.4;454;190.3;81
2026-07-21;04:09:10.726;59;41.020100;28.984500;66;43.2;21.5;460;37;57;41.6;39;1931;430.8;42;33;48;87;58.0;39.7;32.7;1714;190.4;55
2026-07-21;04:09:10.726;81;41.019100;28.983500;97;35.6;6.6;372;27;53;58.1;35;929;431.3;25;43;30;87;57.7;46;21.1;1654;190.5;24
2026-07-21;04:09:10.997;59;41.018100;28.982500;70;36.7;12.3;230;39;53;51.1;7.6;562;431.7;40;40;38;87;58.2;56.5;44.1;705;190.6;44
2026-07-21;04:09:11.867;72;41.017100;28.981500;69;32.1;12.3;469;25;62;58.5;29;1179;432.0;43;31;33;86;58.4;33.2;10.9;1443;190.8;49
2026-07-21;04:09:11.867;37;41.016100;28.980500;95;38.9;15.9;511;43;67;52.7;21.9;711;432.3;28;40;41;86;58.0;49.3;23.8;1027;190.9;62
2026-07-21;04:09:11.938;46;41.015100;28.979500;67;32.1;5;493;40;65;45.7;19.9;505;432.6;41;30;32;85;57.6;58.1;31.2;710;191.0;77
2026-07-21;04:09:12.866;71;41.016100;28.980500;68;34.2;10.7;652;25;56;58.2;28.5;1326;432.8;44;45;34;86;58.1;48.3;31.2;1427;191.1;34
2026-07-21;04:09:12.940;87;41.017100;28.981500;86;35.2;19.3;351;44;61;57.7;11.5;1501;433.0;44;30;34;86;58.1;55.9;43.1;1011;191.2;52
2026-07-21;04:09:12.941;51;41.018100;28.982500;94;48.5;8.1;754;29;56;40.8;38;1540;433.2;25;30;46;87;57.9;36.3;49;550;191.4;71
2026-07-21;04:09:13.867;54;41.019100;28.983500;82;33.4;18.9;347;44;58;41.5;31.8;788;433.6;30;46;39;87;57.8;56.5;27.9;317;191.6;37
2026-07-21;04:09:13.939;43;41.020100;28.984500;82;31.4;5.3;547;26;68;42.1;24.3;617;433.9;38;41;44;88;57.5;34.4;7.9;537;191.7;84
2026-07-21;04:09:13.939;65;41.021100;28.985500;87;30.9;20.1;369;40;64;47.4;8.4;859;434.2;33;37;34;87;57.0;48;21.7;617;191.8;50
2026-07-21;04:09:14.812;87;41.022100;28.986500;92;40.6;16.5;236;32;67;57.5;18.1;902;434.4;38;40;37;87;57.1;37.4;11.5;1564;192.0;81
2026-07-21;04:09:14.812;71;41.023100;28.987500;69;41.9;18.7;736;25;54;40.8;8.6;1957;434.6;25;36;47;86;57.1;30;27.6;1287;192.1;41
2026-07-21;04:09:14.888;45;41.024100;28.988500;88;40.3;19.2;437;37;58;40.1;38.7;1964;434.8;32;41;49;85;57.0;51.2;23.3;1556;192.3;64
2026-07-21;04:09:16.291;71;41.025100;28.989500;88;43.1;13.1;217;39;54;52.4;17.7;904;435.2;32;31;32;85;57.3;39.4;15.6;816;192.5;69
2026-07-21;04:09:16.364;70;41.026100;28.990500;86;38.2;7.4;574;31;52;55.8;34.2;768;435.3;41;30;30;86;57.0;38.8;30.3;1258;192.6;22
2026-07-21;04:09:16.367;83;41.025100;28.989500;82;39.9;15.4;513;27;63;40.2;38.4;1427;435.6;43;46;43;85;56.7;55.1;15.1;504;192.8;30
2026-07-21;04:09:16.436;33;41.024100;28.988500;90;36.3;13.9;512;42;54;42.3;13.1;1505;435.8;26;44;34;85;57.2;53.6;20;1875;192.8;38
2026-07-21;04:09:16.510;38;41.023100;28.987500;96;38.8;24.1;597;32;50;47.3;5.7;1446;436.0;29;32;43;86;57.3;34.6;37.1;1301;193.0;80
2026-07-21;04:09:16.910;68;41.022100;28.986500;66;40.4;21.7;396;33;55;41;19.7;1426;436.2;42;47;37;86;57.5;54.9;28.7;1103;193.1;89
2026-07-21;04:09:17.753;39;41.021100;28.985500;87;37.9;7.8;216;29;52;42.9;8.9;1993;436.6;37;40;30;85;57.6;35.5;8.8;1257;193.3;20
2026-07-21;04:09:17.754;60;41.020100;28.984500;99;34.7;23.9;370;37;56;48.4;9.1;1465;437.1;34;40;31;86;57.4;46;47.6;1187;193.5;71
2026-07-21;04:09:17.826;25;41.019100;28.983500;95;44.4;21.7;472;35;64;58.3;8.4;580;437.4;35;45;47;87;57.3;30.4;18.3;1602;193.5;28
2026-07-21;04:09:19.232;54;41.018100;28.982500;85;42.8;19.6;658;25;62;47;14.4;1017;437.8;32;31;41;86;57.4;51.9;5.9;2470;193.7;50
2026-07-21;04:09:19.306;65;41.017100;28.981500;90;34.5;22.2;257;36;61;58.1;16.2;844;438.2;34;37;48;85;57.7;46.1;14.8;361;193.8;50
2026-07-21;04:09:19.306;58;41.016100;28.980500;71;39.7;18.2;621;37;73;50.4;29.8;1757;438.7;37;47;34;85;57.8;48;34.9;634;194.0;64
2026-07-21;04:09:19.528;58;41.015100;28.979500;70;36.2;21.3;270;31;55;55.5;29.8;711;439.0;37;28;41;85;57.9;34.6;40.2;2271;194.1;73
2026-07-21;04:09:19.600;52;41.016100;28.980500;99;43.5;20.8;425;34;60;44.6;26;534;439.3;25;40;43;86;57.7;30.1;10.4;1450;194.3;54
2026-07-21;04:09:19.869;78;41.017100;28.981500;79;33.7;10.9;418;36;67;51.6;38.2;1178;439.4;36;35;39;85;58.0;52.8;8;2399;194.4;73
2026-07-21;04:09:20.725;62;41.018100;28.982500;84;38;14;314;29;63;41.9;11.2;758;439.8;35;43;48;84;58.4;40.5;39.3;736;194.5;82
2026-07-21;04:09:20.795;55;41.019100;28.983500;74;40.8;14.6;306;29;63;47.9;20.4;1578;440.3;42;44;43;84;58.0;34;11.1;610;194.7;36
2026-07-21;04:09:20.867;26;41.020100;28.984500;95;35.2;23.4;299;32;58;57.7;5.4;1266;440.4;38;30;35;84;58.4;57.2;48.4;305;194.8;87
2026-07-21;04:09:21.786;23;41.021100;28.985500;78;47.8;9.1;233;28;73;47.6;9.8;782;440.7;33;30;41;84;58.2;31.6;25.8;415;195.0;59
2026-07-21;04:09:21.859;76;41.022100;28.986500;78;49.6;24.9;205;41;65;42.1;20;1871;441.1;36;43;46;84;58.5;56.9;47.9;678;195.2;85
2026-07-21;04:09:21.931;59;41.023100;28.987500;74;35.4;11.3;632;38;60;41.6;20.4;878;441.4;37;29;45;83;58.5;41.2;13.5;2198;195.3;20
2026-07-21;04:09:23.349;54;41.024100;28.988500;65;46.6;9.2;478;29;62;57;9.3;1267;441.6;41;36;31;84;59.0;48.2;40.7;949;195.4;58
2026-07-21;04:09:23.424;33;41.025100;28.989500;88;32.4;9.9;562;28;61;49;12;1244;441.8;36;43;37;83;58.9;46;6.7;2167;195.5;79
2026-07-21;04:09:23.424;67;41.026100;28.990500;85;37.9;19.2;280;38;65;44.6;11.4;1492;442.1;36;28;38;83;58.4;44.4;34.2;1495;195.6;46
2026-07-21;04:09:23.424;34;41.025100;28.989500;86;33.4;8.2;439;42;50;43.3;14;1478;442.6;30;47;36;83;58.1;58.5;32.3;1864;195.7;34
2026-07-21;04:09:23.495;33;41.024100;28.988500;88;36.9;24.6;370;37;61;57.1;39.3;531;442.8;40;39;44;84;58.2;48.6;47.4;2320;195.8;58
2026-07-21;04:09:23.896;47;41.023100;28.987500;61;44.3;15.2;730;42;65;51.2;21;1693;443.2;27;33;46;83;58.7;48.7;11.3;303;195.9;38
2026-07-21;04:09:24.720;64;41.022100;28.986500;94;31.4;12.1;391;34;54;42;32.8;1783;443.7;27;41;46;83;58.8;47.7;5.6;1939;196.0;31
2026-07-21;04:09:24.720;21;41.021100;28.985500;91;44.1;18.9;442;39;58;55.1;20.2;682;444.0;32;43;42;82;58.3;42.2;7.1;679;196.1;64
2026-07-21;04:09:24.989;74;41.020100;28.984500;62;45.1;11.2;600;26;74;51;5.5;1855;444.5;41;35;41;83;58.4;50.9;25.1;2449;196.2;30
2026-07-21;04:09:25.857;56;41.019100;28.983500;72;47.5;16.6;323;28;63;55.6;17.9;1714;444.9;43;30;41;83;58.5;30.3;34;1081;196.3;86
2026-07-21;04:09:25.858;62;41.018100;28.982500;81;36.5;10;478;27;53;52.7;5.4;919;445.3;27;43;46;83;58.2;50.6;47.2;1043;196.4;60
2026-07-21;04:09:25.929;23;41.017100;28.981500;94;40.3;9.1;653;39;70;51;17.3;687;445.4;30;35;35;83;57.8;35;19.1;2301;196.6;33
2026-07-21;04:09:26.851;64;41.016100;28.980500;71;30.3;6;238;29;66;53.5;12.3;1012;445.9;31;38;36;82;57.5;53.9;37;2275;196.8;32
2026-07-21;04:09:26.923;37;41.015100;28.979500;85;48.7;13.1;499;35;63;45.2;17.2;564;446.1;35;28;39;82;57.2;55.8;24.2;2059;196.9;65
2026-07-21;04:09:26.923;37;41.016100;28.980500;85;46.6;21.5;388;38;73;49.2;11.8;768;446.5;30;31;34;83;56.7;45.4;27.1;880;197.0;82
2026-07-21;04:09:27.792;73;41.017100;28.981500;62;39.3;17.2;660;36;57;40.6;11;1378;447.0;36;31;39;84;56.5;50.4;14.9;1591;197.1;49
2026-07-21;04:09:27.792;24;41.018100;28.982500;88;39.7;9.6;640;44;54;59;20.9;1406;447.4;26;40;37;83;56.8;56;27.9;2272;197.2;26
2026-07-21;04:09:27.893;84;41.019100;28.983500;95;44.1;20.2;680;37;72;40.8;26.9;1075;447.6;40;28;31;83;56.6;39.5;9.5;1081;197.2;36
2026-07-21;04:09:28.820;34;41.020100;28.984500;65;36.1;12;720;41;71;59.5;38.4;1181;447.9;42;47;34;84;56.8;43;23.6;2027;197.4;44
2026-07-21;04:09:28.906;48;41.021100;28.985500;64;48.8;10.1;248;32;66;41.6;19;1625;448.0;33;37;46;84;57.2;46.6;48.4;2225;197.5;68
2026-07-21;04:09:28.906;53;41.022100;28.986500;73;35.6;10.5;745;27;74;46;25.4;1632;448.4;27;40;41;85;56.9;58.1;19.2;1360;197.6;66
2026-07-21;04:09:29.861;55;41.023100;28.987500;63;46.7;9.8;211;38;63;43.6;31.3;531;448.8;30;42;44;86;57.4;32.6;22;1851;197.8;83
2026-07-21;04:09:29.933;23;41.024100;28.988500;80;40.9;11.4;693;42;66;41.1;39.6;1999;449.1;26;42;49;86;57.4;53.1;20.3;1221;197.9;43
2026-07-21;04:09:29.934;50;41.025100;28.989500;60;48.2;11.5;536;38;68;58;19.3;1175;449.2;26;32;44;86;56.9;44.9;46.3;2495;198.1;31
2026-07-21;04:09:31.380;60;41.026100;28.990500;68;41.7;12.4;648;29;65;49.2;7.6;619;449.6;26;40;43;86;57.4;45.2;47.5;833;198.3;87
2026-07-21;04:09:31.451;40;41.025100;28.989500;82;43.7;10.3;510;34;65;46.2;30.7;1322;450.0;31;31;37;85;57.6;45.9;30.8;791;198.4;41
2026-07-21;04:09:31.452;33;41.024100;28.988500;77;32;17.2;762;39;60;59.5;15.3;1111;450.3;36;42;40;84;57.9;52.2;21.3;1585;198.6;84
2026-07-21;04:09:31.452;29;41.023100;28.987500;84;47.3;19;477;27;59;53.5;14.9;791;450.7;33;33;39;84;58.3;44;14.6;949;198.7;33
2026-07-21;04:09:31.524;62;41.022100;28.986500;86;31.8;7.5;460;38;53;59.4;6;998;451.2;35;34;49;85;58.7;36.1;41.3;584;198.9;50
2026-07-21;04:09:31.939;27;41.021100;28.985500;82;44.1;10.9;476;43;64;53.5;18.8;1266;451.3;38;40;35;85;58.6;46.5;15.7;1969;199.0;48
2026-07-21;04:09:32.757;47;41.020100;28.984500;83;49.3;17.9;796;28;61;48;11.1;1744;451.8;40;29;48;84;58.6;46;11;2381;199.1;66
2026-07-21;04:09:32.757;27;41.019100;28.983500;70;32.7;7.5;711;26;70;44.6;7.4;1407;452.1;34;39;48;84;59.0;41.8;11.1;824;199.2;54
2026-07-21;04:09:32.856;38;41.018100;28.982500;67;47.7;18.3;678;35;64;42.3;24.4;1527;452.3;30;30;40;83;58.6;54.3;26.1;2031;199.4;53
2026-07-21;04:09:33.786;43;41.017100;28.981500;62;35.1;13.6;270;31;63;52.9;11.3;1807;452.6;38;45;39;83;58.6;40.4;35.9;2241;199.5;81
2026-07-21;04:09:33.858;82;41.016100;28.980500;96;46.4;7;733;27;63;52.3;35.1;585;452.9;34;33;43;84;58.7;30.6;37.5;1532;199.7;52
2026-07-21;04:09:33.940;51;41.015100;28.979500;97;31.4;20.1;322;26;50;59.2;7.3;1255;453.3;39;33;31;83;58.3;48.6;34.9;701;199.8;78
2026-07-21;04:09:35.353;78;41.016100;28.980500;93;42.9;17.8;644;36;67;57;36.4;1322;453.6;25;42;33;82;58.4;43.2;16.2;1890;199.9;82
2026-07-21;04:09:35.438;38;41.017100;28.981500;91;49.7;10.6;386;36;73;48.3;5.3;1548;453.8;31;34;41;83;58.6;32.6;39.1;1190;200.1;20
2026-07-21;04:09:35.438;26;41.018100;28.982500;76;40.8;20.3;470;25;71;57.5;26.5;862;454.0;43;45;47;82;59.1;46.1;49.2;1894;200.3;72
2026-07-21;04:09:35.509;25;41.019100;28.983500;62;44.8;17.6;464;31;50;45.2;16.4;889;454.3;36;44;32;82;59.0;37.2;27.7;1532;200.4;47
2026-07-21;04:09:35.511;68;41.020100;28.984500;74;38.8;10.9;732;27;58;44.7;24.1;507;454.6;44;34;46;82;58.8;41.4;13.6;1695;200.5;75
2026-07-21;04:09:35.929;84;41.021100;28.985500;86;32.5;9.6;641;28;73;44.1;34.6;1476;454.9;34;45;31;82;59.0;58.6;35.6;305;200.7;84
2026-07-21;04:09:36.716;77;41.022100;28.986500;78;41;6.3;662;37;68;48;30.7;836;455.1;44;42;47;81;58.9;54.2;7.1;903;200.8;35
2026-07-21;04:09:36.716;50;41.023100;28.987500;81;41.2;13.4;648;33;56;47;25.7;1863;455.3;28;36;44;82;58.6;56.2;17.3;1113;200.9;84
2026-07-21;04:09:36.985;67;41.024100;28.988500;76;35.1;5.7;771;44;58;48.2;5.6;1300;455.5;37;32;32;82;58.9;41;5.5;1253;201.1;58
2026-07-21;04:09:37.853;29;41.025100;28.989500;98;33.1;12.2;365;31;61;59;34.4;1419;455.8;36;41;32;81;58.9;40.2;43.9;1554;201.3;71
2026-07-21;04:09:37.854;74;41.026100;28.990500;92;31.5;20.3;512;35;71;41.9;19.7;1245;456.2;36;33;41;81;58.7;58.2;35.9;2151;201.5;20
2026-07-21;04:09:37.927;88;41.025100;28.989500;66;41.8;15.7;201;37;62;58.2;14.3;1198;456.7;37;40;49;81;58.4;50.8;27.1;1419;201.5;20
2026-07-21;04:09:39.360;52;41.024100;28.988500;92;46.5;6.4;451;32;50;48.4;20.6;1843;457.1;36;42;38;81;58.9;53;48.9;1766;201.6;26
2026-07-21;04:09:39.433;34;41.023100;28.987500;88;44.2;20.3;257;31;61;59.3;38.1;1720;457.3;36;36;44;81;58.6;35.4;41.7;1691;201.8;89
2026-07-21;04:09:39.434;51;41.022100;28.986500;95;35.8;12.7;390;28;63;43.2;20.3;932;457.5;44;31;30;82;58.6;49.6;48.2;1693;201.9;41
2026-07-21;04:09:39.504;39;41.021100;28.985500;83;43.3;12.7;417;41;58;41.1;6.9;1429;457.6;26;43;35;83;58.8;55;29.3;807;202.0;66
2026-07-21;04:09:39.504;36;41.020100;28.984500;91;49.1;17.1;690;43;71;53.6;26;718;457.7;39;42;45;83;58.7;50.5;40.8;1354;202.1;47
2026-07-21;04:09:39.949;87;41.019100;28.983500;96;32.1;5.2;621;26;69;52.1;30.6;990;458.0;33;30;33;84;58.3;47.9;43.5;2075;202.2;48
2026-07-21;04:09:40.774;25;41.018100;28.982500;82;44.5;16.3;313;34;72;41.5;24.3;768;458.1;36;28;38;84;58.6;38.5;32.6;1751;202.4;27
2026-07-21;04:09:40.774;77;41.017100;28.981500;94;42.1;5.8;702;40;74;56;29.3;1239;458.2;43;41;46;83;58.6;54.3;37.9;853;202.6;72
2026-07-21;04:09:40.846;36;41.016100;28.980500;79;44.5;8.7;591;28;65;41.1;13.7;1646;458.5;29;41;44;82;58.1;45.4;21.9;354;202.7;32
2026-07-21;04:09:42.257;86;41.015100;28.979500;90;36.3;17.9;796;26;66;49.4;11;1148;458.8;41;45;46;81;58.0;35.6;31.4;1799;202.9;41
2026-07-21;04:09:42.331;75;41.016100;28.980500;66;41.2;7.5;315;27;72;54.8;30.6;1116;459.1;38;28;40;82;58.3;38.2;38.4;653;203.0;52
2026-07-21;04:09:42.331;52;41.017100;28.981500;94;44.7;24.8;481;28;56;51.4;21;1587;459.6;39;29;30;81;58.0;34.2;12.7;712;203.1;73
2026-07-21;04:09:42.555;59;41.018100;28.982500;63;35.4;15.1;519;44;72;44.5;30.5;599;460.0;38;33;33;80;57.8;31.8;18.9;2465;203.2;46
2026-07-21;04:09:42.628;63;41.019100;28.983500;75;45;20.4;497;36;64;59;22.5;1425;460.2;31;29;33;81;57.8;37;23;2359;203.3;42
2026-07-21;04:09:42.966;47;41.020100;28.984500;91;31.1;6.1;662;31;68;59.2;20.5;1681;460.5;40;35;41;81;58.0;30.6;22.1;2491;203.4;77
2026-07-21;04:09:43.796;57;41.021100;28.985500;86;34.3;15.3;584;27;53;46.4;23.1;594;460.7;29;30;36;82;58.2;34.8;22.5;2265;203.6;83
2026-07-21;04:09:43.796;45;41.022100;28.986500;83;32.5;22.1;382;37;67;53.4;28.6;932;461.1;33;36;33;82;58.6;57.7;21.1;660;203.7;63
2026-07-21;04:09:43.895;47;41.023100;28.987500;98;38.1;8;254;35;74;47.9;27.7;657;461.6;41;42;45;81;58.9;55.4;38.3;2259;203.8;73
2026-07-21;04:09:44.824;29;41.024100;28.988500;71;37.3;22.7;221;37;66;53.8;18.5;1576;462.0;31;41;39;80;59.2;51.5;28.3;1411;203.9;48
2026-07-21;04:09:44.895;72;41.025100;28.989500;85;39.7;14.3;754;39;57;52.7;29.7;1239;462.3;37;37;49;80;59.4;38.8;14.3;767;204.1;83
2026-07-21;04:09:44.968;48;41.026100;28.990500;66;36.7;5.4;282;39;55;54.1;24.1;1317;462.7;35;33;36;81;59.1;50.8;14.3;1456;204.3;20
2026-07-21;04:09:46.378;57;41.025100;28.989500;93;34.4;7.2;670;31;50;47.5;26.6;1523;462.9;31;41;31;81;59.2;46;36.1;1666;204.4;68
2026-07-21;04:09:46.455;49;41.024100;28.988500;83;31.3;17;658;39;72;58.2;17.4;1340;463.2;32;35;45;80;58.8;39.5;24;2474;204.5;37
2026-07-21;04:09:46.456;73;41.023100;28.987500;70;43.9;10.3;406;36;66;55.5;22.2;1172;463.6;37;35;42;81;59.0;58.7;42.6;1292;204.7;52
2026-07-21;04:09:46.456;51;41.022100;28.986500;85;38.8;12.5;560;30;64;48;31.7;1709;463.7;36;44;47;81;58.8;55.3;47.4;2218;204.8;70
2026-07-21;04:09:46.565;46;41.021100;28.985500;89;35.5;24.1;556;38;57;52.9;7.2;1746;464.0;32;39;32;81;58.9;58.3;20.7;2475;204.9;76
2026-07-21;04:09:46.925;85;41.020100;28.984500;91;33.9;20.8;254;31;62;54.9;31.8;1135;464.3;41;41;43;81;59.1;40;48.9;2429;205.0;72
2026-07-21;04:09:47.798;65;41.019100;28.983500;67;46.1;23.1;466;28;55;50.6;19.7;1971;464.6;39;41;38;80;59.6;37.1;7.8;2070;205.1;51
2026-07-21;04:09:47.798;32;41.018100;28.982500;86;34.1;15.7;704;39;71;52.2;16.1;941;464.7;31;41;47;79;59.4;39.7;47.9;691;205.2;72
2026-07-21;04:09:47.920;65;41.017100;28.981500;85;43.3;17;456;43;54;43.7;33.5;1232;465.1;39;38;41;79;59.2;53;44;433;205.4;31
2026-07-21;04:09:48.824;64;41.016100;28.980500;89;42.6;5.9;403;31;53;55.1;13.5;1727;465.3;44;45;48;80;58.9;31.2;16.9;503;205.5;37
2026-07-21;04:09:48.896;29;41.015100;28.979500;91;37;17.7;741;34;68;57.4;38.2;1434;465.8;42;44;47;80;59.0;58.3;31.9;903;205.6;61
2026-07-21;04:09:48.967;81;41.016100;28.980500;67;42.7;24.9;494;32;52;41.5;31.4;1760;466.1;38;36;30;80;58.9;36.2;34.6;828;205.7;57
2026-07-21;04:09:50.404;73;41.017100;28.981500;88;37.4;5.2;225;34;66;56.1;15.5;1912;466.4;25;36;30;80;58.7;57.2;47.2;1045;205.9;70
2026-07-21;04:09:50.477;34;41.018100;28.982500;72;31.1;10.8;253;44;62;55.1;11.8;701;466.8;33;45;30;81;59.1;39.7;26.2;713;205.9;26
2026-07-21;04:09:50.477;30;41.019100;28.983500;91;33.7;21.6;410;38;66;53.9;24;898;467.1;34;45;38;81;59.5;32.4;37.1;1496;206.0;63
2026-07-21;04:09:50.477;66;41.020100;28.984500;76;37.5;20.2;550;34;63;55.6;20.4;1072;467.2;43;39;46;80;59.6;46.2;21.9;797;206.2;50
2026-07-21;04:09:50.550;21;41.021100;28.985500;65;41.1;22;522;42;55;54.7;14.8;922;467.6;25;38;31;79;59.4;47.4;18.3;2186;206.3;60
2026-07-21;04:09:50.989;81;41.022100;28.986500;63;39.3;13;458;38;51;51.4;13;596;468.0;31;28;30;79;59.4;51.6;6.1;2096;206.4;87
2026-07-21;04:09:51.796;51;41.023100;28.987500;81;39.7;20.7;769;40;65;42.4;26;1009;468.2;38;47;44;79;59.0;50.4;38.2;1154;206.5;55
2026-07-21;04:09:51.796;24;41.024100;28.988500;76;30.2;19.3;781;37;70;48.6;31.5;733;468.5;42;33;44;79;58.8;46;20.6;2287;206.7;38
2026-07-21;04:09:51.918;34;41.025100;28.989500;66;35.6;19.3;424;38;63;53.2;15.7;1013;468.8;38;32;37;78;58.5;35.9;7.7;1671;206.9;23
2026-07-21;04:09:52.826;78;41.026100;28.990500;81;31.4;24.8;351;43;62;57.8;5.7;1655;469.1;30;43;35;79;58.3;50.6;19.4;540;207.0;61
2026-07-21;04:09:52.903;46;41.025100;28.989500;83;35.5;22.4;630;33;68;45.6;37.5;1279;469.4;39;37;43;80;58.3;40.6;6.5;1545;207.1;38
2026-07-21;04:09:52.984;48;41.024100;28.988500;62;48.6;5.8;455;38;60;51.9;32.7;777;469.7;43;29;39;80;58.1;43.9;45.5;770;207.2;47
2026-07-21;04:09:53.888;58;41.023100;28.987500;84;36.6;11.2;538;32;73;49;14;1320;469.8;39;45;45;79;58.0;31;8.8;304;207.3;27
2026-07-21;04:09:53.961;52;41.022100;28.986500;68;30.7;16.7;260;35;70;55.1;14.9;1211;469.9;33;29;40;78;57.8;58.3;16.9;2110;207.4;68
2026-07-21;04:09:53.961;88;41.021100;28.985500;87;31.7;14.6;708;26;58;59.1;21.4;717;470.2;40;33;44;78;57.3;53.2;16.6;490;207.6;42
2026-07-21;04:09:55.417;33;41.020100;28.984500;81;42.8;6.6;679;38;52;56.6;37;639;470.6;42;36;41;79;57.6;45.1;19.7;2129;207.8;66
2026-07-21;04:09:55.499;36;41.019100;28.983500;73;32.6;20.7;614;29;54;54.1;33.3;945;470.8;38;42;40;78;57.7;41;28.1;1768;207.9;55
2026-07-21;04:09:55.499;51;41.018100;28.982500;61;45;12.4;769;30;73;48;36.9;1033;471.2;26;42;37;78;57.8;52.4;34.4;588;208.1;87
2026-07-21;04:09:55.500;49;41.017100;28.981500;89;46.4;8.3;526;31;55;45;32;781;471.3;31;29;49;78;58.0;42.4;17.7;2183;208.2;55
2026-07-21;04:09:55.563;74;41.016100;28.980500;66;36.3;20.1;211;31;72;48.7;6.5;1022;471.4;39;38;38;78;58.5;31.8;20.1;1273;208.4;66
2026-07-21;04:09:55.971;84;41.015100;28.979500;70;37.8;22.8;401;31;64;56.9;27.2;1816;471.5;29;44;37;78;58.0;36.3;19.3;308;208.5;55
2026-07-21;04:09:56.813;78;41.016100;28.980500;97;42.1;5.6;430;26;57;54.3;34.3;1357;471.8;31;40;31;78;58.0;38.4;6.3;1876;208.6;67
2026-07-21;04:09:56.817;30;41.017100;28.981500;85;40.4;5.3;748;28;54;41.5;34;1785;472.0;27;31;40;77;58.5;47;22.5;1356;208.7;40
2026-07-21;04:09:56.886;38;41.018100;28.982500;82;39.9;9.7;515;33;63;48.8;27.6;1743;472.2;27;37;41;77;58.9;33.7;29.2;929;208.8;81
2026-07-21;04:09:58.290;73;41.019100;28.983500;62;30.4;8.6;608;41;69;53.2;13.9;1257;472.5;33;34;36;76;59.4;56.4;9.5;1429;209.0;37
2026-07-21;04:09:58.365;73;41.020100;28.984500;98;49.8;12.3;701;41;61;53.5;34.6;1863;473.0;41;29;33;76;59.7;41.6;48.1;776;209.1;42
2026-07-21;04:09:58.365;61;41.021100;28.985500;78;32.6;18.6;305;28;67;47.1;14.9;1468;473.5;34;44;30;75;59.4;50.4;29.3;1748;209.3;20
2026-07-21;04:09:58.588;52;41.022100;28.986500;87;45.9;9.9;434;44;53;46.1;8.7;1265;473.6;34;36;34;76;59.7;38.9;10.9;1955;209.3;22
2026-07-21;04:09:58.694;47;41.023100;28.987500;66;35.4;7.4;294;36;62;48.1;37.6;796;473.8;44;44;45;76;59.7;38.9;10;560;209.5;48
2026-07-21;04:09:58.939;46;41.024100;28.988500;89;47.9;13.2;273;35;63;47;12;1042;474.2;29;42;39;77;59.3;39.1;25.9;1694;209.6;24
2026-07-21;04:10:00.292;45;41.025100;28.989500;63;40.6;19.4;299;42;71;56.7;8;510;474.7;33;28;34;76;59.4;53;45.8;740;209.7;37
2026-07-21;04:10:00.364;33;41.026100;28.990500;88;42.9;11.5;530;43;50;51;17.9;865;475.1;28;28;34;76;59.1;51.5;25.4;1714;209.8;67
2026-07-21;04:10:00.364;35;41.025100;28.989500;69;39.6;17.5;227;41;62;57.8;28.9;553;475.4;39;39;49;76;58.8;52.6;30.3;1727;210.0;86
2026-07-21;04:10:00.497;82;41.024100;28.988500;61;37.4;12.7;552;29;66;41.5;20.6;1300;475.9;34;37;30;76;58.8;40.5;13.4;474;210.0;20
2026-07-21;04:10:00.567;51;41.023100;28.987500;84;49.8;17.2;359;37;56;47.9;18.5;909;476.2;37;40;46;77;59.0;31.9;6.6;1753;210.1;42
2026-07-21;04:10:00.948;27;41.022100;28.986500;78;45.9;8.5;608;33;72;44;32.1;1593;476.5;26;38;30;76;58.7;58.7;45.2;2417;210.2;82
2026-07-21;04:10:01.771;61;41.021100;28.985500;78;34;23.9;359;43;54;50.6;31.2;1917;477.0;39;44;35;76;58.5;57.5;21.8;737;210.3;77
2026-07-21;04:10:01.844;41;41.020100;28.984500;81;47.3;7.5;363;26;69;46.3;39;1661;477.5;25;28;38;76;58.5;39;46.5;1178;210.4;49
2026-07-21;04:10:01.916;71;41.019100;28.983500;79;36.5;12.1;411;30;52;43.4;16.7;1851;477.9;44;39;45;76;59.0;34.2;35.1;1012;210.6;50
2026-07-21;04:10:03.297;50;41.018100;28.982500;61;30.8;17.3;226;36;50;56.7;35.3;836;478.3;41;40;46;76;59.5;44.9;32.5;1280;210.8;52
2026-07-21;04:10:03.368;64;41.017100;28.981500;60;31.4;17.2;224;36;52;50.8;29.3;677;478.7;28;36;33;76;59.0;60;26.2;879;210.8;78
2026-07-21;04:10:03.368;26;41.016100;28.980500;73;30.6;10.3;459;27;64;59.5;26.1;1250;478.9;44;28;41;76;58.7;51.1;33.6;750;211.0;37
2026-07-21;04:10:03.458;83;41.015100;28.979500;96;41;11.8;757;39;62;50.6;11;747;479.1;37;28;43;76;58.8;36.4;37.1;2421;211.1;63
2026-07-21;04:10:03.530;34;41.016100;28.980500;85;43.4;21.8;482;38;60;49.7;17.1;1905;479.3;27;41;37;76;58.4;38.8;19.9;2340;211.1;22
2026-07-21;04:10:03.958;70;41.017100;28.981500;61;32.7;14.4;481;31;53;41.7;27.2;646;479.7;42;47;41;77;58.2;50.3;47.4;668;211.2;45
2026-07-21;04:10:04.827;25;41.018100;28.982500;98;44.2;19.8;383;26;50;53;32.4;815;480.1;41;39;35;78;58.6;32.9;12.5;2169;211.3;60
2026-07-21;04:10:04.827;59;41.019100;28.983500;97;44.8;17.3;290;29;59;57;25.8;982;480.5;27;37;48;78;58.3;51.8;25.7;734;211.3;77
2026-07-21;04:10:04.900;51;41.020100;28.984500;93;32.4;22.3;493;25;51;45.1;25.1;1754;481.0;29;32;33;77;58.1;57.3;17.1;693;211.4;67
2026-07-21;04:10:06.305;72;41.021100;28.985500;96;45.2;19.5;301;31;63;46.2;33.3;1084;481.2;44;34;35;77;58.1;57;25.9;2102;211.6;79
2026-07-21;04:10:06.377;27;41.022100;28.986500;77;37.4;10.6;594;30;70;45;6.8;1764;481.5;43;28;37;77;57.9;35.2;35.7;2337;211.7;43
2026-07-21;04:10:06.381;40;41.023100;28.987500;62;35.1;10.7;738;33;66;43.2;7.6;1806;482.0;31;35;46;76;58.4;53;28.1;2227;211.8;23
2026-07-21;04:10:06.604;50;41.024100;28.988500;67;36.3;9.3;251;39;62;54.3;29;1780;482.4;26;43;43;76;58.8;30.8;49.9;493;212.0;62
2026-07-21;04:10:06.677;63;41.025100;28.989500;61;30.7;22.6;228;37;67;58.4;19.6;1336;482.7;44;44;49;75;58.4;49.1;24.2;1417;212.1;36
2026-07-21;04:10:06.955;73;41.026100;28.990500;81;45.2;10.3;560;37;51;57.5;38.3;1213;483.0;26;29;46;76;58.7;31.5;7.8;515;212.2;76
2026-07-21;04:10:07.514;83;41.025100;28.989500;61;37.2;7.2;746;32;71;41.9;21.3;1325;483.5;34;34;36;77;58.2;34.1;23.4;843;212.3;57
2026-07-21;04:10:07.593;85;41.024100;28.988500;69;46.4;24.1;537;35;63;46.1;36.3;1972;484.0;32;40;30;77;58.1;49.6;29.7;1150;212.4;76
2026-07-21;04:10:07.998;87;41.023100;28.987500;77;36.4;24.1;384;41;50;44.2;16.4;1286;484.3;25;36;45;77;57.7;53.6;30.6;1806;212.4;51
2026-07-21;04:10:08.547;79;41.022100;28.986500;65;42.5;24;794;39;57;50.6;13.9;1259;484.6;39;44;36;76;57.7;30.6;39.6;1585;212.5;53
2026-07-21;04:10:08.620;69;41.021100;28.985500;73;39;21.7;493;29;64;44.2;20.4;1714;484.9;33;34;30;76;57.7;33.6;22.4;987;212.7;77
2026-07-21;04:10:08.960;42;41.020100;28.984500;64;37.8;15.4;233;34;74;50.7;26;1586;485.0;39;36;43;77;57.9;34.9;6.4;1639;212.7;25
2026-07-21;04:10:09.826;25;41.019100;28.983500;87;40.6;10.7;458;43;72;46.2;13.8;1066;485.2;37;34;33;77;58.3;50.5;47.6;671;212.9;76
2026-07-21;04:10:09.826;83;41.018100;28.982500;84;31.2;7.4;646;29;55;45.6;31.5;1400;485.4;42;33;34;77;57.9;39.5;41.5;2290;213.0;49
2026-07-21;04:10:09.925;26;41.017100;28.981500;71;39.3;16.1;279;38;54;55.7;18.1;1242;485.7;33;46;46;78;57.8;55.5;33.4;679;213.1;75
2026-07-21;04:10:10.862;83;41.016100;28.980500;60;50;20.8;474;37;50;47.6;16.1;1613;486.0;34;46;40;78;58.2;46.3;37;534;213.2;72
2026-07-21;04:10:10.931;61;41.015100;28.979500;94;47.3;23.1;556;36;55;56.9;9.9;1580;486.2;41;33;41;79;57.9;44.7;43.7;1781;213.4;54
2026-07-21;04:10:11.078;85;41.016100;28.980500;95;37.7;8.4;566;42;53;46.4;13.2;1380;486.6;37;33;45;80;57.7;54.2;19.5;739;213.5;37
2026-07-21;04:10:11.920;82;41.017100;28.981500;62;41.5;6.7;527;43;64;40;37.3;877;487.0;43;47;34;80;57.5;34.5;48;415;213.6;66
2026-07-21;04:10:11.922;38;41.018100;28.982500;98;36.3;8.9;244;31;52;52.2;16.4;653;487.2;37;43;34;81;57.5;57.5;27.4;1990;213.7;64
2026-07-21;04:10:11.993;27;41.019100;28.983500;85;40.6;10.4;718;38;55;51.9;16.8;1778;487.5;39;46;36;80;57.0;58.1;46.6;620;213.9;59
2026-07-21;04:10:13.436;53;41.020100;28.984500;82;41;15.5;321;25;51;40.3;31.6;1274;487.9;42;41;45;79;57.2;41.1;46.8;2441;213.9;26
2026-07-21;04:10:13.511;50;41.021100;28.985500;84;42.7;10;464;27;72;54.3;28.7;585;488.4;32;39;49;79;57.2;42;27.2;357;214.1;37
2026-07-21;04:10:13.511;65;41.022100;28.986500;62;43.9;12.8;615;37;61;40.5;25;1391;488.7;38;40;38;79;57.2;38.9;20.2;2230;214.2;61
2026-07-21;04:10:13.511;33;41.023100;28.987500;67;44.9;22.2;339;40;58;42.2;39.5;1472;489.2;27;28;30;79;57.5;54.9;12.6;333;214.4;58
2026-07-21;04:10:13.599;27;41.024100;28.988500;96;45.4;10.9;295;41;57;54.1;10.2;1265;489.5;28;40;44;80;57.6;39;12.4;564;214.4;20
2026-07-21;04:10:14.023;78;41.025100;28.989500;73;32.6;9;242;28;60;44;19.9;1365;489.8;44;34;36;80;57.3;51.4;22.2;2267;214.6;41
2026-07-21;04:10:14.793;66;41.026100;28.990500;96;49.9;23.1;322;41;52;53;31.2;1186;490.0;32;36;39;81;56.8;43.2;33.9;1397;214.7;83
2026-07-21;04:10:14.794;48;41.025100;28.989500;99;39.5;8.4;715;29;72;50.9;13.5;1931;490.4;39;42;45;80;56.8;38.8;33.8;675;214.8;29
2026-07-21;04:10:15.058;29;41.024100;28.988500;98;48.8;24.1;477;31;70;46.4;35.6;1196;490.9;28;37;32;80;57.1;42.3;36.8;1088;214.9;35
2026-07-21;04:10:15.930;29;41.023100;28.987500;73;33.7;10;490;38;63;56;28.5;987;491.2;32;39;36;80;57.2;39.9;25.4;744;215.0;68
2026-07-21;04:10:15.930;89;41.022100;28.986500;74;35.7;19.4;284;44;61;49.5;13.4;665;491.5;33;35;32;80;57.1;48.1;9.2;2428;215.1;70
2026-07-21;04:10:16.004;44;41.021100;28.985500;95;41.2;6.3;380;39;68;45.5;21.9;731;491.9;44;39;46;81;57.4;36.8;28.2;426;215.3;23
2026-07-21;04:10:16.921;52;41.020100;28.984500;78;41.4;8.3;409;41;65;48.5;35;1411;492.3;35;28;43;80;57.6;53.7;7.5;772;215.5;69
2026-07-21;04:10:16.994;34;41.019100;28.983500;63;46.6;18.1;313;35;66;50.7;10.8;1748;492.8;27;40;41;81;57.7;52.1;49.5;495;215.5;20
2026-07-21;04:10:16.995;76;41.018100;28.982500;97;49.1;20;452;34;63;50.7;19.7;1654;493.0;31;44;41;81;57.5;52.9;38.9;1642;215.7;79
2026-07-21;04:10:17.956;80;41.017100;28.981500;64;35.1;9;640;31;65;57.8;32.8;1598;493.3;35;32;49;80;57.6;36.9;6.8;635;215.9;20
2026-07-21;04:10:18.032;79;41.016100;28.980500;66;49.5;21.6;486;29;74;44.9;21.6;728;493.6;37;29;39;81;57.9;54.4;24.5;1552;216.0;81
2026-07-21;04:10:18.033;58;41.015100;28.979500;67;41.4;12.2;602;44;56;57.9;9.5;1452;493.9;37;47;40;80;58.2;49.3;27.9;1339;216.1;40
2026-07-21;04:10:18.998;44;41.016100;28.980500;65;36;8.4;433;35;52;50.6;16.2;1042;494.3;28;29;30;80;58.1;30.6;19;2479;216.2;58
2026-07-21;04:10:19.071;42;41.017100;28.981500;85;48;17.1;397;41;51;51.6;26.4;681;494.4;38;37;48;79;58.1;41.5;38;1274;216.4;42
2026-07-21;04:10:19.072;27;41.018100;28.982500;72;38;10.9;693;44;69;48.3;7.4;1194;494.6;36;28;47;79;58.0;56.2;19.5;1997;216.6;61
2026-07-21;04:10:20.030;86;41.019100;28.983500;95;47;20.5;203;36;51;53.2;9.2;1282;494.9;26;44;30;80;58.1;54;14.1;1969;216.7;58
2026-07-21;04:10:20.105;66;41.020100;28.984500;62;47.8;5.8;759;28;52;55.8;33.1;1266;495.4;41;30;30;80;58.3;51.8;15.2;1864;216.8;44
2026-07-21;04:10:20.105;75;41.021100;28.985500;97;37;11.3;717;30;64;40.6;32.1;612;495.6;39;38;49;79;58.3;56.5;47.5;1489;217.0;73
2026-07-21;04:10:20.588;67;41.022100;28.986500;95;31.6;11.1;797;31;74;46;26.7;1731;495.7;40;32;44;80;58.6;56.9;9.1;1377;217.2;52
2026-07-21;04:10:20.663;34;41.023100;28.987500;66;44.5;7.1;245;40;50;54.4;25.8;1686;496.0;29;34;48;79;59.1;46.1;5.8;1546;217.3;28
2026-07-21;04:10:20.995;56;41.024100;28.988500;77;44.9;18;519;28;68;58.4;14.4;1058;496.2;27;41;44;78;59.5;42.1;34.8;2143;217.4;68
2026-07-21;04:10:21.864;82;41.025100;28.989500;87;36.7;13.8;700;29;70;45.8;10;893;496.6;34;33;34;79;59.9;31.9;41.3;1478;217.5;66
2026-07-21;04:10:21.864;84;41.026100;28.990500;98;30.5;8.7;320;34;69;48.8;22;1859;497.1;31;38;34;78;59.6;55.7;12.1;1337;217.7;65
2026-07-21;04:10:21.937;77;41.025100;28.989500;66;38.4;12.5;485;33;63;48.7;22.5;1417;497.6;26;28;39;78;59.4;34.9;41.6;357;217.9;43
2026-07-21;04:10:23.347;52;41.024100;28.988500;90;39.7;16;387;42;72;53.8;30.4;1614;498.1;25;46;36;78;59.2;53.8;20.2;2181;218.0;67
2026-07-21;04:10:23.418;48;41.023100;28.987500;92;49.8;10;750;33;64;56.6;37;1351;498.4;33;42;40;79;59.3;56.3;20.4;2248;218.0;47
2026-07-21;04:10:23.418;82;41.022100;28.986500;95;31.8;9.8;641;30;55;54.7;9;729;498.7;40;44;39;78;59.0;57.3;35.1;2190;218.2;79
2026-07-21;04:10:23.644;28;41.021100;28.985500;79;36.2;18.4;394;35;58;49.9;7.7;1144;499.0;34;33;32;79;59.1;53.5;46.3;1558;218.4;35
2026-07-21;04:10:23.748;86;41.020100;28.984500;68;43.9;17.8;339;39;65;58.2;38.7;702;499.3;42;40;48;78;59.1;33.8;42.9;424;218.5;47
2026-07-21;04:10:24.044;26;41.019100;28.983500;61;37;24.2;661;27;56;57.5;17.4;1613;499.8;26;43;33;78;59.1;39.3;27.4;400;218.6;62
2026-07-21;04:10:24.872;61;41.018100;28.982500;78;45.9;6.7;578;26;62;56.5;29;556;500.1;29;29;42;78;59.5;43;11.9;1226;218.7;64
2026-07-21;04:10:24.872;74;41.017100;28.981500;73;46;21.1;750;37;71;51.3;28.7;585;500.3;32;46;43;79;59.4;41.2;18.2;1237;218.9;29
2026-07-21;04:10:24.942;82;41.016100;28.980500;92;30.4;10.1;580;29;61;40.4;22.9;1128;500.6;27;31;43;78;59.6;48.5;30.1;1499;218.9;44
2026-07-21;04:10:26.358;86;41.015100;28.979500;94;30.1;23.3;745;41;70;58.4;24.8;1148;501.0;39;33;31;77;59.8;58;9.7;2450;219.0;62
2026-07-21;04:10:26.429;51;41.016100;28.980500;63;32.9;11;672;40;61;58.6;26.7;1417;501.1;37;45;49;78;60.0;58;13.5;1038;219.2;85
2026-07-21;04:10:26.430;52;41.017100;28.981500;98;41.6;23.9;296;43;68;57.4;33.8;1528;501.6;40;31;38;79;60.0;50.9;37.9;2466;219.3;71
2026-07-21;04:10:26.654;40;41.018100;28.982500;99;33;8;324;25;58;55;14.3;1583;502.0;36;39;49;78;59.5;33.3;10.2;1347;219.4;50
2026-07-21;04:10:26.762;27;41.019100;28.983500;69;48.5;21.4;402;41;73;48.1;39.6;1334;502.2;40;36;33;78;59.3;50.9;34.9;2466;219.6;70
2026-07-21;04:10:27.007;73;41.020100;28.984500;75;44.8;23;685;27;57;49.7;8.7;1393;502.7;31;40;47;78;58.9;52.4;5.6;2378;219.7;24
2026-07-21;04:10:27.877;71;41.021100;28.985500;69;45.1;7.8;371;40;52;46.7;12.7;1483;503.0;34;40;42;79;59.2;57.5;12.8;2363;219.8;37
2026-07-21;04:10:27.877;28;41.022100;28.986500;83;33.1;16.6;473;37;71;46.1;39.9;758;503.3;35;35;40;78;58.8;47.3;40.2;2093;220.0;71
2026-07-21;04:10:28.027;73;41.023100;28.987500;86;32.8;21.1;748;28;51;41.3;30.9;1806;503.7;38;33;35;77;58.6;55.6;49.7;1568;220.1;32
2026-07-21;04:10:29.427;36;41.024100;28.988500;87;36;5;220;29;63;50.5;5.4;1102;503.9;31;34;49;78;59.0;45.4;49.7;1432;220.2;35
2026-07-21;04:10:29.499;23;41.025100;28.989500;69;44.4;6.3;371;30;62;56.1;14;1875;504.2;32;46;39;78;59.0;55.5;31.6;684;220.4;86
2026-07-21;04:10:29.500;40;41.026100;28.990500;88;48.2;16.9;386;35;72;42.2;13.3;1779;504.6;35;40;33;78;59.4;52.9;47.6;1540;220.5;88
2026-07-21;04:10:29.572;74;41.025100;28.989500;70;33;12.3;554;28;65;40.5;33.2;1381;505.0;41;28;38;78;59.1;44.9;17.5;1291;220.5;33
2026-07-21;04:10:29.648;33;41.024100;28.988500;72;38.8;22.7;202;29;51;51.5;11.9;1758;505.4;36;32;47;77;59.5;49.6;10.2;2197;220.7;84
2026-07-21;04:10:30.006;68;41.023100;28.987500;98;30.8;24.5;656;42;54;55.6;22.7;976;505.8;44;32;35;77;59.2;51.5;35.2;2337;220.9;77
2026-07-21;04:10:30.858;21;41.022100;28.986500;69;46.2;14.3;253;36;54;53.7;18.1;1166;506.1;43;47;33;78;59.6;46;24;1940;221.1;86
2026-07-21;04:10:30.933;29;41.021100;28.985500;85;36.7;15.7;321;43;55;51.6;30.5;1206;506.4;26;29;49;78;60.0;40.5;31;2140;221.2;73
2026-07-21;04:10:31.006;46;41.020100;28.984500;81;30.4;18.6;521;44;71;52.1;38.6;1513;506.7;44;41;34;78;59.8;47.1;48.4;1107;221.3;26
2026-07-21;04:10:32.473;73;41.019100;28.983500;62;43.1;18.4;581;40;63;54.8;20.4;657;507.1;25;34;34;77;60.0;39.4;34.3;1665;221.5;43
2026-07-21;04:10:32.546;67;41.018100;28.982500;82;43.1;24.4;552;26;67;51.2;26.7;675;507.3;32;43;33;78;60.0;57.4;35;1455;221.7;30
2026-07-21;04:10:32.546;59;41.017100;28.981500;72;37;9.8;732;35;72;59.4;5.8;1189;507.5;25;35;41;78;60.0;54;8.4;1402;221.8;53
2026-07-21;04:10:32.621;28;41.016100;28.980500;84;36.8;21.6;502;36;59;46.7;34.1;1955;507.9;37;43;44;79;59.6;30.2;8.5;1512;221.9;45
2026-07-21;04:10:32.697;81;41.015100;28.979500;91;34;18.8;456;25;51;59.4;37.8;785;508.1;35;34;35;80;59.6;49.7;41.3;1050;222.1;35
2026-07-21;04:10:33.012;42;41.016100;28.980500;88;41.6;17.6;608;35;64;51.7;33.4;1706;508.6;34;38;47;80;59.7;44;42.2;1454;222.3;45
2026-07-21;04:10:33.864;29;41.017100;28.981500;77;39.2;24.6;465;39;54;44.4;37.4;1455;508.9;34;29;45;79;59.9;51.9;16.2;2096;222.3;61
2026-07-21;04:10:33.865;65;41.018100;28.982500;77;40.4;18.3;372;42;70;51.2;20.6;1010;509.3;40;38;41;79;60.0;45.6;25.5;1309;222.5;47
2026-07-21;04:10:34.134;52;41.019100;28.983500;70;40.8;23.2;588;28;73;43.2;11.7;816;509.6;34;43;30;79;60.0;32.4;12.7;1182;222.6;82
2026-07-21;04:10:35.001;35;41.020100;28.984500;87;39.7;16;697;33;73;59.7;7.7;582;509.8;28;35;34;78;60.0;56.4;44.1;2353;222.8;72
2026-07-21;04:10:35.001;26;41.021100;28.985500;99;47.8;18.1;218;42;62;58;18.2;801;510.0;28;37;46;79;59.5;30.5;47.4;1701;222.8;22
2026-07-21;04:10:35.073;39;41.022100;28.986500;94;45.5;7.3;723;30;67;48.8;39.3;1890;510.2;29;44;30;78;59.5;58.9;48.8;1086;223.0;33
2026-07-21;04:10:35.999;65;41.023100;28.987500;83;35.8;8.7;537;29;54;47.3;21.7;711;510.6;31;46;36;77;59.3;40.5;14.3;593;223.2;34
2026-07-21;04:10:36.072;47;41.024100;28.988500;77;41.4;6.4;726;25;50;56.7;24;1959;510.7;38;46;39;77;59.4;54.8;46.4;2280;223.3;53
2026-07-21;04:10:36.075;83;41.025100;28.989500;67;37;7.2;669;30;61;53.5;12.9;539;510.9;25;36;38;76;59.2;59.2;45.7;1426;223.4;57
2026-07-21;04:10:36.582;76;41.026100;28.990500;61;36.1;19.4;627;35;69;51.3;15.7;834;511.2;32;37;31;76;59.3;39.2;24.3;2204;223.5;76
2026-07-21;04:10:36.583;44;41.025100;28.989500;80;33.2;16.1;374;30;73;56.3;30.8;1207;511.3;41;30;48;76;59.2;51.4;49.7;1984;223.7;29
2026-07-21;04:10:37.074;22;41.024100;28.988500;66;32.2;7.2;218;35;73;42;11.5;785;511.4;30;38;49;75;58.7;38.6;45.1;1736;223.8;26
2026-07-21;04:10:37.894;47;41.023100;28.987500;74;49.8;5.8;235;34;63;56;39.4;1259;511.6;32;41;43;75;59.2;43.8;36;1849;224.0;28
2026-07-21;04:10:37.895;32;41.022100;28.986500;80;34.7;6.7;771;30;59;53.8;25.3;1384;511.9;30;34;49;75;58.9;33.8;39.1;1367;224.0;88
2026-07-21;04:10:38.161;26;41.021100;28.985500;85;45.3;12.2;450;26;55;49.7;30.8;1996;512.2;28;34;33;76;58.7;58.2;20.6;2408;224.2;34
2026-07-21;04:10:39.044;38;41.020100;28.984500;75;35.7;15.6;407;36;54;48.4;15;1493;512.3;34;30;33;75;58.7;36.6;8.9;1130;224.4;26
2026-07-21;04:10:39.045;24;41.019100;28.983500;96;32;7.9;318;31;74;55.4;31.8;1680;512.7;32;41;34;75;59.1;34.5;10.5;818;224.4;34
2026-07-21;04:10:39.126;39;41.018100;28.982500;61;40.7;17;392;29;52;51.1;25.6;812;513.0;37;44;31;75;58.7;48;24.1;846;224.6;27
2026-07-21;04:10:40.535;79;41.017100;28.981500;80;36.6;7.4;201;36;50;58.4;12.1;1745;513.4;30;42;41;74;58.4;44.5;40.6;2210;224.7;25
2026-07-21;04:10:40.606;53;41.016100;28.980500;63;40.9;14.7;283;35;55;44;37.6;1264;513.7;38;38;41;75;58.5;57.3;44;1857;224.9;77
2026-07-21;04:10:40.606;70;41.015100;28.979500;87;30.5;13.8;555;34;66;58.6;33.7;1495;514.1;31;42;34;75;58.0;48.8;20.6;1261;225.1;82
2026-07-21;04:10:40.606;72;41.016100;28.980500;76;37.6;8.7;211;32;69;56.3;5.9;1156;514.4;41;38;46;74;57.6;37.5;9.9;1754;225.1;22
2026-07-21;04:10:40.679;73;41.017100;28.981500;62;34.1;10.9;224;32;60;55.1;8;741;514.7;27;41;48;74;58.0;38.9;42.4;355;225.2;68
2026-07-21;04:10:41.120;57;41.018100;28.982500;63;36.9;18.4;374;27;60;58.7;10.4;1154;515.0;35;34;45;74;58.4;50.2;40.9;1169;225.3;65
2026-07-21;04:10:41.936;60;41.019100;28.983500;73;37.8;14.6;477;35;73;51.7;10.7;1792;515.4;37;40;46;74;58.9;44.9;29.7;1234;225.5;41
2026-07-21;04:10:41.936;89;41.020100;28.984500;75;37.4;22.2;271;26;65;41.1;39.2;1616;515.8;28;44;39;74;59.0;48.9;49.9;739;225.7;75
2026-07-21;04:10:42.008;24;41.021100;28.985500;93;42.4;13;506;44;72;50.5;6.6;524;516.2;42;43;47;73;58.5;44.9;26.6;1419;225.8;40
2026-07-21;04:10:43.417;28;41.022100;28.986500;98;45.7;7;562;34;63;49.2;25.6;1301;516.4;43;34;41;73;58.3;50.4;40.4;1421;226.0;66
2026-07-21;04:10:43.490;68;41.023100;28.987500;60;30.1;24.4;740;33;65;52.7;14.6;1343;516.9;39;37;42;74;58.3;54.7;11.8;2258;226.1;71
2026-07-21;04:10:43.490;61;41.024100;28.988500;73;32.7;11.4;732;34;56;40.2;22.1;1991;517.3;34;39;31;73;57.9;50.5;26.9;1050;226.2;68
2026-07-21;04:10:43.566;80;41.025100;28.989500;84;35.3;10;496;29;51;45;5.4;917;517.6;41;44;34;73;57.4;30.3;14.7;1723;226.4;22
2026-07-21;04:10:43.639;31;41.026100;28.990500;96;44.6;24.3;519;42;53;45.8;25.4;1307;517.7;31;29;33;73;57.3;30.9;32.5;1883;226.5;54
2026-07-21;04:10:44.061;32;41.025100;28.989500;74;43.2;14.6;441;26;64;42.3;11.9;1422;518.1;27;44;42;73;56.8;37.2;27.8;2074;226.6;85
2026-07-21;04:10:44.874;45;41.024100;28.988500;93;36.4;12.9;747;38;70;43.4;20.7;620;518.2;26;41;38;72;56.6;36.2;40.2;1856;226.8;31
2026-07-21;04:10:44.875;80;41.023100;28.987500;91;38.1;18.8;346;35;68;40.4;30.4;1219;518.4;35;44;49;73;56.7;41.5;46.5;916;227.0;62
2026-07-21;04:10:45.142;36;41.022100;28.986500;64;40;10;229;28;68;56.2;7;788;518.5;26;47;40;74;57.1;53.8;28.2;1074;227.1;25
2026-07-21;04:10:46.009;77;41.021100;28.985500;94;42;22.5;647;41;59;48.8;21.2;930;518.9;28;42;33;74;57.5;33.5;29.5;497;227.2;48
2026-07-21;04:10:46.009;41;41.020100;28.984500;78;41.2;6.8;232;37;69;56.9;23.5;557;519.3;35;35;35;73;57.5;51.5;23.9;808;227.4;37
2026-07-21;04:10:46.082;58;41.019100;28.983500;98;31.3;14.3;494;25;72;42;18.6;1419;519.8;42;37;41;73;57.9;53.9;22.1;681;227.4;31
2026-07-21;04:10:47.508;33;41.018100;28.982500;99;35.2;12.4;779;39;74;54.1;13.9;1343;520.3;34;33;39;74;58.1;51.9;19;2179;227.6;80
2026-07-21;04:10:47.580;53;41.017100;28.981500;65;47.3;9.5;718;27;57;52.4;23.2;1165;520.8;44;43;41;74;58.3;39.2;27.1;1254;227.7;34
2026-07-21;04:10:47.582;51;41.016100;28.980500;98;44.1;14.1;308;42;54;58.6;7.7;1045;521.3;42;31;41;74;57.9;44;47.9;638;227.9;46
2026-07-21;04:10:47.656;26;41.015100;28.979500;64;47.2;19.7;654;25;56;59.9;6;951;521.5;32;38;33;74;58.2;34.5;48.1;1683;228.0;51
2026-07-21;04:10:47.725;27;41.016100;28.980500;70;31.5;16.4;530;40;64;51.3;37.3;996;522.0;34;32;41;73;58.4;31.7;47.5;2382;228.1;43
2026-07-21;04:10:48.046;87;41.017100;28.981500;89;37.7;14;349;29;63;45.9;33.9;1746;522.3;42;37;45;73;58.2;58.4;36.6;2293;228.2;64
2026-07-21;04:10:48.894;76;41.018100;28.982500;60;33.2;14.4;727;35;69;54.9;28.4;902;522.6;31;32;37;72;57.9;30.1;31.8;301;228.3;73
2026-07-21;04:10:48.895;49;41.019100;28.983500;72;31.4;9;255;39;60;49.5;37.8;905;522.8;44;43;46;73;57.6;36.8;40.4;2256;228.4;64
2026-07-21;04:10:49.168;27;41.020100;28.984500;73;45.3;20.8;696;38;72;59.3;26.3;1414;523.0;27;30;41;73;57.4;44.4;37.3;440;228.5;52
2026-07-21;04:10:50.325;55;41.021100;28.985500;63;45.4;6.6;677;25;61;53.1;20.5;1514;523.5;37;45;39;73;57.0;32.5;36.7;1987;228.5;65
2026-07-21;04:10:51.748;51;41.022100;28.986500;70;45.7;13.5;364;30;52;59.7;21;534;523.9;25;34;40;73;56.8;34.9;6.6;332;228.6;27
2026-07-21;04:10:51.749;25;41.023100;28.987500;61;35.5;20.9;349;29;63;57.8;38.4;1780;524.1;35;37;41;72;57.0;53.2;22;1985;228.7;20
2026-07-21;04:10:52.762;39;41.024100;28.988500;96;36.1;24;239;44;69;49;28;1690;524.5;41;47;40;72;56.8;57.2;42.4;1754;228.8;26
2026-07-21;04:10:52.837;31;41.025100;28.989500;76;30.5;6.2;546;42;66;40.4;12.2;878;524.8;27;45;47;71;57.2;55.9;15;495;228.9;22
2026-07-21;04:10:52.838;41;41.026100;28.990500;61;36.8;7.8;402;31;64;43;22.8;1283;525.0;40;44;44;70;57.6;45.5;22.7;1164;229.0;27
2026-07-21;04:10:52.838;89;41.025100;28.989500;60;47.2;15.6;390;28;65;58.6;9.1;1005;525.4;44;47;39;71;58.1;34;35.3;514;229.1;53
2026-07-21;04:10:52.838;89;41.024100;28.988500;85;33.5;19.3;658;32;64;58.2;16.8;956;525.8;25;36;47;70;57.7;37.6;28.6;2282;229.3;43
2026-07-21;04:10:52.838;38;41.023100;28.987500;87;39.6;7.7;483;32;53;47.3;15;1709;525.9;33;42;37;69;58.0;45.2;40.8;1098;229.3;29
2026-07-21;04:10:52.913;24;41.022100;28.986500;70;38.3;16.9;363;28;59;54.1;36.4;771;526.1;31;28;36;69;57.6;32.9;28.5;1795;229.5;71
2026-07-21;04:10:52.913;69;41.021100;28.985500;77;32;13.6;471;38;60;43.9;6.9;681;526.2;29;32;40;70;57.3;32.8;44.1;1064;229.6;73
2026-07-21;04:10:53.003;39;41.020100;28.984500;98;37.8;10.3;728;28;55;52.9;23.2;810;526.7;32;44;49;70;57.1;38.6;40.5;1404;229.8;21
2026-07-21;04:10:54.406;42;41.019100;28.983500;85;38.4;10.8;589;36;57;51.1;9.1;1359;527.1;34;31;47;70;56.8;56;40.8;1770;229.9;74
2026-07-21;04:10:54.478;24;41.018100;28.982500;88;34.4;24.4;333;26;72;52.3;20.1;1898;527.4;37;46;41;71;56.8;39.6;22.4;1384;230.1;20
2026-07-21;04:10:54.478;57;41.017100;28.981500;71;36.5;5.2;218;32;74;51.5;24.9;1021;527.8;35;45;31;72;57.2;57.7;7;939;230.2;48
2026-07-21;04:10:54.703;29;41.016100;28.980500;99;46.3;8.1;553;40;55;44.6;18.8;1834;528.3;25;33;47;72;57.4;33.2;16.5;344;230.3;68
2026-07-21;04:10:54.777;69;41.015100;28.979500;90;43.1;5.6;679;43;53;40.6;19.1;1276;528.6;37;43;41;73;57.8;41.2;26;2156;230.5;43
2026-07-21;04:10:55.053;74;41.016100;28.980500;79;39.8;24.7;504;26;58;46.8;32.1;1552;529.0;26;36;42;73;57.3;45.2;45.7;895;230.6;22
2026-07-21;04:10:55.923;52;41.017100;28.981500;90;45.9;9.1;610;39;71;46.3;37.8;1061;529.1;37;31;44;74;57.4;52.1;24;348;230.7;29
2026-07-21;04:10:55.924;85;41.018100;28.982500;76;46.3;21.7;257;41;70;53.5;18.9;1275;529.4;41;35;46;74;57.7;44.9;32.5;2037;230.8;29
2026-07-21;04:10:56.194;52;41.019100;28.983500;68;47.4;21.5;265;43;65;43.1;17.2;1829;529.7;34;37;34;74;57.8;59.4;43.1;1311;230.9;86
2026-07-21;04:10:57.063;70;41.020100;28.984500;79;31.9;10.3;427;36;72;58.1;16.8;1229;529.8;33;42;39;75;57.4;57.3;15.4;2379;231.0;85
2026-07-21;04:10:57.063;57;41.021100;28.985500;74;47.9;15.7;202;40;73;46.9;7.2;707;529.9;43;37;36;74;57.6;59.4;42.5;657;231.1;26
2026-07-21;04:10:57.137;86;41.022100;28.986500;91;46;11.5;397;33;55;43.9;28.9;1517;530.2;43;44;35;73;57.4;55.9;30.7;1480;231.2;81
2026-07-21;04:10:58.062;80;41.023100;28.987500;65;34.7;23.8;367;37;61;52.8;13;902;530.7;42;41;33;74;57.1;51;12.7;598;231.3;44
2026-07-21;04:10:58.135;31;41.024100;28.988500;79;46;12.1;432;36;71;42.1;21.5;1008;531.2;43;45;46;74;57.0;48.8;37.5;2226;231.4;42
2026-07-21;04:10:58.136;49;41.025100;28.989500;79;44.5;11.2;530;35;59;47.3;14;787;531.7;37;38;41;74;57.1;55.6;6.8;2027;231.6;86
2026-07-21;04:10:59.099;76;41.026100;28.990500;62;30.5;16.2;698;27;53;46.3;6.7;525;532.0;29;39;34;75;56.7;55.1;11.4;1575;231.7;89
2026-07-21;04:10:59.173;41;41.025100;28.989500;63;43.6;21.6;271;32;57;50;15.2;1772;532.1;43;29;35;76;56.8;53.3;29.4;2253;231.8;54
2026-07-21;04:10:59.174;36;41.024100;28.988500;73;44;18.9;227;34;72;46.1;34.5;600;532.6;35;30;47;76;57.0;36.4;20.7;1740;232.0;50
2026-07-21;04:10:59.616;89;41.023100;28.987500;76;43.3;15.3;238;30;59;40.2;6.2;626;532.9;35;46;35;76;56.9;32.4;27.8;1962;232.1;89
2026-07-21;04:10:59.616;49;41.022100;28.986500;85;35.5;19.4;273;26;54;49.9;29.2;1487;533.2;34;44;30;77;56.7;38;14.2;492;232.2;86
2026-07-21;04:11:00.108;75;41.021100;28.985500;87;32;7.3;260;44;67;55.1;18.7;782;533.6;31;40;34;76;56.5;46.8;7;1542;232.3;32
2026-07-21;04:11:00.931;44;41.020100;28.984500;64;32.8;21.1;275;37;68;41.3;14.9;833;533.9;30;39;47;76;56.9;44.3;42.1;1526;232.5;27
2026-07-21;04:11:00.931;20;41.019100;28.983500;72;30.9;5.5;573;25;74;45;24.4;1361;534.3;36;33;44;76;56.9;39.5;34.3;1037;232.6;24
2026-07-21;04:11:01.003;73;41.018100;28.982500;72;32.6;15.6;309;26;52;49.9;34.9;1900;534.7;38;35;40;76;57.2;59.2;42.9;1693;232.7;26
2026-07-21;04:11:02.409;40;41.017100;28.981500;97;47.3;22.7;230;30;51;48.2;33;1940;534.9;39;31;47;77;57.4;35.1;9.7;1435;232.8;45
2026-07-21;04:11:02.481;50;41.016100;28.980500;86;32.5;24.6;419;33;70;59.8;14.4;1664;535.3;39;41;37;77;57.1;31.4;10.2;2226;232.9;57
2026-07-21;04:11:02.481;66;41.015100;28.979500;65;32.6;14.9;529;31;74;53.1;32;1339;535.7;32;44;47;78;57.1;31.1;27.6;1020;233.0;89
2026-07-21;04:11:02.706;35;41.016100;28.980500;77;46.8;21.1;668;29;61;54.9;35.1;864;535.9;27;41;38;77;56.7;30.5;15.9;2180;233.2;83
2026-07-21;04:11:02.778;35;41.017100;28.981500;76;35.2;13.7;478;29;58;53.9;15.7;934;536.1;39;30;49;77;57.0;52.7;32.1;352;233.3;68
2026-07-21;04:11:03.048;45;41.018100;28.982500;90;47.9;23.3;653;41;61;52.8;28.1;1852;536.3;44;42;45;77;57.5;58.7;46.2;2422;233.4;51
2026-07-21;04:11:03.921;47;41.019100;28.983500;84;40.3;6;484;35;63;45.5;15.3;1948;536.6;39;38;43;78;57.5;54.4;21.6;436;233.6;28
2026-07-21;04:11:03.922;70;41.020100;28.984500;71;49.9;20.9;789;28;62;43.8;11.2;1932;537.0;39;36;43;77;58.0;50.7;12.1;1735;233.7;54
2026-07-21;04:11:04.194;63;41.021100;28.985500;85;47.6;17.2;231;39;64;47.8;34.4;1295;537.4;36;29;37;77;58.3;56.7;22.8;358;233.9;67
2026-07-21;04:11:05.063;89;41.022100;28.986500;73;31.4;14.8;658;31;72;53.9;34.5;556;537.8;29;29;40;76;58.4;52.7;30.9;1711;234.0;49
2026-07-21;04:11:05.064;58;41.023100;28.987500;72;32.1;18.2;216;38;72;40.6;26.5;1224;538.1;38;28;35;76;58.4;50.3;36.4;1112;234.2;53
2026-07-21;04:11:05.137;87;41.024100;28.988500;75;43.2;17.3;536;43;54;41.9;32.7;939;538.3;33;47;35;77;58.4;58.9;44.9;843;234.3;58
2026-07-21;04:11:06.573;65;41.025100;28.989500;87;39.1;6.4;210;29;64;45.2;8.9;1067;538.8;27;29;37;77;58.9;47.4;27.9;798;234.5;22
2026-07-21;04:11:06.648;20;41.026100;28.990500;97;38;22;609;38;53;57.3;24.6;956;539.2;44;34;39;78;58.6;46.6;20.3;2065;234.6;50
2026-07-21;04:11:06.648;62;41.025100;28.989500;72;38.7;13.7;410;33;73;40.3;26.4;749;539.5;34;43;35;77;58.7;38.7;47.1;2363;234.8;31
2026-07-21;04:11:06.648;45;41.024100;28.988500;97;35.8;18.3;587;33;62;42.3;20.9;679;539.7;37;46;36;78;58.8;48.9;13.3;1923;234.9;44
2026-07-21;04:11:06.721;85;41.023100;28.987500;89;34.9;18;682;36;63;45.4;39.6;1682;539.8;34;41;33;79;58.7;36.1;19.7;1643;235.0;60
2026-07-21;04:11:07.117;75;41.022100;28.986500;68;31.5;20.4;615;38;53;40.9;14.7;1415;540.1;41;43;41;79;58.3;58.3;12.9;1210;235.2;78
2026-07-21;04:11:07.930;32;41.021100;28.985500;77;36.5;5.7;267;40;60;59.2;38;1032;540.3;32;44;39;78;57.9;33.9;48.2;2055;235.3;47
2026-07-21;04:11:07.931;62;41.020100;28.984500;81;44.9;12.9;555;31;61;48.3;24;1229;540.5;28;42;31;78;58.3;34.7;30.5;1554;235.5;25
2026-07-21;04:11:08.200;69;41.019100;28.983500;85;31.1;20.4;747;34;71;49.1;18.6;630;540.8;38;34;44;79;57.8;52.9;23.1;1342;235.6;85
2026-07-21;04:11:09.071;41;41.018100;28.982500;72;45;23.3;707;40;59;50.9;32.7;1849;541.3;27;28;32;78;58.3;51.5;21.8;2133;235.7;20
2026-07-21;04:11:09.071;80;41.017100;28.981500;72;39.8;12;432;40;54;48.4;5.4;937;541.7;34;47;38;78;58.4;42.2;15.1;2010;235.7;82
2026-07-21;04:11:09.142;21;41.016100;28.980500;94;31.4;19.7;789;28;56;44.5;34.6;581;542.1;35;31;42;79;58.3;38.6;20.1;1904;235.9;29
2026-07-21;04:11:10.063;33;41.015100;28.979500;78;30.2;8.7;258;40;62;49.3;32.3;928;542.6;30;43;31;79;58.2;39.7;28.3;2184;236.0;82
2026-07-21;04:11:10.135;56;41.016100;28.980500;98;48.9;23.4;715;34;67;56.9;9.6;1626;542.9;35;35;32;79;57.8;56.9;38.8;1259;236.1;64
2026-07-21;04:11:10.136;44;41.017100;28.981500;96;37.7;15;407;31;62;50.8;31.6;1647;543.2;30;40;44;79;58.1;46.4;44;1054;236.3;48
2026-07-21;04:11:10.619;26;41.018100;28.982500;81;41.4;13.3;454;35;58;52.9;9.7;504;543.4;41;40;47;79;57.7;40.9;25.4;964;236.4;62
2026-07-21;04:11:10.690;38;41.019100;28.983500;82;40.2;10.2;456;29;60;46.1;27.5;1791;543.6;27;34;45;79;57.8;48.3;37.2;1815;236.4;62
2026-07-21;04:11:11.095;45;41.020100;28.984500;73;40.5;19.3;316;28;55;58;13.2;604;543.8;42;47;40;78;57.3;57.3;13.3;1253;236.6;56
2026-07-21;04:11:11.929;54;41.021100;28.985500;64;36.3;12.6;496;38;52;40.3;17.1;1374;544.1;43;35;47;79;57.3;31.6;15.9;1414;236.7;43
2026-07-21;04:11:12.001;54;41.022100;28.986500;79;39.2;19.8;691;31;55;50.6;17.1;828;544.3;41;35;49;80;57.5;49.3;15;2300;236.8;40
2026-07-21;04:11:12.076;30;41.023100;28.987500;74;40.8;14.9;327;32;69;56.9;14.8;795;544.4;40;32;42;80;57.9;34.3;24.3;2142;236.8;61
2026-07-21;04:11:13.461;33;41.024100;28.988500;99;35.6;10.7;285;41;64;42.3;18.6;580;544.6;31;38;37;80;57.5;53.3;45.3;2249;236.9;58
2026-07-21;04:11:13.535;34;41.025100;28.989500;89;40.4;7.3;572;37;73;40.3;13.8;1586;544.7;30;43;42;81;58.0;57.9;24.2;819;237.1;37
2026-07-21;04:11:13.535;61;41.026100;28.990500;61;43.8;5.3;299;27;57;41.6;29.5;1933;544.8;28;35;33;80;57.9;40.2;38.1;1528;237.1;40
2026-07-21;04:11:13.626;88;41.025100;28.989500;67;46.3;7.4;539;39;50;46.8;12;880;545.1;28;38;44;80;58.2;55.8;23;601;237.3;64
2026-07-21;04:11:13.699;89;41.024100;28.988500;78;31.7;15.5;255;29;67;49.8;24.8;1526;545.3;35;41;48;79;57.8;53.6;39.4;1257;237.5;33
2026-07-21;04:11:14.115;51;41.023100;28.987500;79;34;24.7;564;31;63;41.2;13;1115;545.6;25;43;30;79;58.3;32.8;7.3;1249;237.6;24
2026-07-21;04:11:14.922;64;41.022100;28.986500;92;43.3;16.9;207;27;57;49.4;23.7;1979;545.9;26;28;48;80;58.2;34.2;16.5;1663;237.7;47
2026-07-21;04:11:14.923;59;41.021100;28.985500;74;32.9;5.9;263;36;67;43.6;20.6;885;546.3;26;34;32;79;58.3;44.1;35;1514;237.8;73
2026-07-21;04:11:15.191;61;41.020100;28.984500;66;33;22.9;362;28;61;41.1;34.8;1585;546.6;44;43;33;78;57.9;38.4;6.7;442;238.0;43
2026-07-21;04:11:16.062;59;41.019100;28.983500;66;47.6;10.3;483;36;65;43.2;10.1;1321;546.9;28;45;33;78;58.2;37.5;45.3;1744;238.1;34
2026-07-21;04:11:16.062;51;41.018100;28.982500;98;46.5;12.5;794;25;65;55.5;12;1397;547.2;31;37;37;79;58.1;40.2;35.7;1159;238.2;23
2026-07-21;04:11:16.134;21;41.017100;28.981500;63;39.3;20.9;735;44;56;50.9;15.9;1367;547.5;35;28;42;78;57.8;53.1;36;1223;238.4;27
2026-07-21;04:11:17.023;38;41.016100;28.980500;75;30.7;5.7;569;29;62;53.3;38.9;1010;547.8;27;41;39;77;57.4;44.1;45.7;1547;238.6;63
2026-07-21;04:11:17.095;44;41.015100;28.979500;80;34.5;8.5;420;44;67;40;28;592;548.2;44;38;45;78;57.5;42.3;33.4;1447;238.7;29
2026-07-21;04:11:17.168;50;41.016100;28.980500;74;34.3;11.4;667;32;73;48.3;16.8;1093;548.6;39;36;43;77;57.9;57.2;9.3;1753;238.9;36
2026-07-21;04:11:18.584;56;41.017100;28.981500;80;46.2;7.6;379;26;51;42.1;35.1;869;548.9;34;35;42;77;57.8;57.3;8.5;914;239.0;24
2026-07-21;04:11:18.658;45;41.018100;28.982500;88;41.2;7.7;465;42;67;55.2;30.4;816;549.1;38;29;48;77;57.7;50.7;13.7;1766;239.1;50
2026-07-21;04:11:18.659;34;41.019100;28.983500;86;48.8;10.7;300;28;51;46.7;34.3;1513;549.5;28;35;33;76;58.0;38.4;23.7;2004;239.3;57
2026-07-21;04:11:18.659;22;41.020100;28.984500;88;30.4;13.4;295;26;63;46.3;7.9;1529;549.9;26;40;45;77;58.0;40.4;21.1;1629;239.5;68
2026-07-21;04:11:18.730;20;41.021100;28.985500;78;49.9;23.3;422;37;58;51.5;32.9;1351;550.3;36;41;47;76;57.5;42.5;49.9;1990;239.5;52
2026-07-21;04:11:19.128;79;41.022100;28.986500;97;48.4;7.8;245;30;55;56.2;21.4;1606;550.7;28;45;32;76;57.3;36.3;44.5;2015;239.6;88
2026-07-21;04:11:19.956;27;41.023100;28.987500;69;39.4;23.4;596;44;73;55.2;19;1785;550.9;41;31;32;76;57.5;49.3;33.9;1420;239.8;57
2026-07-21;04:11:19.956;55;41.024100;28.988500;62;47.9;16.9;502;29;50;43.8;26.9;1268;551.2;40;35;44;75;57.1;54.7;6.1;1845;239.9;57
2026-07-21;04:11:20.073;77;41.025100;28.989500;73;38.1;19.4;271;29;74;40.2;26.7;509;551.5;36;47;34;75;56.9;58.1;28.6;818;240.0;37
2026-07-21;04:11:20.990;79;41.026100;28.990500;87;39.5;15.6;690;34;56;46.4;26.3;1054;552.0;26;45;48;76;56.4;39.4;47.3;2459;240.1;63
2026-07-21;04:11:21.062;89;41.025100;28.989500;92;33.9;22.3;720;37;59;45.5;33.6;989;552.3;36;37;33;75;56.6;39.3;28;1548;240.3;26
2026-07-21;04:11:21.135;86;41.024100;28.988500;71;42.2;18;736;39;65;54.3;11.5;1132;552.6;38;28;35;75;56.9;45.4;48.8;1805;240.4;39
2026-07-21;04:11:22.558;26;41.023100;28.987500;73;42.4;17.1;579;28;63;50.3;31.3;1384;553.1;39;38;49;76;56.7;59.5;24;2063;240.5;88
2026-07-21;04:11:22.630;72;41.022100;28.986500;97;32.9;7.8;780;29;63;46.3;35.4;688;553.6;37;38;44;76;57.1;45.8;18.8;1351;240.6;30
2026-07-21;04:11:22.630;51;41.021100;28.985500;75;36.5;9.2;276;34;66;50.2;5.4;723;554.0;34;33;40;76;57.1;40.5;29.2;419;240.8;58
2026-07-21;04:11:22.703;52;41.020100;28.984500;92;47.6;21.1;315;28;68;55.6;12.4;1730;554.1;39;37;30;77;57.2;51;45;1881;240.9;34
2026-07-21;04:11:22.706;49;41.019100;28.983500;86;49.1;14.2;781;42;53;43.4;23.3;1156;554.4;40;29;45;78;57.0;43.1;21.4;986;241.1;71
2026-07-21;04:11:23.081;68;41.018100;28.982500;93;34.9;7.1;390;38;70;51.8;25.9;515;554.6;36;34;39;78;56.6;40.2;48.8;2327;241.2;66
2026-07-21;04:11:23.926;66;41.017100;28.981500;96;47;10.1;610;33;73;51.6;34.2;1789;555.0;27;32;35;78;56.8;57.9;38.3;344;241.3;80
2026-07-21;04:11:23.926;40;41.016100;28.980500;92;44.8;8.8;751;37;60;48;26;1835;555.1;34;35;30;77;56.4;52.2;23.1;519;241.5;49
2026-07-21;04:11:24.238;65;41.015100;28.979500;93;39;23;256;41;63;40.1;24.5;1111;555.5;25;28;46;77;56.6;47.2;32.1;304;241.6;31
2026-07-21;04:11:25.086;62;41.016100;28.980500;80;34.3;7.7;523;40;69;53.4;12.8;1971;555.9;35;33;47;77;57.1;36.5;46.7;2015;241.8;61
2026-07-21;04:11:25.087;81;41.017100;28.981500;67;35.3;17.1;208;32;58;52.4;9.9;728;556.1;42;44;46;77;57.2;41.3;44.3;2343;241.9;40
2026-07-21;04:11:25.163;25;41.018100;28.982500;85;32.6;10;421;40;64;45.2;37.3;1032;556.3;37;36;42;76;57.1;36.8;41.3;2083;242.1;44
2026-07-21;04:11:26.086;77;41.019100;28.983500;77;31.7;19.2;406;26;63;56.9;35.3;985;556.5;25;29;47;77;57.2;35.8;50;1890;242.3;29
2026-07-21;04:11:26.155;42;41.020100;28.984500;73;49.1;18.7;662;26;67;49.8;22.6;1986;556.6;28;42;33;77;57.0;55.6;28.6;2025;242.4;64
2026-07-21;04:11:26.156;58;41.021100;28.985500;83;43.3;5.4;436;26;61;46.5;6.2;755;556.8;36;36;44;76;56.9;57.5;40.6;2232;242.5;39
2026-07-21;04:11:27.111;22;41.022100;28.986500;80;49.6;13.3;777;40;53;58.8;28.6;1972;556.9;28;33;32;76;56.5;57.4;15.1;1339;242.5;66
2026-07-21;04:11:27.185;29;41.023100;28.987500;83;46.6;14.1;386;42;70;44.6;29.1;826;557.0;43;35;33;76;56.5;53.9;42.3;1234;242.7;54
2026-07-21;04:11:27.185;35;41.024100;28.988500;84;47.9;13;529;36;74;54.5;37.5;1769;557.2;37;28;34;76;56.2;43;28.9;1117;242.7;71
2026-07-21;04:11:27.667;60;41.025100;28.989500;88;40.6;5.5;534;39;51;46.7;15.3;1727;557.6;39;42;33;76;55.8;47.4;10.1;1966;242.9;37
2026-07-21;04:11:27.668;76;41.026100;28.990500;87;45.7;9.6;770;25;70;54.9;12.7;857;558.0;28;45;37;76;55.7;30.8;25.7;2448;243.1;86
2026-07-21;04:11:28.169;51;41.025100;28.989500;71;33.6;22.8;494;42;74;44.6;31.3;949;558.4;36;41;46;75;55.9;51.7;19.1;1146;243.2;36
2026-07-21;04:11:28.991;42;41.024100;28.988500;73;35.4;19.3;278;25;74;50.1;7.3;1490;558.8;40;45;34;75;55.4;43.9;30.8;1376;243.4;84
2026-07-21;04:11:28.991;60;41.023100;28.987500;76;36;7.1;376;43;61;55.7;36.1;1196;559.1;29;44;35;75;55.6;46.9;29.5;2433;243.5;82
2026-07-21;04:11:29.088;30;41.022100;28.986500;75;39.7;20.3;209;33;54;58.6;12.1;1183;559.4;33;29;45;74;56.0;53;37.8;2310;243.6;22
2026-07-21;04:11:30.016;30;41.021100;28.985500;62;49.6;9.9;432;26;55;45.7;20.5;1901;559.5;28;38;38;74;55.8;39.3;33.8;2046;243.7;22
2026-07-21;04:11:30.088;56;41.020100;28.984500;75;38.1;14.1;257;34;61;55.5;7.7;1305;559.8;44;46;43;74;55.7;47.3;42.1;2255;243.8;52
2026-07-21;04:11:30.159;89;41.019100;28.983500;78;41.4;13.3;404;36;50;46.6;5.7;1254;560.1;38;44;47;74;56.1;34.9;46.1;1503;243.9;57
2026-07-21;04:11:31.581;47;41.018100;28.982500;84;43.3;8.1;420;33;59;50.1;25.8;1025;560.3;37;44;33;74;55.8;47.6;27;1710;244.0;30
2026-07-21;04:11:31.653;24;41.017100;28.981500;94;39.5;8;456;44;52;41.6;5.3;1643;560.7;37;29;33;74;55.8;33.1;7.2;2105;244.1;46
2026-07-21;04:11:31.654;70;41.016100;28.980500;61;32;15.5;351;31;66;59.6;25.2;769;560.9;43;33;31;74;55.4;49.9;26.9;589;244.2;46
2026-07-21;04:11:31.724;83;41.015100;28.979500;99;40.2;11.2;617;34;71;48.9;28.8;821;561.0;35;46;43;74;55.3;54.4;17.2;901;244.3;22
2026-07-21;04:11:31.724;88;41.016100;28.980500;83;34.6;14.2;268;43;73;55.9;30.6;1864;561.3;30;29;36;74;55.1;59.6;44.7;1792;244.4;30
2026-07-21;04:11:32.631;39;41.017100;28.981500;90;38.6;7.2;250;35;74;48.9;23.2;1839;561.5;25;36;43;75;55.3;54.5;41;645;244.6;38
2026-07-21;04:11:32.928;25;41.018100;28.982500;64;47;8.7;539;29;62;43.3;38.5;794;561.8;39;36;32;75;55.8;40.5;16.7;1736;244.7;30
2026-07-21;04:11:32.960;66;41.019100;28.983500;62;38.6;23.7;715;35;59;41.7;23;1372;562.0;44;43;35;76;55.8;34.4;38.1;2219;244.8;21
2026-07-21;04:11:33.104;49;41.020100;28.984500;64;34.8;12.1;433;32;65;58.8;13.5;598;562.4;42;41;46;76;55.5;53.1;44.1;387;245.0;38
2026-07-21;04:11:33.958;23;41.021100;28.985500;97;38.2;18.4;521;29;62;55.3;23;1248;562.8;37;37;31;76;55.5;36.7;36.5;1773;245.1;30
2026-07-21;04:11:33.958;63;41.022100;28.986500;71;43.6;19.7;531;29;59;46.8;11.6;558;563.0;28;38;47;76;55.7;57.2;7.8;1020;245.2;76
2026-07-21;04:11:34.231;78;41.023100;28.987500;96;43.7;7.4;735;43;50;45.1;18.6;595;563.3;26;46;33;75;55.3;44.7;11.6;2419;245.4;36
2026-07-21;04:11:35.105;42;41.024100;28.988500;84;47.9;12;211;30;71;42.5;26.8;1967;563.5;37;40;31;75;55.0;32.8;6.2;1404;245.5;38
2026-07-21;04:11:35.107;60;41.025100;28.989500;85;32.6;21.1;360;27;54;57.6;18.6;831;564.0;27;28;33;75;55.0;33.4;44.1;407;245.7;49
2026-07-21;04:11:35.178;52;41.026100;28.990500;70;38.6;15.3;510;28;50;40.5;37.1;1148;564.3;33;39;48;75;54.9;43.8;11.4;1227;245.8;73
2026-07-21;04:11:36.606;46;41.025100;28.989500;87;30.9;24.7;373;42;66;48.4;22.5;1105;564.8;34;44;44;74;55.2;46.2;36;1928;245.9;60
2026-07-21;04:11:36.678;64;41.024100;28.988500;61;49.2;6.3;786;29;70;50.3;36.9;1645;564.9;35;33;34;73;55.4;44.8;36.1;2222;245.9;85
2026-07-21;04:11:36.679;59;41.023100;28.987500;79;43.2;22;235;39;54;43.9;15.2;1195;565.0;44;32;36;73;55.7;39.4;13;2322;246.1;76
2026-07-21;04:11:36.751;43;41.022100;28.986500;88;33.1;7.2;635;33;51;53.5;8.5;787;565.4;43;35;35;74;56.0;30.1;37.7;1517;246.2;89
2026-07-21;04:11:36.823;37;41.021100;28.985500;97;45;15.7;778;32;59;57.6;22.6;1210;565.6;26;43;41;75;56.2;31.2;25.9;1163;246.2;45
2026-07-21;04:11:37.165;63;41.020100;28.984500;96;35.5;8;651;33;71;54.6;13;1540;565.9;44;39;33;75;56.3;53.1;47.6;1837;246.3;57
2026-07-21;04:11:37.952;71;41.019100;28.983500;81;47.9;11.9;505;32;57;40.9;38.3;946;566.3;39;36;33;75;56.7;42.5;5.5;1556;246.5;39
2026-07-21;04:11:37.952;67;41.018100;28.982500;83;30.8;12.9;266;37;60;56;31.5;1738;566.6;33;45;44;75;56.5;56.3;9.7;939;246.6;86
2026-07-21;04:11:38.225;79;41.017100;28.981500;86;34.7;18.3;350;32;55;59.2;8.3;1004;567.0;33;29;45;75;56.6;42.8;47;1045;246.8;68
2026-07-21;04:11:39.093;65;41.016100;28.980500;95;42.9;7.8;425;33;60;47.8;13.6;1884;567.2;31;30;49;76;56.3;43.3;42.6;743;246.9;64
2026-07-21;04:11:39.093;34;41.015100;28.979500;62;46.2;19.5;590;25;50;59.4;10.1;1328;567.6;32;32;31;76;56.2;30.5;29;1709;247.1;70
2026-07-21;04:11:39.165;34;41.016100;28.980500;75;37.3;9;769;33;67;52.8;38.9;1682;568.0;30;31;37;75;56.3;43.9;16.6;496;247.3;22
2026-07-21;04:11:40.572;86;41.017100;28.981500;89;38.6;8.4;210;35;73;59.2;23.5;1589;568.2;27;46;49;76;56.5;46.8;30.5;1422;247.4;79
2026-07-21;04:11:40.645;46;41.018100;28.982500;83;37.8;24.7;796;30;71;51.7;38.4;1280;568.4;38;46;46;76;56.1;42.8;39.5;1025;247.5;69
2026-07-21;04:11:40.645;89;41.019100;28.983500;94;41.3;17.9;500;29;57;40.4;28.9;1015;568.8;29;44;37;76;55.9;42.5;39.3;2298;247.6;31
2026-07-21;04:11:40.719;71;41.020100;28.984500;91;41.2;24.6;560;43;53;40.5;8.4;873;569.2;35;31;44;77;56.3;34.6;14;1387;247.7;32
2026-07-21;04:11:40.720;42;41.021100;28.985500;86;40.7;9.7;269;42;50;48.9;25.1;1357;569.4;38;41;47;78;56.3;55.1;7.3;931;247.8;39
2026-07-21;04:11:41.164;23;41.022100;28.986500;98;32.1;10.3;542;29;74;58.9;16.8;1237;569.7;32;43;30;78;56.8;54.1;41;1099;247.9;51
2026-07-21;04:11:41.968;20;41.023100;28.987500;92;32.8;8.6;480;32;52;51.6;9.5;1581;570.1;42;41;35;77;56.7;44.1;27.9;1879;247.9;79
2026-07-21;04:11:41.969;76;41.024100;28.988500;84;30.3;10.5;316;44;52;42.8;39.8;1028;570.2;33;40;43;77;56.6;50.2;29.9;2210;248.1;65
2026-07-21;04:11:42.240;22;41.025100;28.989500;85;38.6;10.8;530;41;73;42.5;24.2;837;570.6;33;29;47;76;56.9;41.8;26.6;510;248.2;41
2026-07-21;04:11:43.123;56;41.026100;28.990500;93;40;6.7;798;27;73;58.6;6.1;1569;570.7;36;40;41;75;57.4;39.7;21;2254;248.3;48
2026-07-21;04:11:43.124;56;41.025100;28.989500;93;40.3;14.8;459;32;54;55.2;16.2;1591;571.0;40;45;48;76;56.9;37.5;39.5;1163;248.4;30
2026-07-21;04:11:43.195;46;41.024100;28.988500;84;49.1;23.8;324;43;51;47.2;20;1550;571.4;38;36;31;77;57.4;32.9;22.1;930;248.5;38
2026-07-21;04:11:44.122;39;41.023100;28.987500;93;31;5.1;691;31;66;54.7;36.2;1032;571.5;31;34;46;76;57.1;31.8;38.5;417;248.6;45
2026-07-21;04:11:44.194;38;41.022100;28.986500;64;47.9;7;619;28;50;47.4;34.6;726;571.8;30;44;31;77;57.5;57;43;1327;248.8;48
2026-07-21;04:11:44.195;46;41.021100;28.985500;94;46.3;9.8;494;44;58;57.5;27.1;537;572.0;30;34;40;76;57.1;55;12.1;2089;248.9;56
2026-07-21;04:11:45.658;23;41.020100;28.984500;95;30.2;15.9;562;39;51;47.8;5.5;777;572.4;28;29;33;75;57.1;45.6;7.5;1056;248.9;32
2026-07-21;04:11:45.728;80;41.019100;28.983500;88;34;8.3;301;40;72;45.1;38.3;1914;572.6;30;41;33;74;57.2;50;28.4;1256;249.1;76
2026-07-21;04:11:45.729;79;41.018100;28.982500;77;46.7;15.7;347;27;60;49.4;24.5;596;572.9;39;46;40;74;56.8;31.7;7.1;1232;249.3;34
2026-07-21;04:11:45.729;32;41.017100;28.981500;90;41.7;8;669;44;72;51.6;20;1561;573.1;28;38;42;74;57.0;30.5;14.8;1522;249.4;89
2026-07-21;04:11:45.800;25;41.016100;28.980500;70;41.4;16.9;385;27;67;40.3;9.5;667;573.4;30;30;43;75;57.2;33;15.5;2386;249.6;43
2026-07-21;04:11:46.211;55;41.015100;28.979500;90;31.1;22.6;562;32;63;59.3;23.9;1568;573.5;35;46;39;74;57.0;36;12.4;493;249.8;82
2026-07-21;04:11:46.986;31;41.016100;28.980500;84;42;23.2;560;42;52;56.7;25.3;688;573.9;35;34;42;75;57.1;50.4;30;2389;249.9;41
2026-07-21;04:11:46.987;54;41.017100;28.981500;65;33.7;17.1;255;35;59;52.8;30.6;733;574.3;34;28;43;75;57.6;35.9;27;1575;250.0;33
2026-07-21;04:11:47.249;67;41.018100;28.982500;88;30.2;19.9;378;37;73;42.9;35.2;983;574.7;38;30;37;74;57.7;32.5;41.1;1953;250.2;24
2026-07-21;04:11:48.100;72;41.019100;28.983500;76;35.3;23.6;654;26;68;59.5;32.6;1418;574.9;43;36;40;75;57.2;53.9;16.6;2257;250.4;22
2026-07-21;04:11:48.171;53;41.020100;28.984500;72;41.4;14.4;557;31;68;45.8;27.8;1868;575.3;40;42;47;74;57.4;35.7;22.2;1346;250.4;34
2026-07-21;04:11:48.175;21;41.021100;28.985500;66;40.7;12.1;667;38;66;46.8;39.2;1118;575.6;42;34;30;74;57.6;55;42.8;2180;250.6;30
2026-07-21;04:11:49.137;39;41.022100;28.986500;61;46.7;12.6;461;31;54;56.3;27.4;1107;575.9;34;31;41;74;57.7;50.9;25.7;1089;250.7;61
2026-07-21;04:11:49.208;70;41.023100;28.987500;61;43;6.6;480;30;58;56.5;19.6;636;576.0;44;39;49;73;57.5;57.3;5.7;1771;250.8;57
2026-07-21;04:11:49.209;62;41.024100;28.988500;72;47.1;11.7;385;32;65;46.3;13.7;1720;576.2;29;41;45;73;57.2;41.4;17.2;605;251.0;46
2026-07-21;04:11:50.647;37;41.025100;28.989500;70;45.4;10.5;234;44;61;43.6;21.1;1799;576.6;31;28;37;73;57.1;36.2;15;1337;251.1;24
2026-07-21;04:11:50.718;68;41.026100;28.990500;87;48.4;8.6;798;33;54;51.1;20.4;1880;576.9;25;46;42;73;56.9;46.8;46;959;251.2;26
2026-07-21;04:11:50.718;25;41.025100;28.989500;72;31.9;8.4;689;43;65;55.5;36.7;569;577.1;28;39;38;73;56.5;42.7;48.2;1006;251.3;83
2026-07-21;04:11:50.719;56;41.024100;28.988500;71;34.4;9.3;239;39;68;41;16.3;953;577.2;35;43;33;73;56.0;55.1;45.6;1953;251.5;78
2026-07-21;04:11:50.790;28;41.023100;28.987500;89;41.9;21.1;373;32;66;46;25.4;1336;577.5;32;35;48;74;56.0;32.8;36.9;625;251.6;46
2026-07-21;04:11:51.205;78;41.022100;28.986500;76;47.5;9.1;747;40;62;42.6;26.6;1729;577.7;30;43;31;73;56.1;44.2;28.3;2221;251.6;61
2026-07-21;04:11:51.970;48;41.021100;28.985500;84;48.8;8.3;736;30;50;55;27;1730;578.0;31;39;47;74;56.3;48.8;38.4;1708;251.7;73
2026-07-21;04:11:51.970;52;41.020100;28.984500;84;43.1;9;652;36;56;44.2;36.3;1006;578.3;42;36;41;73;56.5;58.5;45.8;2258;251.8;77
2026-07-21;04:11:52.239;89;41.019100;28.983500;60;49.8;24.1;694;40;51;40.8;29.5;1256;578.7;32;34;31;73;56.7;31.6;7.6;1099;251.9;45
2026-07-21;04:11:53.586;80;41.018100;28.982500;82;46.2;22.3;590;39;66;55.3;39.8;800;578.9;32;47;45;74;56.9;40.2;20.5;2340;252.1;27
2026-07-21;04:11:53.659;88;41.017100;28.981500;79;37.7;13.5;462;30;72;53.6;22.5;1988;579.0;44;28;37;75;57.0;47.4;49.1;1445;252.1;63
2026-07-21;04:11:53.660;82;41.016100;28.980500;98;31.4;11.7;482;36;58;53.3;14.4;1176;579.4;37;46;47;75;56.8;42.1;13.6;1822;252.2;50
2026-07-21;04:11:53.732;47;41.015100;28.979500;64;39.6;21.3;213;32;72;52.1;24.6;1527;579.6;39;36;45;75;56.6;46.1;43.4;722;252.3;80
2026-07-21;04:11:53.805;25;41.016100;28.980500;98;30.2;14.3;412;44;51;42.9;36;1368;579.8;25;31;33;75;56.2;59.5;40.2;2252;252.4;73
2026-07-21;04:11:54.136;88;41.017100;28.981500;71;46.1;18.3;591;39;69;52.3;6.6;1086;580.0;44;31;33;75;55.9;42.9;46;727;252.5;28
2026-07-21;04:11:55.002;83;41.018100;28.982500;82;45;24.5;409;42;73;54.9;17.3;1590;580.2;36;34;45;75;55.8;32.4;38.6;1423;252.6;69
2026-07-21;04:11:55.004;36;41.019100;28.983500;86;43.9;12;328;30;50;52.2;9.7;1791;580.5;36;33;33;75;56.1;57.6;25.2;2099;252.8;79
2026-07-21;04:11:55.272;36;41.020100;28.984500;74;33.3;6.5;424;41;51;44.6;17.9;1434;580.9;29;41;36;75;55.7;50.9;10;979;252.9;33
2026-07-21;04:11:56.617;81;41.021100;28.985500;67;31.6;24.2;452;37;69;42.6;6;1806;581.3;31;38;33;74;56.0;39.4;9;618;252.9;45
2026-07-21;04:11:56.694;27;41.022100;28.986500;92;32.1;15.7;357;31;57;44.3;34.6;1973;581.7;38;36;49;75;56.4;40.7;12.1;431;253.0;80
2026-07-21;04:11:56.695;56;41.023100;28.987500;75;49.7;14.2;393;25;68;58.7;28.5;1014;581.9;28;38;30;75;56.2;33.8;47;2151;253.1;51
2026-07-21;04:11:56.761;85;41.024100;28.988500;66;35.9;17;566;37;58;48;11.7;1979;582.4;43;35;33;76;56.2;59.8;49.5;340;253.2;73
2026-07-21;04:11:56.762;80;41.025100;28.989500;71;40.5;13.6;761;41;50;44.3;11.5;1754;582.9;38;41;42;76;55.8;41.3;34.5;398;253.4;37
2026-07-21;04:11:57.262;46;41.026100;28.990500;87;39.5;20.8;671;30;71;40;36.7;1047;583.4;35;43;31;75;55.4;39.8;29.2;2185;253.5;77
2026-07-21;04:11:58.095;44;41.025100;28.989500;67;31.7;7.5;221;34;59;47;33.1;589;583.6;27;36;35;76;55.7;47.7;32.1;2321;253.6;39
2026-07-21;04:11:58.096;78;41.024100;28.988500;73;35.3;14.1;560;30;73;53.7;10.9;1817;584.0;32;39;32;76;55.3;43;42.9;2118;253.8;37
2026-07-21;04:11:58.169;67;41.023100;28.987500;71;35.7;13.3;762;40;59;42;32.2;1105;584.1;31;34;38;76;55.1;45.4;42.5;1156;253.9;54
2026-07-21;04:11:59.599;76;41.022100;28.986500;78;32.2;13.6;553;25;56;54.4;22.3;942;584.2;44;31;41;76;54.8;43.4;27.7;543;254.0;78
2026-07-21;04:11:59.670;59;41.021100;28.985500;91;38.6;21.6;254;41;67;43.7;10.9;1000;584.6;41;28;39;75;54.5;45.5;25.9;2071;254.2;69
2026-07-21;04:11:59.670;70;41.020100;28.984500;69;42.1;19.8;718;38;59;55.5;14.9;1880;585.0;25;37;39;74;54.7;57.5;20.7;2429;254.3;70
2026-07-21;04:11:59.742;59;41.019100;28.983500;90;44.1;5.7;422;26;55;49.1;35.7;1181;585.5;34;30;48;73;54.8;49.4;17.2;1343;254.5;32
2026-07-21;04:11:59.742;54;41.018100;28.982500;65;42.6;9.6;482;36;66;49.4;33.5;1314;585.9;32;46;37;73;54.7;33.8;28.9;2214;254.6;44
2026-07-21;04:12:00.177;23;41.017100;28.981500;84;39.3;8.6;391;34;61;54;7.9;1249;586.0;25;41;30;72;54.5;39.9;8.2;912;254.6;51
2026-07-21;04:12:01.046;87;41.016100;28.980500;80;39.8;6.5;629;30;59;44.4;37.6;793;586.4;31;33;36;73;54.9;56.4;48.7;720;254.8;69
2026-07-21;04:12:01.046;40;41.015100;28.979500;63;33.6;19.6;472;29;62;52.3;20.2;1016;586.9;31;39;33;73;54.4;51.2;9.7;1948;254.8;87
2026-07-21;04:12:01.314;37;41.016100;28.980500;67;31.9;23.9;476;31;67;41.7;32.6;1747;587.4;29;39;40;73;54.5;44.5;36.7;1663;255.0;52
2026-07-21;04:12:02.183;52;41.017100;28.981500;64;38.2;12.8;753;26;59;57.9;22.1;1454;587.5;39;44;47;73;54.5;46;37.5;489;255.1;50
2026-07-21;04:12:02.183;79;41.018100;28.982500;74;44.5;12.3;667;29;58;52.3;10.9;1053;587.7;29;37;39;73;54.1;42.6;11;1099;255.2;34
2026-07-21;04:12:02.255;30;41.019100;28.983500;85;31.6;19.7;614;43;53;49.5;13.7;975;588.2;29;29;49;72;54.4;38.1;23.9;1336;255.3;77
2026-07-21;04:12:03.399;88;41.020100;28.984500;96;42.7;23.1;751;29;60;41.5;9;1284;588.6;25;30;30;71;54.6;49.7;27.2;2239;255.3;43
2026-07-21;04:12:03.473;21;41.021100;28.985500;92;49.5;12.3;698;31;58;54.8;36.3;1595;588.7;32;44;30;71;54.4;50.1;10.9;1816;255.4;43
2026-07-21;04:12:03.473;47;41.022100;28.986500;87;45.4;10.2;657;43;74;51.6;15.3;1407;588.9;26;37;43;71;54.3;34.7;17.4;1965;255.5;24
2026-07-21;04:12:03.886;43;41.023100;28.987500;80;50;22.7;508;36;60;48.1;12.4;1918;589.1;43;39;36;70;54.6;40.1;6.9;855;255.7;44
2026-07-21;04:12:03.886;67;41.024100;28.988500;93;36;19.5;650;41;66;50;18.4;1036;589.4;26;29;45;71;54.9;56;28.6;1316;255.8;56
2026-07-21;04:12:04.257;86;41.025100;28.989500;76;35.9;18.6;269;27;73;48.6;36.7;997;589.8;43;46;35;70;55.0;44.6;31.6;2325;255.9;33
2026-07-21;04:12:05.100;62;41.026100;28.990500;77;41.3;21.2;601;44;61;42.8;36.3;1476;589.9;25;41;33;71;55.5;36.7;31.2;333;256.0;52
2026-07-21;04:12:05.100;39;41.025100;28.989500;75;35.2;7.2;486;32;55;43.7;10.2;1259;590.4;38;31;38;71;55.1;43.1;5.6;1008;256.1;68
2026-07-21;04:12:05.173;77;41.024100;28.988500;88;42.6;6.2;693;33;63;49.4;24.1;1062;590.8;44;47;30;72;54.8;51.6;40.5;571;256.2;36
2026-07-21;04:12:06.577;37;41.023100;28.987500;99;35;17.1;546;33;67;54.8;12.4;748;591.0;29;36;41;71;54.5;53.1;33.4;1639;256.4;71
2026-07-21;04:12:06.653;64;41.022100;28.986500;63;46.6;24.8;243;33;60;49.8;10.4;923;591.5;41;47;44;71;54.2;36.3;10.7;1230;256.6;50
2026-07-21;04:12:06.653;72;41.021100;28.985500;87;30.1;11.1;447;33;57;49.2;30.1;1486;591.8;39;39;41;70;53.9;42.1;27;774;256.7;57
2026-07-21;04:12:06.728;42;41.020100;28.984500;97;31.5;5.3;312;35;55;45.4;21.6;730;592.0;44;28;33;69;53.6;43.7;32.9;1910;256.8;50
2026-07-21;04:12:06.799;75;41.019100;28.983500;88;39.8;20.7;257;39;69;54.8;12.7;1975;592.3;37;33;30;69;53.7;50.7;45.3;1012;256.9;24
2026-07-21;04:12:07.688;41;41.018100;28.982500;60;46.1;10.2;242;39;74;41.4;21.9;1066;592.7;36;43;41;69;53.5;47.7;40.6;315;257.1;60
2026-07-21;04:12:07.984;71;41.017100;28.981500;69;48.7;24.3;680;44;68;53.6;19.3;895;593.0;26;43;36;69;53.1;41.2;8.2;2101;257.2;53
2026-07-21;04:12:08.017;71;41.016100;28.980500;63;46.1;14.4;566;37;55;43.3;12.9;1910;593.3;28;30;41;69;53.3;48;9.6;1191;257.3;71
2026-07-21;04:12:08.384;72;41.015100;28.979500;95;32.6;22.3;441;29;73;54.1;20.7;936;593.5;37;28;44;69;52.9;49.4;10.2;803;257.4;75
2026-07-21;04:12:09.198;44;41.016100;28.980500;69;31.6;6.4;647;30;56;48.3;14.1;1990;593.9;29;46;41;69;53.0;45.7;29.3;564;257.5;79
2026-07-21;04:12:09.198;48;41.017100;28.981500;87;31.7;21.3;582;27;63;58.8;9.6;1981;594.3;25;46;37;68;52.9;40.1;36.6;813;257.6;26
2026-07-21;04:12:09.270;79;41.018100;28.982500;88;43.4;9;235;25;50;49.8;6.5;896;594.7;36;44;38;68;53.0;38.4;20.1;1522;257.7;88
2026-07-21;04:12:10.692;52;41.019100;28.983500;84;35;22.8;291;28;68;48.5;5.5;1042;595.0;37;43;41;69;53.1;44.5;39.9;641;257.8;21
2026-07-21;04:12:10.762;70;41.020100;28.984500;87;36.8;18;317;38;61;52.8;38.4;1514;595.2;25;46;35;68;52.9;30;44.7;455;257.9;64
2026-07-21;04:12:10.763;40;41.021100;28.985500;68;47.8;15.8;489;43;52;45.8;28.8;567;595.5;29;43;39;69;52.5;47.6;9.1;958;258.1;41
2026-07-21;04:12:10.835;71;41.022100;28.986500;84;44.5;6.8;276;26;66;41.6;21.2;1112;596.0;40;37;30;69;52.4;43.3;39;1865;258.3;50
2026-07-21;04:12:10.835;75;41.023100;28.987500;61;47.7;23.5;651;32;60;45.1;5.8;1866;596.1;44;45;46;69;52.4;59.1;46.3;506;258.4;80
2026-07-21;04:12:11.276;76;41.024100;28.988500;65;44.9;18;727;43;69;55;8.7;1316;596.5;31;41;45;69;52.2;41.7;32.3;1856;258.6;21
2026-07-21;04:12:12.099;82;41.025100;28.989500;71;45.6;6.2;396;30;50;58.5;36.2;1693;596.6;26;36;46;70;52.2;32.1;15.8;2111;258.6;66
2026-07-21;04:12:12.100;20;41.026100;28.990500;65;39.9;11.7;546;42;64;56.4;37.2;700;597.0;28;36;35;70;52.0;39.8;20.8;1208;258.8;39
2026-07-21;04:12:12.173;57;41.025100;28.989500;74;42;17.1;444;36;74;57.8;15.4;1387;597.3;38;41;45;69;52.1;34.4;19.6;2324;258.9;24
2026-07-21;04:12:13.586;27;41.024100;28.988500;76;39.5;21.4;612;29;66;48.3;34.5;1283;597.5;30;44;37;69;51.7;45;5.2;1186;259.0;48
2026-07-21;04:12:13.658;80;41.023100;28.987500;65;31.4;21.7;316;30;59;55.9;20.2;1134;597.7;35;35;49;68;51.6;56;24;390;259.1;82
2026-07-21;04:12:13.658;23;41.022100;28.986500;83;34;19.2;485;39;71;55;24.5;1070;597.8;32;45;41;67;51.4;48.5;21.3;1604;259.2;65
2026-07-21;04:12:13.777;33;41.021100;28.985500;70;43.7;10.4;413;29;71;50.5;27.7;1162;598.2;41;39;31;67;51.8;31.5;42.6;1476;259.4;20
2026-07-21;04:12:13.850;43;41.020100;28.984500;85;50;24.3;597;26;74;50.7;17.6;1540;598.5;37;36;37;66;51.6;35.6;20.4;1150;259.5;77
2026-07-21;04:12:14.475;89;41.019100;28.983500;70;32.1;13.7;662;27;56;58.1;7.8;1040;598.7;35;40;39;67;51.1;45.6;41.7;2088;259.7;21
2026-07-21;04:12:15.233;67;41.018100;28.982500;81;34.3;15;303;33;72;55.2;17.2;953;598.9;31;29;37;67;50.8;51.8;31;347;259.9;74
2026-07-21;04:12:15.234;89;41.017100;28.981500;92;48.1;20;640;25;53;58.6;29.7;1586;599.2;38;47;32;68;50.8;30.7;30.6;1768;260.0;87
2026-07-21;04:12:15.305;27;41.016100;28.980500;91;49.3;20.9;316;43;51;47.3;25.4;1138;599.5;30;31;49;67;50.7;56.4;26.8;2072;260.1;78
2026-07-21;04:12:16.717;51;41.015100;28.979500;91;40.8;17.6;545;43;55;58.9;27.6;1855;599.7;38;31;40;67;50.8;36.1;22.8;1111;260.3;65
2026-07-21;04:12:16.790;50;41.016100;28.980500;67;41;24.8;239;41;72;45.8;21.5;1303;599.9;33;32;49;66;50.7;41.7;19.9;1282;260.4;76
2026-07-21;04:12:16.791;50;41.017100;28.981500;98;44.5;13.6;714;38;55;45.1;29.3;1274;600.2;35;28;33;66;50.5;52.2;22.1;1674;260.6;88
2026-07-21;04:12:16.791;23;41.018100;28.982500;67;40.7;6.5;603;25;67;55.1;8.2;1526;600.6;36;28;46;67;50.9;34.6;20.3;789;260.7;35
2026-07-21;04:12:16.863;27;41.019100;28.983500;80;30.3;6.1;307;32;59;42.4;27.8;827;601.0;32;36;35;68;50.7;44.7;35.6;755;260.8;47
2026-07-21;04:12:17.262;41;41.020100;28.984500;76;41.8;7.3;227;39;51;42.9;9.1;1907;601.2;41;29;49;68;51.0;36.4;15.2;2199;260.8;25
2026-07-21;04:12:18.089;57;41.021100;28.985500;91;41.9;20.2;303;39;68;56;30.6;1786;601.4;43;39;43;69;51.0;49.5;48.6;1429;260.9;30
2026-07-21;04:12:18.089;58;41.022100;28.986500;82;33.7;16.8;278;30;70;47.7;29.2;1640;601.8;29;47;35;68;51.4;54;15.8;1319;261.1;38
2026-07-21;04:12:18.358;30;41.023100;28.987500;61;35.3;10.4;267;33;56;46.3;6.4;989;602.0;32;42;41;67;51.7;58;14.7;1481;261.2;88
2026-07-21;04:12:19.729;24;41.024100;28.988500;67;48.6;20.8;636;32;60;44.7;15;1722;602.4;29;29;37;67;51.6;39.5;16.1;1660;261.4;89
2026-07-21;04:12:19.816;84;41.025100;28.989500;71;39.5;24.5;466;42;51;47.4;8.1;609;602.9;39;42;45;66;51.2;57.7;25.2;493;261.6;58
2026-07-21;04:12:19.817;89;41.026100;28.990500;89;42.6;15.6;252;30;72;55.6;28.1;779;603.1;25;31;39;67;51.1;50.1;28.8;755;261.8;35
2026-07-21;04:12:20.017;52;41.025100;28.989500;88;34.1;10.5;741;29;51;56.3;27.2;583;603.3;41;43;45;67;51.2;55.3;22;1297;262.0;44
2026-07-21;04:12:20.206;58;41.024100;28.988500;95;33.3;14.7;406;39;61;42.7;21.9;1302;603.6;41;36;30;67;51.3;38.3;16.8;988;262.2;39
2026-07-21;04:12:20.385;84;41.023100;28.987500;82;38.4;14.2;533;26;74;45.1;6.1;1929;603.8;31;43;35;66;51.0;52.2;31.7;1485;262.2;37
2026-07-21;04:12:21.205;46;41.022100;28.986500;85;43.5;15.6;431;25;58;58;26.3;1086;603.9;39;29;32;67;51.0;38.7;26.2;2304;262.3;50
2026-07-21;04:12:21.206;39;41.021100;28.985500;88;40.9;5.2;626;26;72;54.5;22.4;744;604.3;41;46;32;67;50.7;36.9;44.2;1908;262.5;41
2026-07-21;04:12:21.277;32;41.020100;28.984500;79;46.2;22;788;27;73;43.5;5.1;1236;604.5;40;44;30;67;50.8;57.8;17.5;376;262.7;82
2026-07-21;04:12:22.716;47;41.019100;28.983500;92;34.9;8.9;211;44;59;42.8;8.4;564;604.9;44;37;48;67;50.4;47.8;19.6;1268;262.9;52
2026-07-21;04:12:22.787;66;41.018100;28.982500;69;35.8;23.6;403;36;70;49.4;22.5;1514;605.3;42;31;38;67;50.0;32.1;28;1567;263.0;73
2026-07-21;04:12:22.788;47;41.017100;28.981500;81;47;13;455;37;60;56.9;21;754;605.5;29;39;36;66;49.8;37.7;9.6;984;263.1;56
2026-07-21;04:12:22.859;80;41.016100;28.980500;95;40.8;8.9;460;31;70;43.7;5.8;1730;605.8;38;47;39;66;49.8;54;11.6;1734;263.2;58
2026-07-21;04:12:22.941;43;41.015100;28.979500;95;39.6;10.8;705;27;52;58.3;8.6;1525;606.2;33;45;33;65;49.9;35;24.6;415;263.3;33
2026-07-21;04:12:23.316;22;41.016100;28.980500;85;38.8;9;634;38;69;45.6;37.8;1640;606.3;38;28;41;65;49.8;42.5;7.2;345;263.4;69
2026-07-21;04:12:24.076;82;41.017100;28.981500;65;45.6;14.4;290;25;73;51.3;38.7;603;606.5;32;47;43;64;50.0;52.9;16.9;2321;263.6;64
2026-07-21;04:12:24.076;66;41.018100;28.982500;95;32.3;23.7;795;39;59;57.8;9.3;1758;606.7;25;30;47;63;50.1;38.8;22.7;748;263.6;83
2026-07-21;04:12:24.348;29;41.019100;28.983500;70;42.4;23.9;786;39;65;45.6;26;1955;606.9;33;31;30;63;50.6;38;5.1;565;263.8;69
2026-07-21;04:12:25.215;80;41.020100;28.984500;62;40.6;24.9;311;29;55;47.6;27.4;1057;607.1;30;39;35;63;50.6;44.5;17.6;1612;263.8;34
2026-07-21;04:12:25.216;82;41.021100;28.985500;61;35.5;16.9;718;30;65;46.9;33.8;1661;607.3;32;32;45;62;51.1;48.4;44.7;523;264.0;36
2026-07-21;04:12:25.287;25;41.022100;28.986500;92;44.2;20.9;617;30;53;52.7;24.8;1464;607.6;29;30;39;61;50.7;36.5;31.4;2106;264.1;52
2026-07-21;04:12:26.784;30;41.023100;28.987500;80;45;13.7;415;25;68;43.2;27.2;1935;607.8;39;36;36;62;50.2;30;19.7;886;264.3;25
2026-07-21;04:12:26.856;32;41.024100;28.988500;99;40.2;20.9;348;36;50;54.4;8.6;620;608.1;42;32;38;61;50.1;45.1;44.1;1344;264.4;63
2026-07-21;04:12:26.857;33;41.025100;28.989500;77;39.6;17.5;623;27;59;48.9;7.1;1502;608.6;33;41;37;61;50.0;47.2;44;762;264.6;86
2026-07-21;04:12:26.857;34;41.026100;28.990500;98;36.4;8.1;301;33;56;41.5;38.3;1610;608.8;32;44;31;61;49.9;52.3;28.9;1677;264.6;21
2026-07-21;04:12:26.930;46;41.025100;28.989500;75;30.2;14.3;606;26;73;58.7;21.4;577;609.2;27;29;49;62;49.8;52.6;15.9;1983;264.7;61
2026-07-21;04:12:27.309;41;41.024100;28.988500;66;30.8;21.2;435;25;64;47.9;29.6;1502;609.5;39;46;38;62;49.4;54.8;15.8;2207;264.9;46
2026-07-21;04:12:28.117;34;41.023100;28.987500;73;40.3;16;411;34;72;52.7;9.8;1137;609.8;34;42;33;62;49.1;59.2;12.3;1169;265.1;77
2026-07-21;04:12:28.118;77;41.022100;28.986500;88;37.4;13.2;562;25;73;58.8;14;787;610.1;25;36;48;61;49.0;54.5;40.8;858;265.2;69
2026-07-21;04:12:28.392;28;41.021100;28.985500;78;46.4;15.3;756;42;57;45.8;5.7;1815;610.4;38;46;37;61;49.0;37.5;21.3;1780;265.3;64
2026-07-21;04:12:29.267;44;41.020100;28.984500;70;36.4;8;426;26;56;46.7;19.9;1139;610.6;44;39;48;62;49.1;59.8;25.6;1762;265.4;84
2026-07-21;04:12:29.268;89;41.019100;28.983500;92;33.8;18.9;293;43;54;51.7;24.1;1273;610.9;43;33;44;61;49.5;52.2;45.6;1260;265.6;59
2026-07-21;04:12:29.268;64;41.018100;28.982500;81;30.7;5.1;376;31;72;43.6;23.7;1154;611.2;40;44;36;61;49.7;54.1;7.4;1876;265.7;33
2026-07-21;04:12:30.258;82;41.017100;28.981500;99;35.5;10.2;541;42;74;40.1;7.3;941;611.5;44;33;46;60;50.1;49.5;19;1364;265.8;69
2026-07-21;04:12:30.334;33;41.016100;28.980500;95;39.8;20.8;430;30;53;53.6;15.6;1531;611.8;36;35;36;61;50.1;52.6;34.7;731;266.0;34
2026-07-21;04:12:30.334;55;41.015100;28.979500;95;41.6;11.9;474;26;63;51.3;32.6;1312;612.0;44;41;46;61;50.1;44.8;45.1;328;266.1;37
2026-07-21;04:12:31.291;57;41.016100;28.980500;92;30.6;21;548;30;65;56.6;39.7;1139;612.3;36;47;46;61;50.1;57.2;32.1;342;266.2;37
2026-07-21;04:12:31.363;74;41.017100;28.981500;80;44.6;19.2;494;33;61;55.2;18.9;1275;612.7;39;43;39;61;50.1;57.6;29;708;266.4;87
2026-07-21;04:12:31.364;70;41.018100;28.982500;88;39.4;7.9;519;36;52;48.9;19.2;1840;613.0;30;41;44;61;49.8;45.3;29.7;1168;266.4;71
2026-07-21;04:12:32.324;83;41.019100;28.983500;96;32.5;10.4;237;44;69;58.7;25.4;1583;613.2;41;45;35;62;49.8;38.4;10.9;473;266.5;24
2026-07-21;04:12:32.396;79;41.020100;28.984500;80;40.1;22.5;638;26;61;47;24.3;1483;613.7;32;33;37;62;50.3;34.3;49.4;1509;266.6;26
2026-07-21;04:12:32.399;75;41.021100;28.985500;98;46.2;15.1;768;44;50;55.3;34.9;1998;614.2;36;37;43;63;50.3;56.7;8.8;1877;266.8;66
2026-07-21;04:12:32.889;28;41.022100;28.986500;93;39.3;16.5;755;42;74;44;18.6;1459;614.6;37;41;44;63;49.9;39.3;18;1752;266.9;80
2026-07-21;04:12:32.961;87;41.023100;28.987500;77;46.7;15.2;338;41;71;55.8;37;1774;614.8;32;40;42;62;50.0;50.4;17.9;1848;267.0;48
2026-07-21;04:12:33.257;59;41.024100;28.988500;93;48.1;18.9;400;33;69;59.1;35.5;1241;614.9;38;43;40;62;49.5;55.9;21.7;1205;267.1;29
2026-07-21;04:12:34.153;66;41.025100;28.989500;60;45.6;7.8;286;38;70;59.4;28.6;1122;615.1;34;33;42;62;49.0;47;46.5;1307;267.2;86
2026-07-21;04:12:34.225;69;41.026100;28.990500;97;49.5;19.1;217;27;55;59.3;8.7;1032;615.2;30;32;36;61;49.0;51.9;43.8;2060;267.4;53
2026-07-21;04:12:34.296;47;41.025100;28.989500;63;41.6;14;478;27;58;59.8;38.5;527;615.6;30;47;33;60;48.7;40.7;27.1;1923;267.5;36
2026-07-21;04:12:35.718;88;41.024100;28.988500;98;47;9;333;36;53;53.5;14.1;1555;616.0;42;32;38;61;49.1;39.1;21.4;2024;267.6;46
2026-07-21;04:12:35.790;62;41.023100;28.987500;76;40.6;18.6;605;32;70;40.2;12.4;1431;616.2;26;44;37;61;48.9;31.6;34.7;1451;267.8;36
2026-07-21;04:12:35.790;81;41.022100;28.986500;60;42.9;16.6;254;34;66;56;33;1852;616.4;39;33;30;61;49.4;39.2;45.3;1682;267.9;33
2026-07-21;04:12:35.862;64;41.021100;28.985500;77;31.1;15.8;455;27;62;41.9;6.7;1998;616.6;33;42;33;62;49.7;59.1;8.3;2134;268.0;69
2026-07-21;04:12:35.936;47;41.020100;28.984500;63;41.1;8.5;258;30;71;42.6;25.9;761;616.8;26;41;46;61;49.9;33.8;26.5;1702;268.2;85
2026-07-21;04:12:36.341;63;41.019100;28.983500;93;38.3;17.6;223;29;60;52;15.9;887;617.0;26;33;47;62;50.3;43.1;35.7;1853;268.3;40
2026-07-21;04:12:37.158;70;41.018100;28.982500;99;34.5;18.9;389;32;56;43.6;11.1;1098;617.4;39;33;32;62;50.2;47.5;44.4;2033;268.4;83
2026-07-21;04:12:37.158;87;41.017100;28.981500;88;30.6;22.5;530;34;68;48.5;29.5;1555;617.7;38;35;47;61;50.3;46.2;17;1530;268.4;42
2026-07-21;04:12:37.259;87;41.016100;28.980500;82;47;16.8;277;35;54;49.7;36.1;964;617.9;38;42;38;61;50.3;50.3;6.2;1691;268.6;38
2026-07-21;04:12:38.179;88;41.015100;28.979500;98;48.7;24.4;447;26;59;44.8;28;1973;618.3;37;47;47;61;50.2;43.2;41.4;1563;268.7;22
2026-07-21;04:12:38.254;68;41.016100;28.980500;83;33.3;6.9;422;38;57;47.1;22.4;1342;618.6;31;44;35;61;50.6;38.7;26.7;1309;268.9;64
2026-07-21;04:12:38.326;62;41.017100;28.981500;83;41.7;9.8;762;26;66;49.3;23.7;1939;618.9;44;37;35;61;50.9;47.8;8.2;1068;268.9;22
2026-07-21;04:12:39.712;36;41.018100;28.982500;77;35.5;15.5;758;37;69;54.4;20.6;1534;619.1;43;32;39;61;50.6;58.2;28;1736;269.0;82
2026-07-21;04:12:39.786;21;41.019100;28.983500;74;37.4;7.2;250;41;51;43.1;7.7;1983;619.5;33;47;45;61;50.4;30.8;41.1;2201;269.1;26
2026-07-21;04:12:39.786;49;41.020100;28.984500;67;41.8;22;366;30;51;53.3;31.9;1089;619.9;27;36;43;62;50.2;31.5;47.2;489;269.3;54
2026-07-21;04:12:39.856;81;41.021100;28.985500;86;31.7;15;552;30;62;56.6;14.4;999;620.0;25;40;31;62;49.7;34.8;25.6;637;269.4;43
2026-07-21;04:12:39.934;78;41.022100;28.986500;98;46.1;13.8;306;40;53;44.3;37.6;1230;620.5;38;47;35;61;49.4;43.4;20.2;1775;269.5;46
2026-07-21;04:12:40.271;38;41.023100;28.987500;71;38.1;21.5;223;28;70;54.5;12.4;622;620.9;30;39;47;61;48.9;46.6;31.3;1190;269.6;50
2026-07-21;04:12:41.134;76;41.024100;28.988500;95;44.6;10.9;216;34;74;57.8;37.1;1178;621.3;31;47;37;61;49.3;39.8;31.5;810;269.7;49
2026-07-21;04:12:41.134;55;41.025100;28.989500;68;41.4;22.4;265;38;56;48.5;10.4;1655;621.4;42;29;45;61;48.9;39.3;41.1;859;269.8;42
2026-07-21;04:12:41.409;65;41.026100;28.990500;70;36.4;20.7;781;37;61;52;36.6;506;621.5;29;28;40;61;48.7;37.8;45.8;908;269.9;21
2026-07-21;04:12:42.298;70;41.025100;28.989500;71;36.4;12.1;550;32;52;55.1;29.6;1488;621.8;37;31;48;62;48.7;53;6.9;1003;270.1;81
2026-07-21;04:12:42.298;65;41.024100;28.988500;77;41.6;18.9;570;29;60;48.7;21.5;592;622.0;25;33;44;62;48.3;55.9;20.5;1474;270.2;58
2026-07-21;04:12:42.299;23;41.023100;28.987500;88;30;24.3;495;43;50;44.5;29.2;1150;622.1;37;38;30;62;48.0;56.6;10.5;2309;270.2;24
2026-07-21;04:12:43.753;23;41.022100;28.986500;77;46.8;21.8;760;37;67;56.6;22;1577;622.2;41;46;37;61;47.7;30.7;21.2;1958;270.4;41
2026-07-21;04:12:43.830;37;41.021100;28.985500;79;37.3;8.1;599;34;69;57.2;24.4;1181;622.6;27;43;32;62;47.8;41.2;32.3;714;270.5;39
2026-07-21;04:12:43.830;86;41.020100;28.984500;93;41.6;19;376;27;60;59.6;28.1;1431;622.9;26;42;35;62;48.0;59.9;39.6;1875;270.6;45
2026-07-21;04:12:43.899;57;41.019100;28.983500;89;39.7;24.7;442;40;72;50.9;25.7;1298;623.3;27;32;30;63;48.3;43.9;11.4;918;270.7;40
2026-07-21;04:12:43.978;49;41.018100;28.982500;66;33.6;16.7;622;27;55;54.1;25.5;1036;623.5;37;43;39;62;48.0;47.8;49.3;2010;270.8;82
2026-07-21;04:12:44.273;77;41.017100;28.981500;75;45.4;5.7;237;44;55;52.4;10;1494;623.7;35;42;48;62;48.1;30.2;47.5;2365;271.0;22
2026-07-21;04:12:45.105;46;41.016100;28.980500;99;49.8;9.6;787;37;74;59.6;9.5;1872;624.1;42;31;44;62;48.0;36.5;22.3;1483;271.0;66
2026-07-21;04:12:45.105;81;41.015100;28.979500;67;49.9;9.3;650;44;70;44.8;23.7;1890;624.4;29;42;30;61;47.6;44.2;37.2;633;271.2;39
2026-07-21;04:12:45.223;79;41.016100;28.980500;83;32;5.2;200;39;63;52.4;27.9;1116;624.9;40;44;40;62;47.8;43;26.6;1410;271.4;66
2026-07-21;04:12:46.138;28;41.017100;28.981500;83;39.3;17.1;746;27;74;51.4;29.1;1690;625.4;29;35;33;62;47.4;52.9;25.2;633;271.4;46
2026-07-21;04:12:46.211;38;41.018100;28.982500;93;41.4;14;663;39;71;42.9;37.4;1171;625.5;31;43;46;62;46.9;39.7;20.9;346;271.6;51
2026-07-21;04:12:46.283;48;41.019100;28.983500;75;36.6;22.6;397;34;64;50.1;24.2;1662;626.0;39;47;42;63;47.4;38.7;24.8;415;271.7;29
2026-07-21;04:12:47.192;20;41.020100;28.984500;77;31.2;10.3;296;37;58;52.4;22.9;1555;626.2;32;31;40;64;47.1;43.1;10.4;461;271.7;29
2026-07-21;04:12:47.266;25;41.021100;28.985500;90;30.6;24.5;758;31;50;53.2;29.6;1427;626.6;42;43;39;64;47.1;54.3;33.4;1961;271.8;82
2026-07-21;04:12:47.342;65;41.022100;28.986500;88;39.6;12.2;479;34;73;47.1;31.6;518;627.0;28;40;41;63;46.8;36.8;22.9;2314;272.0;81
2026-07-21;04:12:48.760;31;41.023100;28.987500;72;34.9;20;340;30;62;46.1;25.3;1001;627.4;26;41;45;62;46.7;47.5;5.1;2052;272.1;73
2026-07-21;04:12:48.832;57;41.024100;28.988500;74;48.4;8;335;43;65;54.5;30.9;1157;627.9;44;46;48;63;46.3;49.7;47.4;1837;272.2;79
2026-07-21;04:12:48.838;33;41.025100;28.989500;81;39.9;14.1;799;34;58;47.8;15.1;1990;628.2;36;38;40;64;46.6;53.8;9.9;462;272.4;73
2026-07-21;04:12:48.905;64;41.026100;28.990500;91;38.5;6.6;448;41;72;46.6;24.6;700;628.4;32;43;45;64;46.5;34.5;46.7;1559;272.6;50
2026-07-21;04:12:48.906;48;41.025100;28.989500;93;33.2;24;243;40;50;57.8;21.3;750;628.6;35;44;47;65;46.1;42.5;43;1723;272.7;59
2026-07-21;04:12:49.270;74;41.024100;28.988500;81;32.1;11.3;581;36;58;52.3;29.5;668;629.0;28;35;43;66;46.5;45.6;47.2;778;272.8;56
2026-07-21;04:12:50.123;23;41.023100;28.987500;70;48.4;11.9;789;28;61;51.7;20.3;1942;629.4;44;35;34;65;46.4;30.6;9.8;2183;272.9;79
2026-07-21;04:12:50.124;64;41.022100;28.986500;66;47.8;12.7;636;30;51;43.1;24.8;1424;629.8;43;46;31;66;46.6;44;5.5;2266;273.1;82
2026-07-21;04:12:50.400;66;41.021100;28.985500;67;46;9.7;404;36;71;45.3;36.7;1535;630.2;41;37;43;66;46.9;55.6;7.9;2294;273.3;52
2026-07-21;04:12:51.270;45;41.020100;28.984500;71;35.6;16;267;35;73;40.7;5.8;1148;630.5;25;39;37;67;46.7;55.3;41.6;825;273.5;27
2026-07-21;04:12:51.270;86;41.019100;28.983500;98;47.7;20.8;425;30;74;56.9;26.6;1022;630.8;29;36;32;67;47.1;56.5;14.3;2377;273.6;35
2026-07-21;04:12:51.343;74;41.018100;28.982500;88;45.4;6.6;214;29;58;59.8;26;1958;631.2;26;36;30;68;47.6;58.4;32;558;273.6;35
2026-07-21;04:12:52.776;81;41.017100;28.981500;87;44.7;11.8;793;30;63;53.6;28.1;671;631.4;44;46;42;69;47.8;53.8;47.6;2305;273.8;53
2026-07-21;04:12:52.849;79;41.016100;28.980500;68;31.8;9.7;466;36;51;52;5.2;1216;631.9;40;39;38;68;47.4;41.8;19.7;1149;274.0;86
2026-07-21;04:12:52.849;80;41.015100;28.979500;61;46.9;7.5;681;35;53;49.8;9.8;1128;632.1;32;30;33;69;47.3;54.3;33.4;1908;274.1;67
2026-07-21;04:12:52.922;74;41.016100;28.980500;80;49.6;23.6;288;41;52;53.2;22.8;537;632.3;28;41;48;69;47.1;39.4;37.3;1256;274.2;44
2026-07-21;04:12:52.993;59;41.017100;28.981500;87;48.2;10.2;499;31;70;51.1;6.9;1673;632.7;42;28;42;68;46.7;36.4;9.2;1304;274.4;81
2026-07-21;04:12:53.278;69;41.018100;28.982500;99;38.6;6.8;476;30;54;53;26.1;1221;632.9;25;43;47;68;46.3;41.1;43.6;1549;274.5;24
2026-07-21;04:12:54.147;63;41.019100;28.983500;99;40.2;9.7;548;42;65;45.2;12.8;1679;633.0;27;36;33;69;46.6;40.7;8.7;859;274.6;65
2026-07-21;04:12:54.149;77;41.020100;28.984500;66;37.3;16.7;630;27;57;57.5;22.6;1831;633.3;39;34;42;69;46.2;34.7;26.6;1666;274.8;32
2026-07-21;04:12:54.410;25;41.021100;28.985500;76;36.9;19;402;36;70;51.7;34.1;1068;633.7;28;45;43;69;45.7;34.7;48.8;2468;274.9;52
2026-07-21;04:12:55.283;81;41.022100;28.986500;80;39.8;10.5;431;31;68;41.2;26.8;977;634.0;32;28;38;70;45.7;59.7;34;468;274.9;75
2026-07-21;04:12:55.284;56;41.023100;28.987500;75;42.6;13.2;659;44;67;58.8;11;1870;634.3;38;28;45;70;45.2;41.3;25;792;275.1;88
2026-07-21;04:12:55.357;62;41.024100;28.988500;93;48.1;8.2;562;40;71;42.8;28.5;1431;634.5;32;32;38;70;45.1;54.5;11.2;1341;275.3;72
2026-07-21;04:12:56.281;24;41.025100;28.989500;78;41.1;18.1;410;35;56;41.1;24.9;816;634.7;28;37;45;69;45.3;46.2;45.7;2321;275.3;40
2026-07-21;04:12:56.353;29;41.026100;28.990500;99;33.8;21.3;359;26;58;53.6;37.1;1114;635.0;34;45;49;69;45.4;54.4;30.8;1391;275.5;85
2026-07-21;04:12:56.353;41;41.025100;28.989500;92;44.9;6.5;566;37;72;52.7;7.9;780;635.4;42;38;37;70;45.0;34.6;15.3;2199;275.6;50
2026-07-21;04:12:57.315;89;41.024100;28.988500;89;46.8;14.6;310;25;61;49.3;17.8;1830;635.6;39;37;44;71;45.2;43.4;24.4;2195;275.7;28
2026-07-21;04:12:57.388;22;41.023100;28.987500;92;44.9;9.6;446;27;61;49;27;1903;636.0;30;41;43;72;45.4;34.8;18.7;2463;275.9;24
2026-07-21;04:12:57.388;25;41.022100;28.986500;75;37.6;5.1;558;35;72;44.2;17.1;1998;636.2;35;45;38;71;45.0;43.2;21;365;276.0;73
2026-07-21;04:12:58.258;28;41.021100;28.985500;63;41.4;12.1;244;44;63;41.4;27.5;1783;636.4;28;34;41;72;44.6;45.9;32.4;1166;276.2;73
2026-07-21;04:12:58.259;61;41.020100;28.984500;96;33.7;14.7;257;43;56;43.2;12.4;1809;636.7;37;46;33;72;44.9;30.1;31.2;1392;276.4;20
2026-07-21;04:12:58.381;75;41.019100;28.983500;72;30.7;7.2;797;34;71;55.9;22.3;530;637.1;29;33;35;73;45.0;58.1;7.1;1916;276.6;30
2026-07-21;04:12:59.287;36;41.018100;28.982500;70;46.9;14.9;688;25;62;55.1;10.5;1022;637.3;41;46;49;72;45.1;58.6;22.2;514;276.7;37
2026-07-21;04:12:59.358;50;41.017100;28.981500;93;35.4;24.4;388;36;53;50.6;12.6;1409;637.7;33;43;47;72;45.1;50.4;8.8;668;276.8;81
2026-07-21;04:12:59.359;47;41.016100;28.980500;87;50;10.9;476;38;74;47.7;22.6;532;638.1;33;41;36;72;44.6;43.7;31.4;1003;277.0;22
2026-07-21;04:13:00.319;88;41.015100;28.979500;88;42.4;22.3;351;26;58;51.5;28.3;1069;638.2;30;30;46;72;44.6;43.9;46.6;1519;277.2;40
2026-07-21;04:13:00.393;47;41.016100;28.980500;97;31.7;17.4;618;41;64;48.4;26;1080;638.3;32;39;45;73;44.7;54.3;27.1;2158;277.4;68
2026-07-21;04:13:00.393;36;41.017100;28.981500;82;33;13.8;467;28;70;42.7;26;1254;638.6;26;38;33;74;44.9;36;48.3;2147;277.6;75
2026-07-21;04:13:01.356;61;41.018100;28.982500;88;36.1;22.4;689;40;66;54.8;22.9;939;638.8;32;37;41;74;45.2;57.4;25.2;707;277.7;41
2026-07-21;04:13:01.429;70;41.019100;28.983500;89;49;20;361;28;64;40.1;22.4;1181;639.1;33;45;41;73;44.8;47;14.1;846;277.8;47
2026-07-21;04:13:01.430;47;41.020100;28.984500;67;30.3;23;743;40;58;51.5;7;1825;639.4;25;46;31;73;44.6;46.7;27.6;2116;278.0;23
2026-07-21;04:13:02.389;22;41.021100;28.985500;92;37.8;6.4;634;40;64;55.2;12;1140;639.9;42;43;47;72;45.0;54.1;39.3;1539;278.1;63
2026-07-21;04:13:02.462;52;41.022100;28.986500;77;44.4;21.2;354;35;56;48.1;12.4;613;640.1;27;41;35;73;45.2;56.1;49.1;1990;278.2;44
2026-07-21;04:13:02.462;50;41.023100;28.987500;88;46.1;12.2;231;35;62;47.8;11.4;1829;640.4;32;31;31;72;45.0;40.8;21.5;762;278.3;82
2026-07-21;04:13:03.380;73;41.024100;28.988500;93;45.1;18.9;776;33;52;53.5;31.9;997;640.6;25;31;42;72;45.5;38.1;22.9;604;278.3;37
2026-07-21;04:13:03.457;21;41.025100;28.989500;99;45.4;20.4;534;42;74;49.6;32.3;1538;641.0;38;43;47;71;45.5;59.2;33.7;2451;278.5;52
2026-07-21;04:13:03.458;74;41.026100;28.990500;65;48.7;7.8;546;25;60;55.8;5.5;1721;641.3;34;31;41;72;45.2;36.1;48.8;748;278.7;32
2026-07-21;04:13:04.329;74;41.025100;28.989500;73;48.7;14;279;32;55;46.9;36.2;1612;641.5;32;33;40;71;45.0;36.5;16.2;1093;278.8;45
2026-07-21;04:13:04.330;41;41.024100;28.988500;92;34.2;10.2;789;32;74;53.3;10.2;994;642.0;35;31;35;70;45.1;58.5;46.4;2463;279.0;69
2026-07-21;04:13:04.401;49;41.023100;28.987500;83;41.8;12.5;309;39;59;41;23;1162;642.5;38;29;32;70;45.1;52.7;27;1650;279.1;68
2026-07-21;04:13:05.327;80;41.022100;28.986500;88;48.4;19.8;789;33;57;51.5;37.3;666;642.9;44;40;48;70;45.0;30;32.4;2041;279.2;56
2026-07-21;04:13:05.399;60;41.021100;28.985500;83;48.5;8.2;570;42;63;47.8;8.4;1716;643.2;27;30;43;71;45.1;43.7;22.2;1351;279.3;51
2026-07-21;04:13:05.399;24;41.020100;28.984500;78;37;13.2;728;44;72;53.7;30.6;542;643.5;41;29;33;71;44.8;35.8;43.8;2160;279.5;23
2026-07-21;04:13:06.322;84;41.019100;28.983500;99;47.5;10.3;455;31;70;55.8;35.5;1609;643.9;34;39;41;72;44.4;51.1;36.7;1770;279.5;79
2026-07-21;04:13:06.395;39;41.018100;28.982500;88;44;11.3;396;25;61;43.7;11.2;1757;644.1;28;31;45;72;44.5;52.5;38;1685;279.6;27
2026-07-21;04:13:06.395;82;41.017100;28.981500;86;47.5;22;216;36;56;40.2;17.2;948;644.4;39;45;34;71;44.4;30.8;35.5;816;279.7;67
2026-07-21;04:13:07.356;42;41.016100;28.980500;67;30.8;5.8;323;32;63;51.9;35.6;924;644.8;42;35;35;70;44.1;34.2;15.9;1599;279.7;82
2026-07-21;04:13:07.430;41;41.015100;28.979500;87;32;9.9;331;40;60;45.8;36.7;1006;645.2;32;40;34;71;44.4;56.2;28.3;483;279.9;29
2026-07-21;04:13:07.431;42;41.016100;28.980500;80;48.6;19.3;374;29;56;49.9;6.2;927;645.3;41;45;35;71;44.5;34.1;20.3;1032;280.0;64
2026-07-21;04:13:08.390;82;41.017100;28.981500;60;49.6;11.1;542;28;57;47.9;31.2;1614;645.6;29;45;39;70;44.8;41.3;40.4;668;280.2;74
2026-07-21;04:13:08.463;31;41.018100;28.982500;78;36.2;19.2;534;26;74;57.8;16.2;613;645.8;36;41;33;71;45.1;56.8;5.2;1552;280.4;72
2026-07-21;04:13:08.464;59;41.019100;28.983500;87;49;14.1;607;42;54;48.4;31.6;692;646.2;27;38;40;72;44.8;55.8;37.3;884;280.5;57
2026-07-21;04:13:08.946;70;41.020100;28.984500;92;38.2;8.4;753;37;65;54.4;27.4;727;646.4;29;44;44;72;44.8;54;32.9;1258;280.6;39
2026-07-21;04:13:09.017;39;41.021100;28.985500;69;32.3;12;379;26;60;57.3;36;889;646.8;43;33;38;72;44.4;32.1;12.7;1178;280.8;48
2026-07-21;04:13:09.405;34;41.022100;28.986500;87;33.4;10.2;720;41;58;42.7;34.7;1540;647.1;40;32;43;72;44.4;57;11.6;1055;280.9;63
2026-07-21;04:13:10.203;30;41.023100;28.987500;71;38.5;15.9;403;29;73;53.1;13.1;511;647.5;33;45;38;72;44.8;57.1;30.5;625;281.1;85
2026-07-21;04:13:10.203;50;41.024100;28.988500;94;32.8;5.3;429;33;56;54.8;5.7;1318;647.9;35;34;47;73;44.9;41.1;47.9;2008;281.2;35
2026-07-21;04:13:10.275;54;41.025100;28.989500;71;46.3;18.7;537;43;68;50.3;38.2;1583;648.1;43;35;45;73;45.1;42.5;5.3;1247;281.3;68
2026-07-21;04:13:11.680;71;41.026100;28.990500;72;34.4;20;700;44;65;54.9;28.1;1096;648.4;41;30;31;73;45.1;54.8;32.8;404;281.4;71
2026-07-21;04:13:11.751;36;41.025100;28.989500;76;37.9;9.8;205;36;56;46.7;27.7;629;648.6;31;36;49;72;44.6;36.3;12.3;2245;281.6;45
2026-07-21;04:13:11.751;37;41.024100;28.988500;65;40.7;6.8;432;33;54;46.4;30.1;1776;649.1;25;30;43;72;44.5;56.6;5.6;1238;281.6;25
2026-07-21;04:13:11.976;44;41.023100;28.987500;69;39;18.7;380;40;66;58.3;16.1;1776;649.4;33;30;40;72;44.3;32.3;39.5;1230;281.8;55
2026-07-21;04:13:12.048;71;41.022100;28.986500;60;35.8;6.8;555;34;73;43;31.2;644;649.6;26;34;41;73;44.6;33.3;19.5;2150;282.0;56
2026-07-21;04:13:12.462;25;41.021100;28.985500;81;47.4;17.6;201;36;72;45.5;30;1106;649.8;27;39;49;73;44.2;45.4;35;471;282.1;37
2026-07-21;04:13:13.217;53;41.020100;28.984500;66;30.5;12.8;274;42;59;41.3;18;1443;650.0;34;36;39;73;44.6;58.1;18.4;899;282.3;33
2026-07-21;04:13:13.218;73;41.019100;28.983500;68;39.6;12.6;214;27;65;50.5;38.1;665;650.4;34;35;30;73;45.0;42.9;43.6;1900;282.4;74
2026-07-21;04:13:13.290;62;41.018100;28.982500;77;45;16.2;523;27;55;59.2;33.8;988;650.6;38;39;43;74;44.6;37.6;8.3;2190;282.5;72
2026-07-21;04:13:14.694;49;41.017100;28.981500;93;42.4;12.1;203;26;68;43;25.9;838;650.8;35;43;44;73;45.1;54.7;28.5;2177;282.7;88
2026-07-21;04:13:14.765;55;41.016100;28.980500;82;45.8;18.7;455;39;53;40.8;15.2;1724;651.2;38;37;42;74;45.0;42.3;23;1929;282.8;24
2026-07-21;04:13:14.765;84;41.015100;28.979500;75;36.5;13.1;627;36;66;44.1;24.5;705;651.4;25;40;46;75;44.5;52.5;33;418;282.9;51
2026-07-21;04:13:14.991;68;41.016100;28.980500;79;40;22.1;527;28;73;41.4;5.1;1041;651.8;31;41;38;75;44.5;46;42.6;1017;283.1;51
2026-07-21;04:13:15.065;20;41.017100;28.981500;70;40.4;18.5;736;26;72;47.4;26.7;916;652.2;38;39;40;74;44.1;34.5;7.3;1560;283.3;61
2026-07-21;04:13:15.341;56;41.018100;28.982500;89;49.6;10.1;755;28;65;46.7;9.6;600;652.3;40;30;47;75;44.0;36.2;28.2;927;283.3;46
2026-07-21;04:13:16.190;68;41.019100;28.983500;63;45.1;5.1;504;35;60;56.2;23;956;652.7;25;36;35;75;44.4;57;5.4;1064;283.5;21
2026-07-21;04:13:16.263;72;41.020100;28.984500;64;48.4;12.5;341;28;50;54.3;15.2;943;653.1;26;41;31;75;44.7;54.3;6.5;2224;283.6;41
2026-07-21;04:13:16.338;48;41.021100;28.985500;99;46;15.4;396;27;62;41.6;13.4;1053;653.3;27;30;41;74;45.0;52.5;22.5;1712;283.7;22
2026-07-21;04:13:17.768;47;41.022100;28.986500;77;32.3;24.7;418;26;50;49.7;35.2;1617;653.8;42;39;47;74;44.6;57.8;21.1;756;283.8;23
2026-07-21;04:13:17.838;51;41.023100;28.987500;81;39.9;20.3;683;37;61;49.7;9.5;1800;653.9;33;46;40;74;44.3;31.1;27.8;444;283.9;58
2026-07-21;04:13:17.839;55;41.024100;28.988500;60;38.7;9.2;453;28;73;59.1;28.7;1443;654.0;26;43;33;75;44.4;54.4;46.2;1700;284.1;63
2026-07-21;04:13:17.910;40;41.025100;28.989500;86;32.5;17;445;33;65;50.9;14.6;1619;654.3;33;28;37;74;44.0;54;5.9;494;284.2;55
2026-07-21;04:13:17.982;45;41.026100;28.990500;83;42.4;23.6;687;31;61;50.5;19.5;1997;654.5;25;44;41;74;43.9;48.1;25.3;364;284.3;43
2026-07-21;04:13:18.352;53;41.025100;28.989500;95;38.7;20.6;716;25;63;49.8;27.9;1651;654.8;34;41;46;75;43.7;31.9;14.9;1500;284.4;57
2026-07-21;04:13:19.182;25;41.024100;28.988500;97;37.4;11.4;274;37;70;49.1;33.1;599;655.2;37;39;36;76;43.9;43.5;49.9;2028;284.5;77
2026-07-21;04:13:19.183;86;41.023100;28.987500;85;36.2;13.1;658;30;69;60;6.3;1080;655.6;36;28;48;76;44.1;43.4;40.8;680;284.7;65
2026-07-21;04:13:19.466;28;41.022100;28.986500;92;44.4;16.2;541;31;70;50.3;22;694;656.1;40;46;46;76;44.6;50.2;10.3;728;284.7;73
2026-07-21;04:13:20.325;89;41.021100;28.985500;71;33.6;15.4;409;41;58;59.7;5.1;995;656.3;34;41;49;76;45.0;30.3;38.4;759;284.9;29
2026-07-21;04:13:20.325;39;41.020100;28.984500;62;47.1;19;571;40;62;57.7;28.4;1305;656.7;39;46;37;75;44.8;30.6;6.9;2151;284.9;84
2026-07-21;04:13:20.396;25;41.019100;28.983500;67;46.2;16.1;689;39;63;49.9;7.5;565;657.2;39;43;32;76;44.4;41.9;17;854;285.0;70
2026-07-21;04:13:21.339;51;41.018100;28.982500;76;40.1;21.5;635;44;64;58.4;26.8;1986;657.6;27;47;35;76;44.3;52.1;18.2;1125;285.2;26
2026-07-21;04:13:21.413;24;41.017100;28.981500;92;35.3;17.1;771;39;56;53.2;26.2;1206;658.0;25;35;34;76;44.6;55.6;33.5;2242;285.4;81
2026-07-21;04:13:21.414;89;41.016100;28.980500;88;39;5.3;285;26;53;51.6;26.9;902;658.1;33;30;41;76;44.6;52.6;49.3;465;285.6;62
2026-07-21;04:13:22.382;76;41.015100;28.979500;60;48.9;22.5;246;31;60;53;18.7;1637;658.5;42;37;49;76;45.1;50.1;39.4;537;285.7;21
2026-07-21;04:13:22.453;52;41.016100;28.980500;98;36.8;11.6;739;34;74;58.8;28.4;1919;658.8;35;44;45;77;44.8;52.4;9.4;1010;285.8;42
2026-07-21;04:13:22.453;76;41.017100;28.981500;67;37.2;21.3;692;32;72;57.8;31.3;1132;659.1;38;30;36;78;45.3;31.8;26.4;1937;285.9;86
2026-07-21;04:13:22.940;67;41.018100;28.982500;92;35.2;17.3;618;28;70;41.3;5;1162;659.3;38;46;33;78;45.6;53.5;49.5;2399;286.1;87
2026-07-21;04:13:23.026;78;41.019100;28.983500;63;34.1;22.6;275;32;70;45.1;16.4;1366;659.7;39;45;38;79;45.9;52.2;38.8;879;286.2;64
2026-07-21;04:13:23.397;80;41.020100;28.984500;64;32.7;12.3;302;31;51;41.4;24.8;965;659.8;33;42;37;78;45.6;45.6;20.2;1747;286.4;45
2026-07-21;04:13:24.239;20;41.021100;28.985500;64;37;14.4;639;27;50;55.7;8.4;806;660.1;44;32;46;78;45.8;56.5;21.5;340;286.5;22
2026-07-21;04:13:24.239;56;41.022100;28.986500;76;41.1;20.4;332;39;66;52.3;23;1006;660.5;37;37;38;78;45.7;56.5;31.9;382;286.6;50
2026-07-21;04:13:24.312;30;41.023100;28.987500;68;37.9;18;209;30;57;51.8;38.6;1401;660.7;30;46;41;79;45.7;59.3;48.2;1781;286.7;66
2026-07-21;04:13:25.721;46;41.024100;28.988500;80;32.8;7.6;741;38;60;52.2;25.2;1920;660.9;30;29;31;78;45.7;31.1;9.5;1544;286.9;53
2026-07-21;04:13:25.793;51;41.025100;28.989500;99;32.5;15.9;439;43;66;52.9;29.9;1568;661.3;27;29;38;78;45.5;41.5;38.2;1293;287.0;35
2026-07-21;04:13:25.793;65;41.026100;28.990500;71;49.1;15.6;274;35;64;55.2;24.2;772;661.6;30;40;46;78;45.6;32.9;28.6;1211;287.2;72
2026-07-21;04:13:26.016;47;41.025100;28.989500;98;38.4;18.8;244;27;63;58.3;25.2;1879;662.1;33;40;40;78;45.6;41.8;16.3;888;287.3;50
2026-07-21;04:13:26.089;43;41.024100;28.988500;63;41.6;22.5;769;39;52;46.5;24.4;1655;662.5;35;32;31;78;45.4;46.9;38.2;1798;287.4;52
2026-07-21;04:13:26.355;75;41.023100;28.987500;72;44;22.5;451;29;72;47.2;34;1745;662.8;40;32;49;78;45.6;30.4;26.5;405;287.6;76
2026-07-21;04:13:27.204;47;41.022100;28.986500;64;31.8;7.4;378;41;64;56.4;28.3;1107;663.1;30;47;39;78;45.3;47.9;18.1;1438;287.8;38
2026-07-21;04:13:27.277;87;41.021100;28.985500;85;41.2;14.2;534;32;73;44.7;36.7;838;663.5;39;33;42;77;44.8;52.8;12.3;624;287.9;61
2026-07-21;04:13:27.394;69;41.020100;28.984500;61;43.3;8.7;303;28;69;46.4;7.4;578;663.8;38;47;42;78;45.2;36.5;20.3;1198;288.1;22
2026-07-21;04:13:28.783;36;41.019100;28.983500;90;47.4;6.1;336;32;71;44.5;28.3;542;664.0;43;28;44;79;45.4;37.8;25.3;490;288.2;21
2026-07-21;04:13:28.855;35;41.018100;28.982500;70;35.6;6.8;772;37;52;55.7;39;933;664.4;31;45;40;79;45.7;39.4;49.9;1188;288.3;59
2026-07-21;04:13:28.855;40;41.017100;28.981500;61;40.9;11.3;396;27;56;59.1;12;1563;664.6;25;40;31;80;46.2;58.9;38.4;1337;288.5;34
2026-07-21;04:13:28.929;80;41.016100;28.980500;95;48.3;24.9;603;26;66;53.3;13.9;1000;664.9;30;47;45;79;46.6;53.9;32.3;2096;288.6;67
2026-07-21;04:13:29.002;76;41.015100;28.979500;90;44.9;17;725;35;65;53.6;5.9;1189;665.3;43;35;42;80;46.6;59.6;11.2;1440;288.8;44
2026-07-21;04:13:29.415;52;41.016100;28.980500;95;49.6;17.8;497;35;68;41.6;23.9;1484;665.6;33;46;46;80;46.8;54;23.2;1976;288.9;89
2026-07-21;04:13:30.226;61;41.017100;28.981500;90;33.7;22.4;507;42;57;54.7;24.9;726;665.8;35;32;30;80;47.1;38.2;44.2;2197;289.0;30
2026-07-21;04:13:30.226;89;41.018100;28.982500;76;42.8;19.1;740;26;55;47.9;17;1740;666.0;35;34;47;81;47.1;56.2;13.5;1903;289.1;47
2026-07-21;04:13:30.495;83;41.019100;28.983500;68;36.1;15.8;768;28;71;52.9;12;1431;666.2;37;44;36;81;47.3;59.4;11.2;2162;289.2;76
2026-07-21;04:13:30.922;29;41.020100;28.984500;83;42.3;21.4;420;37;65;47.9;6.4;565;666.5;41;29;41;81;47.2;48;21.7;1952;289.3;26
2026-07-21;04:13:30.993;53;41.021100;28.985500;65;49.8;8.8;650;38;70;55.4;24.1;901;666.6;27;39;43;82;47.3;40.3;9.6;577;289.5;23
2026-07-21;04:13:31.862;62;41.022100;28.986500;70;41.8;14.2;324;36;72;49;12.1;1897;666.7;29;35;31;81;46.8;57.4;30.1;2483;289.6;80
2026-07-21;04:13:31.938;28;41.023100;28.987500;89;34.1;20.1;583;44;58;53.6;34.3;847;667.1;25;37;32;80;47.3;45.1;9.4;1135;289.7;85
2026-07-21;04:13:32.011;74;41.024100;28.988500;95;42.8;11.7;307;37;54;46.4;21.8;583;667.4;43;31;32;81;47.2;51.7;42.8;2236;289.9;86
2026-07-21;04:13:32.382;29;41.025100;28.989500;75;36.1;19.8;333;25;61;43;17.2;1050;667.9;43;30;33;81;47.7;49.5;16.1;487;289.9;83
2026-07-21;04:13:33.224;88;41.026100;28.990500;75;45.7;15.2;490;35;73;43.8;32.1;1067;668.2;33;35;47;82;47.7;38.4;16;1927;290.0;74
2026-07-21;04:13:33.225;28;41.025100;28.989500;67;48;11.5;725;34;60;40.6;26.5;1612;668.4;34;37;48;82;47.9;55.2;11.7;1411;290.1;75
2026-07-21;04:13:33.493;40;41.024100;28.988500;72;31.9;24.2;306;43;68;50.9;26.5;1057;668.8;33;38;45;81;48.2;54.8;14;2467;290.3;82
2026-07-21;04:13:34.362;82;41.023100;28.987500;60;41.8;12.9;334;37;71;44.1;31.7;1106;668.9;37;35;39;81;48.5;34;43.3;709;290.3;35
2026-07-21;04:13:34.362;44;41.022100;28.986500;82;46.9;9;679;28;67;40.6;6.6;1483;669.2;38;45;49;82;48.8;39.5;36.9;962;290.4;58
2026-07-21;04:13:34.437;60;41.021100;28.985500;64;30.8;14.1;629;25;59;57.5;5.1;983;669.5;29;39;40;81;48.7;31.7;28.8;1021;290.5;31
2026-07-21;04:13:35.365;22;41.020100;28.984500;63;49.6;17.6;689;43;55;42.8;6.9;594;669.8;41;29;35;82;49.1;52.2;38.4;939;290.6;29
2026-07-21;04:13:35.438;50;41.019100;28.983500;70;36.9;19.9;287;42;52;41.2;13.1;1130;670.1;42;37;49;81;49.4;59.1;6;997;290.7;65
2026-07-21;04:13:35.439;80;41.018100;28.982500;72;39.2;18.6;212;29;63;58.5;16.8;532;670.3;30;29;49;81;49.1;46.8;42.3;530;290.9;49
2026-07-21;04:13:36.900;56;41.017100;28.981500;91;46.7;8.1;423;33;73;49.7;28;1135;670.5;42;37;32;81;48.9;59.4;9.8;1471;291.0;86
2026-07-21;04:13:36.976;56;41.016100;28.980500;89;46.2;14;545;33;53;41.6;29.8;1748;670.9;34;39;37;80;48.4;56.9;34.5;2462;291.2;53
2026-07-21;04:13:36.977;29;41.015100;28.979500;83;47.6;10.6;794;42;71;55.1;22.8;741;671.2;28;33;34;81;48.3;39.8;27.9;1410;291.4;80
2026-07-21;04:13:36.977;32;41.016100;28.980500;61;38.2;10;225;31;54;44.3;8;897;671.3;39;33;38;82;48.4;34.8;19.3;1717;291.6;25
2026-07-21;04:13:37.045;89;41.017100;28.981500;82;30;22.7;369;30;61;58.9;14.5;1548;671.7;41;36;32;83;48.3;48.2;8.6;2041;291.8;37
2026-07-21;04:13:37.460;55;41.018100;28.982500;75;46.5;6.4;568;44;72;50.7;21.6;1986;671.8;27;39;39;83;48.2;34.4;5.1;530;291.9;40
2026-07-21;04:13:38.232;51;41.019100;28.983500;86;36.3;21;252;26;54;46.1;30;1358;672.0;26;31;44;84;48.2;40.3;44.9;533;292.0;28
2026-07-21;04:13:38.234;42;41.020100;28.984500;76;46.8;7.4;544;37;61;59;13.1;797;672.5;44;45;46;83;48.4;43.2;17.5;2412;292.2;27
2026-07-21;04:13:38.501;39;41.021100;28.985500;65;41.2;14.7;623;25;53;56;35.7;530;672.7;32;41;44;84;48.5;35.7;17.4;2234;292.2;20
2026-07-21;04:13:39.369;40;41.022100;28.986500;86;44.8;15.3;574;26;51;55.7;23.6;1048;672.8;25;47;43;84;48.6;56.9;13.8;1178;292.4;76
2026-07-21;04:13:39.369;43;41.023100;28.987500;81;43.3;13.5;448;26;72;54.8;20.4;1922;673.1;26;40;46;85;49.0;47.2;7.9;1051;292.5;47
2026-07-21;04:13:39.443;63;41.024100;28.988500;69;41.1;10.7;719;30;59;51.4;9.8;1395;673.4;43;32;49;84;48.6;35.6;41.3;482;292.6;50
2026-07-21;04:13:40.872;61;41.025100;28.989500;64;39;17.6;255;32;65;54.2;15.8;1296;673.7;36;47;36;84;49.1;59.9;23.8;2452;292.7;88
2026-07-21;04:13:40.944;32;41.026100;28.990500;65;50;10.7;504;38;51;42.2;32.8;683;673.9;30;44;37;85;48.7;37.3;26.8;743;292.9;63
2026-07-21;04:13:40.945;53;41.025100;28.989500;97;38;5.3;205;41;58;45.6;17.7;1632;674.3;44;38;49;85;48.2;31.5;19.3;1298;293.1;30
2026-07-21;04:13:41.018;70;41.024100;28.988500;79;32.6;17.1;285;35;51;49.4;20.7;1450;674.5;39;28;49;84;48.5;52.7;46.6;981;293.2;51
2026-07-21;04:13:41.018;80;41.023100;28.987500;73;48;14.5;350;30;57;57.5;6.6;1138;674.6;41;47;32;83;48.5;40;24.3;1650;293.3;29
2026-07-21;04:13:41.384;59;41.022100;28.986500;88;42.4;22.3;489;40;67;50.1;10;1826;675.0;29;38;31;83;48.0;51.3;35.8;1486;293.5;88
2026-07-21;04:13:42.224;69;41.021100;28.985500;95;33.9;13.1;363;29;55;55.7;37.7;1485;675.4;44;46;49;83;48.4;59.1;40.8;730;293.6;66
2026-07-21;04:13:42.225;47;41.020100;28.984500;96;45.5;20;407;27;65;42.2;10.4;509;675.6;33;31;31;83;48.2;41.1;27.4;2325;293.7;29
2026-07-21;04:13:42.494;56;41.019100;28.983500;85;44.5;9.2;765;44;71;51.2;27.5;1136;675.8;36;35;47;83;48.2;44.9;37.2;932;293.8;40
2026-07-21;04:13:43.365;24;41.018100;28.982500;70;40.3;14.4;439;39;56;58.2;33.2;516;676.2;32;30;46;84;47.9;47.9;39;1834;294.0;81
2026-07-21;04:13:43.366;31;41.017100;28.981500;67;34.6;24.3;485;29;61;47.1;31.7;921;676.6;25;30;44;84;47.6;51.7;48.4;743;294.1;25
2026-07-21;04:13:43.437;42;41.016100;28.980500;95;34;21;368;31;55;51.9;9.3;614;677.0;43;33;39;85;47.8;40.3;43.2;1587;294.3;24
2026-07-21;04:13:44.353;75;41.015100;28.979500;66;47.3;17.4;579;41;61;47.5;26.9;1618;677.4;31;29;41;86;47.5;55.8;37.7;1717;294.5;38
2026-07-21;04:13:44.425;79;41.016100;28.980500;92;43.9;8.4;526;26;58;43.2;11.2;1097;677.8;42;37;35;85;47.0;54.2;19.9;2474;294.5;70
2026-07-21;04:13:44.425;72;41.017100;28.981500;70;34.8;21.2;397;27;71;46.8;11.4;1022;678.3;26;40;33;85;46.6;53.7;49.8;327;294.7;63
2026-07-21;04:13:45.380;37;41.018100;28.982500;69;36.7;8.9;363;36;62;43.8;34.1;923;678.7;37;36;33;85;46.4;48.4;11.3;758;294.9;80
2026-07-21;04:13:45.453;36;41.019100;28.983500;92;43.7;8.2;330;35;70;50.7;35.7;847;678.8;28;31;37;84;46.4;44.4;46.7;1189;295.0;41
2026-07-21;04:13:45.453;78;41.020100;28.984500;69;43;17.9;770;41;63;55.6;32.2;685;679.2;25;31;42;83;46.0;31.6;11.8;1853;295.2;48
2026-07-21;04:13:46.415;85;41.021100;28.985500;84;42.4;6.2;437;41;57;50.6;32;1609;679.4;33;46;30;84;46.3;52.4;22.6;1305;295.3;64
2026-07-21;04:13:46.486;74;41.022100;28.986500;68;42.8;17.9;538;43;50;56.3;39.5;715;679.9;32;47;30;84;46.0;44.5;28.4;347;295.5;61
2026-07-21;04:13:46.487;31;41.023100;28.987500;99;33.4;18.7;345;25;67;50.3;33.8;1334;680.3;42;46;35;84;46.1;37.4;26.7;1497;295.6;85
2026-07-21;04:13:47.446;29;41.024100;28.988500;93;37;18.1;334;34;72;49.4;39.2;1266;680.5;28;28;46;83;46.1;35.9;18.7;1357;295.8;25
2026-07-21;04:13:47.519;36;41.025100;28.989500;65;30.1;14.4;460;39;50;55.5;35.8;1959;680.7;35;38;39;83;45.7;45.5;6;2417;295.8;73
2026-07-21;04:13:47.519;26;41.026100;28.990500;88;46.6;8.8;531;42;55;45.6;24.1;1846;680.9;41;47;45;83;46.0;57;30.1;784;295.9;49
2026-07-21;04:13:48.479;71;41.025100;28.989500;82;47.1;15.7;353;29;50;42.3;32.9;1250;681.3;36;40;30;82;45.9;41;37.7;744;296.1;43
2026-07-21;04:13:48.562;20;41.024100;28.988500;94;45.7;6.1;312;39;69;56.7;39.8;1875;681.8;44;29;44;82;46.2;36.2;41.9;1499;296.2;89
2026-07-21;04:13:48.562;21;41.023100;28.987500;99;42.4;16.5;346;38;72;41.4;35;1256;682.2;42;42;30;82;45.9;59.9;6.2;1733;296.3;29
2026-07-21;04:13:49.038;77;41.022100;28.986500;90;34.4;8.3;635;30;67;41.8;24;722;682.6;30;33;41;82;45.5;52.8;26.1;1903;296.4;71
2026-07-21;04:13:49.110;85;41.021100;28.985500;97;33;10;460;40;56;56.5;22.8;1173;682.9;39;40;43;83;45.5;59.9;49.3;2059;296.5;30
2026-07-21;04:13:49.438;40;41.020100;28.984500;86;34.1;6.1;698;36;53;56.9;6.4;800;683.2;37;41;38;84;45.1;45.3;33;303;296.7;87
2026-07-21;04:13:50.306;21;41.019100;28.983500;67;41.8;24.5;289;39;69;54.4;35.8;740;683.3;29;37;36;83;45.1;55.1;32;1648;296.8;28
2026-07-21;04:13:50.306;45;41.018100;28.982500;77;46.4;9.9;653;29;71;47.5;7.9;1346;683.8;30;32;48;83;44.8;58.8;6.9;1222;296.9;85
2026-07-21;04:13:50.392;61;41.017100;28.981500;74;30.3;5.3;381;37;66;59.4;23.6;1393;684.1;42;30;49;84;45.2;44.2;24;1690;297.1;84
2026-07-21;04:13:52.467;65;41.016100;28.980500;99;37.7;20.4;359;29;64;50.7;16;1299;684.3;30;40;36;84;44.9;58.8;35.5;884;297.1;32
2026-07-21;04:13:52.468;81;41.015100;28.979500;78;39.5;23.3;618;31;72;53;23.9;1979;684.7;33;34;38;83;44.7;49.9;37;2256;297.3;81
2026-07-21;04:13:52.728;30;41.016100;28.980500;74;44.9;21;796;31;66;50.8;24.6;881;685.0;31;39;44;83;44.3;53.7;9.5;2218;297.4;82
2026-07-21;04:13:53.024;38;41.017100;28.981500;73;33.5;9.4;390;34;54;49.1;12.3;1044;685.3;41;43;35;83;44.1;33.6;34.7;1920;297.6;87
2026-07-21;04:13:53.024;48;41.018100;28.982500;82;47.8;18.9;566;33;53;52.1;24.4;1228;685.7;25;28;37;84;44.0;41.3;41.5;1202;297.6;75
2026-07-21;04:13:53.025;53;41.019100;28.983500;86;41.5;16.9;356;26;62;58.6;19;1196;686.0;35;36;40;84;44.2;35.2;29.1;480;297.7;48
2026-07-21;04:13:53.566;55;41.020100;28.984500;66;35;9.4;796;38;73;48.4;8;719;686.1;31;41;45;84;43.9;46.2;23.9;1726;297.8;49
2026-07-21;04:13:54.031;78;41.021100;28.985500;99;49.3;19.9;517;40;53;58.1;36.4;708;686.2;41;45;47;84;44.4;54.5;49.5;980;298.0;61
2026-07-21;04:13:54.101;75;41.022100;28.986500;93;38;7.8;442;25;51;41.5;19.1;1523;686.7;30;33;39;83;44.1;46.9;26.4;736;298.1;67
2026-07-21;04:13:54.173;26;41.023100;28.987500;73;33.6;15.1;663;40;56;50.8;6.6;1974;687.0;32;32;30;84;44.5;44.9;39;1565;298.1;89
2026-07-21;04:13:54.174;80;41.024100;28.988500;75;40.4;11.1;379;40;71;48.5;28.7;974;687.1;38;29;30;84;44.7;33.3;12.7;2345;298.3;64
2026-07-21;04:13:54.459;67;41.025100;28.989500;91;42;12.4;231;31;66;49.6;26.1;1217;687.5;25;44;36;85;44.5;53.6;23;1959;298.4;89
2026-07-21;04:13:55.323;35;41.026100;28.990500;90;41.4;8.1;390;28;54;49.5;30.3;626;688.0;35;28;35;86;44.7;56.9;29.1;521;298.5;44
2026-07-21;04:13:55.324;24;41.025100;28.989500;77;35.1;6.4;766;33;59;50.5;16.2;927;688.4;28;31;39;86;44.6;56.7;13.6;1140;298.5;65
2026-07-21;04:13:55.399;56;41.024100;28.988500;66;43;6.6;788;32;60;50.7;31;1288;688.7;44;28;34;87;44.3;33.3;32.1;1683;298.6;84
2026-07-21;04:13:56.798;36;41.023100;28.987500;99;41.4;12.9;368;36;72;56.3;15.6;1939;688.9;34;47;45;87;44.1;53.3;44.2;1663;298.7;58
2026-07-21;04:13:56.870;78;41.022100;28.986500;63;44.5;12.6;510;43;69;58.9;31.9;1983;689.2;34;37;37;86;44.0;58.5;36;1316;298.9;71
2026-07-21;04:13:56.871;39;41.021100;28.985500;73;38.6;24.4;683;37;68;42.2;25.5;1525;689.6;26;42;41;87;44.2;40.8;43.4;1225;299.0;21
2026-07-21;04:13:57.094;80;41.020100;28.984500;60;38.6;9.3;764;36;53;43.3;38;1262;689.8;34;46;30;87;43.7;47.4;34.9;2190;299.2;47
2026-07-21;04:13:57.166;88;41.019100;28.983500;86;32.4;16;666;39;54;42;38.6;1646;689.9;30;28;41;88;44.0;50.6;17.7;1947;299.2;56
2026-07-21;04:13:57.434;65;41.018100;28.982500;87;30.3;16.8;377;32;71;43.5;25.2;1677;690.4;32;42;31;89;43.6;55.9;45.8;1800;299.4;34
2026-07-21;04:13:58.781;88;41.017100;28.981500;83;33.1;17.6;315;31;66;42;37.6;1867;690.8;40;37;34;88;43.8;34.5;47;430;299.4;30
2026-07-21;04:13:58.854;44;41.016100;28.980500;79;40.6;17.6;670;36;52;43.8;33.1;554;690.9;39;34;32;87;43.9;54.4;46.1;945;299.5;35
2026-07-21;04:13:58.854;51;41.015100;28.979500;89;32.2;11.8;557;31;70;59;32.9;1670;691.2;37;33;30;86;43.6;39.3;12.1;1399;299.6;45
2026-07-21;04:13:59.087;41;41.016100;28.980500;72;43;12.8;718;31;58;57.5;37.9;1184;691.5;38;41;41;87;43.7;31.8;44.7;1682;299.6;36
2026-07-21;04:13:59.165;35;41.017100;28.981500;63;44.6;20.2;781;29;66;46.2;25.9;1600;691.9;41;32;31;86;43.4;40.9;18.5;2242;299.8;69
2026-07-21;04:13:59.419;58;41.018100;28.982500;68;47.2;15;679;33;50;50.7;40;1777;692.2;34;39;41;87;43.1;52.6;31.3;2210;300.0;72
2026-07-21;04:14:00.266;89;41.019100;28.983500;99;46.9;18.9;573;31;65;56.9;37.9;953;692.7;37;44;35;87;43.3;35.6;47.2;2434;300.2;46
2026-07-21;04:14:00.338;87;41.020100;28.984500;76;48.7;7.9;683;43;51;56.6;7.8;1381;693.1;31;39;39;86;43.1;49.6;39.3;999;300.2;31
2026-07-21;04:14:00.410;57;41.021100;28.985500;66;42.1;23.4;645;37;52;56.9;31.1;1303;693.3;42;29;31;85;43.3;30.3;8.8;1735;300.3;37
2026-07-21;04:14:01.825;89;41.022100;28.986500;85;48.1;20.3;399;43;58;41.6;9.9;732;693.5;36;43;49;86;43.8;51.4;24.4;1609;300.4;49
2026-07-21;04:14:01.898;38;41.023100;28.987500;86;46.5;10.3;589;27;71;53.9;23.9;1696;693.6;31;44;36;86;43.6;32.1;12.5;1673;300.5;60
2026-07-21;04:14:01.899;57;41.024100;28.988500;65;35.7;17.3;756;31;67;57.3;6.4;1065;694.0;44;32;40;86;43.8;55.5;25.3;885;300.7;70
2026-07-21;04:14:02.013;86;41.025100;28.989500;76;49.5;20.3;602;40;51;58.7;25.8;1845;694.1;28;29;38;87;44.2;53.5;41.8;305;300.9;36
2026-07-21;04:14:02.083;41;41.026100;28.990500;98;40.6;15.4;474;25;65;55;31.7;781;694.6;39;30;44;87;44.1;59.8;6.6;560;301.0;75
2026-07-21;04:14:02.470;52;41.025100;28.989500;95;32.6;14;307;31;66;40.4;24.2;1076;695.1;26;35;47;88;44.1;38.4;10.3;1576;301.2;75
2026-07-21;04:14:03.292;43;41.024100;28.988500;83;38.7;11.6;216;41;51;51.2;33.5;650;695.5;43;38;49;87;43.8;36;31.7;694;301.3;21
2026-07-21;04:14:03.293;41;41.023100;28.987500;95;34.3;17.5;397;36;50;47;18.9;1304;695.8;25;33;43;87;43.8;53.9;36.5;836;301.4;65
2026-07-21;04:14:03.563;37;41.022100;28.986500;68;47.1;22.5;439;33;71;46.2;13.4;1529;696.3;30;39;42;86;44.0;43;22.3;443;301.6;47
2026-07-21;04:14:04.430;32;41.021100;28.985500;82;45;20.3;775;40;74;44.9;39.8;535;696.5;25;42;30;86;43.8;55.6;34.6;1913;301.7;66
2026-07-21;04:14:04.430;34;41.020100;28.984500;98;31.1;24;572;35;74;44.2;34.9;1968;696.9;31;41;33;86;43.7;35.4;32.7;2110;301.8;23
2026-07-21;04:14:04.502;66;41.019100;28.983500;95;47;17.5;272;39;60;46.5;12.4;1058;697.1;31;45;32;85;43.4;41.6;35.5;1179;301.9;79
2026-07-21;04:14:05.947;48;41.018100;28.982500;76;39.7;21.7;484;27;69;48.9;28.2;1886;697.3;25;45;46;85;43.6;56.3;40.1;1677;302.1;61
2026-07-21;04:14:06.020;31;41.017100;28.981500;60;37.6;12.9;477;28;57;45.4;10.6;1246;697.6;44;37;43;85;43.5;46.5;16.7;418;302.2;77
2026-07-21;04:14:06.020;82;41.016100;28.980500;77;45.2;7.7;706;42;66;43.5;40;1295;697.8;34;37;35;86;43.3;48.1;37.8;441;302.4;57
2026-07-21;04:14:06.092;87;41.015100;28.979500;71;42.2;23;716;28;64;45.5;32.4;1032;697.9;34;35;47;86;43.4;55.1;19.7;2453;302.5;58
2026-07-21;04:14:06.092;41;41.016100;28.980500;68;32;23.8;258;30;54;44.2;38.5;1300;698.0;31;31;32;86;43.0;32.4;35;428;302.6;44
2026-07-21;04:14:06.467;80;41.017100;28.981500;93;30.8;10.3;746;26;72;49.3;39.8;1280;698.4;34;34;37;87;42.5;34.5;31.2;2320;302.7;60
2026-07-21;04:14:07.171;53;41.018100;28.982500;72;42.5;23;368;28;68;44.2;8.9;1625;698.8;29;37;46;87;42.7;51;33.4;1620;302.9;82
2026-07-21;04:14:07.172;45;41.019100;28.983500;91;34.7;14.5;479;33;54;53.7;25;795;699.0;41;39;33;88;43.1;54.8;40.1;465;303.0;43
2026-07-21;04:14:07.441;46;41.020100;28.984500;91;38;17;262;41;74;58.1;37.7;1389;699.2;41;46;32;87;43.0;37.8;37.8;958;303.1;44
2026-07-21;04:14:08.328;56;41.021100;28.985500;75;35.2;17.7;381;36;71;50.7;26.1;870;699.4;28;46;30;87;42.7;30.8;15.3;1963;303.3;60
2026-07-21;04:14:08.417;57;41.022100;28.986500;78;47.5;12.6;641;42;61;46;19.6;1287;699.9;28;46;47;87;42.2;43.1;48.9;1579;303.4;26
2026-07-21;04:14:08.488;43;41.023100;28.987500;92;44.7;10.6;235;36;55;45.6;24.6;1942;700.2;30;39;39;87;41.9;44.2;20.6;340;303.5;81
2026-07-21;04:14:09.860;61;41.024100;28.988500;98;44.5;8.6;459;35;73;46.9;14;1580;700.6;42;34;49;87;42.3;30.4;15.8;871;303.6;54
2026-07-21;04:14:09.933;79;41.025100;28.989500;72;37.8;20.3;252;37;73;59.5;24.9;951;700.9;31;46;46;87;42.3;33.5;48.2;2297;303.7;48
2026-07-21;04:14:09.934;21;41.026100;28.990500;91;31.6;11.5;678;35;74;43.7;19.5;1557;701.4;31;33;41;87;42.7;31.1;22.6;1148;303.8;35
2026-07-21;04:14:10.051;73;41.025100;28.989500;66;47.7;16.3;584;37;66;47.2;15.9;1606;701.6;27;44;45;88;42.7;59.4;39.7;368;303.9;51
2026-07-21;04:14:10.124;33;41.024100;28.988500;99;34.9;6.6;505;40;73;40.3;16.9;616;702.0;30;43;40;89;42.8;53.9;47.1;452;304.1;21
2026-07-21;04:14:10.538;28;41.023100;28.987500;87;35;10.4;347;26;62;52.6;26.6;1969;702.4;25;28;46;89;43.1;50.6;25.8;1053;304.3;72
2026-07-21;04:14:11.375;81;41.022100;28.986500;64;43.8;21.6;218;39;53;55;15.9;665;702.6;39;37;46;88;43.2;49.6;15.2;2218;304.3;60
2026-07-21;04:14:11.375;44;41.021100;28.985500;70;36.9;16.6;580;39;63;52.9;8.4;1856;703.1;41;44;34;88;42.8;30.5;30.7;512;304.5;66
2026-07-21;04:14:11.446;87;41.020100;28.984500;61;37.5;6.8;656;34;63;54.6;10;1703;703.3;41;47;39;88;42.4;50.5;19.6;1394;304.7;63
2026-07-21;04:14:12.857;48;41.019100;28.983500;71;34.5;5.6;757;27;72;57.4;5.7;1897;703.4;34;32;34;87;42.4;51.9;23.5;883;304.9;49
2026-07-21;04:14:12.930;75;41.018100;28.982500;89;32.4;8.6;478;42;62;53.3;7.8;1416;703.8;29;29;31;87;42.0;46.7;14.3;1795;304.9;73
2026-07-21;04:14:12.930;36;41.017100;28.981500;70;35.1;11.2;438;38;64;54.8;32.9;1382;703.9;29;37;41;88;42.5;39;45;2040;305.0;57
2026-07-21;04:14:13.047;20;41.016100;28.980500;81;41.4;18.7;650;39;71;49.7;36.9;1461;704.2;25;43;46;88;42.8;31.9;17;1436;305.2;35
2026-07-21;04:14:13.118;37;41.015100;28.979500;93;32.9;6.4;763;39;74;58.9;11.5;808;704.6;33;34;41;87;42.5;35.7;34.6;656;305.2;61
2026-07-21;04:14:13.496;75;41.016100;28.980500;65;45.2;19.9;539;43;56;44.5;10.9;502;704.8;38;32;43;88;42.9;54.1;6.8;2371;305.4;41
2026-07-21;04:14:14.320;40;41.017100;28.981500;96;40.3;22.9;730;33;69;56.7;35.4;1176;705.2;36;38;35;87;42.6;37;9.3;1220;305.6;22
2026-07-21;04:14:14.321;61;41.018100;28.982500;70;32.5;17.2;255;27;51;59;7.8;1591;705.5;42;43;40;87;43.0;39.8;24.5;1753;305.7;27
2026-07-21;04:14:14.590;51;41.019100;28.983500;99;40.2;9.2;456;36;66;54.4;5.3;849;705.8;41;39;46;86;43.1;49.4;42.4;1230;305.7;82
2026-07-21;04:14:15.741;45;41.020100;28.984500;78;44;20.8;779;32;61;44.4;35.7;701;706.2;40;41;30;86;43.0;32.5;46.9;1419;305.9;74
2026-07-21;04:14:15.814;37;41.021100;28.985500;86;43.6;17.6;706;43;74;40.3;33.3;1679;706.7;33;37;34;86;43.0;55.4;7;729;306.0;51
2026-07-21;04:14:15.817;54;41.022100;28.986500;83;42.9;15.1;301;29;53;41.9;21.7;991;707.1;25;28;49;86;42.9;57.2;11.6;493;306.2;61
2026-07-21;04:14:16.031;67;41.023100;28.987500;60;42.5;23.8;759;39;52;46.9;20.6;1043;707.5;27;46;42;86;42.9;32.4;46.5;502;306.3;20
2026-07-21;04:14:16.179;29;41.024100;28.988500;86;34.6;10.1;423;33;73;40;15;1163;707.7;25;30;39;85;43.1;35.3;41.2;2248;306.4;47
2026-07-21;04:14:16.956;87;41.025100;28.989500;80;31.7;10.4;429;37;55;40.1;36.6;1744;708.1;41;44;33;85;42.9;51.1;46;1166;306.6;26
2026-07-21;04:14:17.102;38;41.026100;28.990500;86;44.4;8.6;456;27;50;53.1;28.5;876;708.5;38;35;34;85;42.9;47.7;30.6;991;306.7;40
2026-07-21;04:14:17.178;53;41.025100;28.989500;65;30.5;7.1;361;30;62;44.4;8.6;1439;708.7;40;46;36;86;43.1;43.3;14.9;2447;306.9;57
2026-07-21;04:14:17.485;78;41.024100;28.988500;77;38.4;22;229;35;67;54.9;10;1757;709.2;31;29;45;85;43.5;32.1;25.8;658;307.1;62
2026-07-21;04:14:18.333;67;41.023100;28.987500;79;37.4;14.5;283;26;51;40.4;32.6;1569;709.4;30;35;35;85;43.3;45.6;48.2;1296;307.3;75
2026-07-21;04:14:18.406;47;41.022100;28.986500;82;40.5;17.8;512;43;59;44.8;11.8;1323;709.7;44;28;36;85;43.0;44.9;45.5;574;307.4;57
2026-07-21;04:14:18.481;36;41.021100;28.985500;73;40.7;23.2;262;44;65;56.1;14.3;534;709.9;29;40;42;86;42.6;49.7;39.2;1967;307.6;59
2026-07-21;04:14:19.894;62;41.020100;28.984500;76;30.9;20.7;486;26;50;49.6;37.4;653;710.1;27;47;33;87;42.3;47.5;39.7;1602;307.7;33
2026-07-21;04:14:19.967;31;41.019100;28.983500;93;47.6;5.2;425;39;72;56.9;34.1;1758;710.3;33;36;38;87;42.3;51.3;9.7;1058;307.8;34
2026-07-21;04:14:19.967;28;41.018100;28.982500;91;32.4;8;568;38;53;48.2;24.7;1101;710.5;37;41;30;87;41.9;53.8;22.8;702;308.0;20
2026-07-21;04:14:20.041;69;41.017100;28.981500;93;37.2;9.1;433;36;74;54.9;36.4;774;710.9;37;41;32;87;42.2;32.6;16.3;718;308.0;59
2026-07-21;04:14:20.114;26;41.016100;28.980500;72;36.7;11;213;36;74;56.2;13.6;1723;711.1;36;36;34;87;42.1;51;23.7;1960;308.1;53
2026-07-21;04:14:20.515;50;41.015100;28.979500;81;48.7;9.2;481;32;57;40.6;21.5;1298;711.2;27;47;49;87;41.8;53.1;19.8;1658;308.2;80
2026-07-21;04:14:21.384;62;41.016100;28.980500;64;40;15;237;29;70;46;14;1323;711.4;27;43;47;87;42.0;44;30.4;716;308.4;56
2026-07-21;04:14:21.384;89;41.017100;28.981500;64;41.3;11.4;672;26;50;58.3;26.7;577;711.7;28;37;45;87;41.8;32.4;18.5;1882;308.6;87
2026-07-21;04:14:21.599;61;41.018100;28.982500;86;42.1;21.8;365;27;60;47.9;26.8;1586;712.1;28;32;38;87;42.1;37;49.6;988;308.7;29
2026-07-21;04:14:22.116;77;41.019100;28.983500;75;40.4;11.8;441;43;70;47.3;35.9;810;712.3;43;45;36;88;42.5;45.7;24.6;1005;308.8;51
2026-07-21;04:14:22.189;60;41.020100;28.984500;65;30.3;12.3;615;42;61;44.2;18.3;631;712.5;39;33;47;88;42.2;52.1;14.3;1096;308.8;38
2026-07-21;04:14:22.557;21;41.021100;28.985500;87;41.6;20.7;327;34;54;55.3;24.9;811;713.0;31;36;31;88;42.1;37.6;16;341;309.0;41
2026-07-21;04:14:23.417;72;41.022100;28.986500;83;35.6;16.4;674;27;74;40.4;13.7;1998;713.1;25;42;42;87;41.7;38;22.4;2221;309.0;68
2026-07-21;04:14:23.417;52;41.023100;28.987500;78;37.5;17.8;447;29;53;59.9;33.6;1544;713.6;28;44;41;87;41.6;36.8;15.6;1385;309.2;69
2026-07-21;04:14:23.486;82;41.024100;28.988500;68;40.5;21.5;253;38;59;54.6;20;1139;714.1;30;36;41;86;41.9;36.1;47.1;1220;309.3;26
2026-07-21;04:14:24.920;34;41.025100;28.989500;81;39.8;22.7;741;41;63;45.6;6;1886;714.5;26;34;30;86;41.4;37.5;30.2;1037;309.5;57
2026-07-21;04:14:24.994;44;41.026100;28.990500;93;42.8;5.3;386;35;57;41.5;6.8;1732;714.7;38;41;48;86;41.4;47.1;10;1278;309.6;29
2026-07-21;04:14:24.994;82;41.025100;28.989500;80;47;8.2;290;41;51;47.5;5.9;1275;715.0;32;34;36;86;41.0;48.1;35.3;2238;309.7;69
2026-07-21;04:14:25.067;54;41.024100;28.988500;84;46.3;20;228;37;68;47.1;9.4;1334;715.3;32;47;45;86;41.0;56.7;35.4;1413;309.9;87
2026-07-21;04:14:25.140;81;41.023100;28.987500;66;38;19.9;533;29;66;43.2;39.7;1629;715.7;34;40;45;85;40.8;39.7;45.8;504;310.1;61
2026-07-21;04:14:25.592;82;41.022100;28.986500;85;35.1;8.9;585;35;58;45.9;15.8;838;716.0;33;41;46;84;41.2;48.4;16;540;310.2;21
2026-07-21;04:14:26.181;86;41.021100;28.985500;85;37.5;20.9;295;30;63;54.7;33.9;1669;716.3;42;39;48;84;41.1;38;35.3;871;310.4;58
2026-07-21;04:14:26.181;53;41.020100;28.984500;94;33.5;16.4;770;32;69;48.7;24.4;1195;716.6;38;28;46;85;40.8;41.9;22.9;644;310.5;54
2026-07-21;04:14:26.595;70;41.019100;28.983500;84;48.9;15.3;473;42;62;43.6;10.1;1594;716.9;35;34;45;85;40.9;34.4;25.8;2010;310.6;27
2026-07-21;04:14:27.441;22;41.018100;28.982500;95;34.4;8.5;302;42;62;58.4;26.7;1734;717.3;43;44;40;85;41.2;38.5;35;2245;310.8;35
2026-07-21;04:14:27.442;38;41.017100;28.981500;68;34.9;11;545;39;73;52.5;6.9;842;717.4;36;28;40;85;40.9;44.8;39.2;2367;310.9;32
2026-07-21;04:14:27.541;37;41.016100;28.980500;86;42.9;9.6;415;27;67;55;5.4;1380;717.7;36;40;41;86;41.0;55.1;23;1780;310.9;22
2026-07-21;04:14:28.467;69;41.015100;28.979500;85;40.6;6.4;709;41;71;52.7;28.2;608;717.8;41;44;36;86;41.3;47.8;5;497;311.0;77
2026-07-21;04:14:28.539;81;41.016100;28.980500;98;37.8;17.8;329;27;62;58.8;14.7;1510;718.2;40;47;33;85;41.1;40.7;9.5;650;311.2;67
2026-07-21;04:14:28.539;67;41.017100;28.981500;89;40;12.5;480;44;66;55.2;27.9;1345;718.3;32;33;46;86;40.7;54.2;18.5;686;311.3;56
2026-07-21;04:14:29.498;58;41.018100;28.982500;86;40.2;20.7;481;32;55;58.1;18.3;1195;718.8;37;30;43;85;41.1;49.2;42.7;781;311.4;41
2026-07-21;04:14:29.571;68;41.019100;28.983500;79;33.6;5.6;268;33;57;58.1;34.4;1594;719.3;41;28;40;85;41.1;31.8;22.8;479;311.5;41
2026-07-21;04:14:29.571;81;41.020100;28.984500;63;45.6;24.2;385;33;70;56.3;17.3;1785;719.5;39;33;42;86;40.9;48.6;34.3;398;311.6;74
2026-07-21;04:14:30.532;26;41.021100;28.985500;84;44.6;21.1;505;40;63;59.2;9.1;937;719.6;34;41;36;87;40.8;52;33.4;1080;311.8;83
2026-07-21;04:14:30.604;45;41.022100;28.986500;61;45.7;16;305;30;60;58.4;11.2;785;719.7;31;39;37;88;40.3;42.6;21.8;1181;311.9;25
2026-07-21;04:14:30.605;56;41.023100;28.987500;62;42.5;21.8;426;42;56;40.6;18.4;755;719.8;35;41;48;87;40.8;44.1;8.8;439;312.0;57
2026-07-21;04:14:31.555;69;41.024100;28.988500;90;30.2;16;338;44;68;59;23.1;1084;720.2;44;41;31;86;41.0;46.1;30.1;1470;312.1;34
2026-07-21;04:14:31.628;60;41.025100;28.989500;89;48.8;11.2;685;38;74;55.7;18.9;1480;720.4;27;41;44;86;40.6;31.8;21.6;1730;312.2;50
2026-07-21;04:14:31.628;29;41.026100;28.990500;91;48.8;19.8;764;41;54;56.4;8.8;515;720.6;35;44;40;86;40.7;31.3;7.7;1348;312.4;70
2026-07-21;04:14:32.495;35;41.025100;28.989500;62;41.1;18.9;364;37;74;57.7;5.1;1192;720.7;42;33;34;86;40.3;39.5;46.1;534;312.5;25
2026-07-21;04:14:32.496;29;41.024100;28.988500;92;35;5.8;427;40;57;47.7;33.2;711;721.0;40;44;35;86;40.6;38.6;9;1638;312.6;82
2026-07-21;04:14:32.566;63;41.023100;28.987500;92;43;11.5;611;33;70;51.9;30.8;544;721.4;29;47;39;87;40.9;41.6;19.8;1790;312.7;63
2026-07-21;04:14:33.989;74;41.022100;28.986500;76;43.7;9;769;32;52;49.4;6.9;1551;721.8;34;41;41;87;41.1;39.2;47.7;869;312.8;28
2026-07-21;04:14:34.061;74;41.021100;28.985500;93;38.2;22.7;328;35;52;52.9;33.3;1001;722.2;30;36;42;86;41.3;40.4;45.1;2169;313.0;35
2026-07-21;04:14:34.061;72;41.020100;28.984500;85;45.8;9.9;546;41;51;56.6;34.7;540;722.3;38;41;40;86;41.3;49.1;22.7;778;313.2;42
2026-07-21;04:14:34.061;54;41.019100;28.983500;68;48.2;12.4;590;44;69;50.5;33.3;1661;722.6;26;43;44;86;40.9;59.5;31.1;1313;313.4;76
2026-07-21;04:14:34.135;63;41.018100;28.982500;68;36.1;6.7;740;34;67;55.5;8.7;1122;722.9;29;38;43;87;40.8;41.2;23.9;760;313.4;33
2026-07-21;04:14:34.568;49;41.017100;28.981500;90;34.4;20.2;460;34;56;40.3;28.2;1488;723.1;36;35;31;86;40.7;42.8;6.6;608;313.6;41
2026-07-21;04:14:35.373;77;41.016100;28.980500;89;34.8;23.1;636;38;67;43;27.4;1605;723.5;26;47;37;85;40.5;37.2;40.5;1255;313.6;23
2026-07-21;04:14:35.374;79;41.015100;28.979500;85;43.9;24.1;290;26;56;51;6.6;1121;723.8;30;38;42;85;40.5;30.9;30.2;2399;313.7;45
2026-07-21;04:14:35.645;36;41.016100;28.980500;87;33.2;7.5;365;30;54;47.1;22.8;1480;724.1;35;39;37;84;40.2;57.4;23.4;1859;313.8;75
2026-07-21;04:14:36.178;44;41.017100;28.981500;82;31.2;10.8;670;36;66;41.8;12;1035;724.5;41;37;49;85;40.5;49.7;14;1119;314.0;43
2026-07-21;04:14:36.179;22;41.018100;28.982500;78;39.1;22.5;333;36;51;49.2;17.6;1028;724.8;32;34;41;85;40.4;30.8;30.5;1521;314.2;62
2026-07-21;04:14:36.594;76;41.019100;28.983500;85;42.4;7.1;666;25;73;55.9;14.6;712;725.1;27;37;30;85;40.6;51.6;44.9;705;314.3;78
2026-07-21;04:14:37.436;85;41.020100;28.984500;90;39.3;17.5;212;40;52;56.1;9;975;725.3;33;41;31;86;40.3;54.6;31.9;931;314.3;47
2026-07-21;04:14:37.437;60;41.021100;28.985500;99;40.7;18.6;614;44;73;48.8;9.8;1145;725.4;42;41;37;85;40.4;54.4;37.2;1209;314.5;36
2026-07-21;04:14:37.510;67;41.022100;28.986500;60;49;12.7;707;36;74;54.9;30.5;1207;725.7;44;39;37;85;40.8;53.5;5.1;2405;314.6;59
2026-07-21;04:14:38.778;46;41.023100;28.987500;89;48.2;13;306;41;69;46.4;37.5;1107;725.9;30;37;43;84;41.1;49.2;39.4;2160;314.7;53
2026-07-21;04:14:38.850;21;41.024100;28.988500;63;34.3;13.3;641;36;64;41.2;34.3;1151;726.1;39;37;49;84;40.7;49.6;31;2361;314.9;45
2026-07-21;04:14:38.850;70;41.025100;28.989500;68;42.4;19.3;597;42;66;41.2;10.8;684;726.6;44;44;35;85;40.3;39.9;42.2;611;315.0;60
2026-07-21;04:14:39.074;38;41.026100;28.990500;85;35.1;12.5;670;33;55;45.1;27.4;893;726.9;29;33;30;84;39.8;48;6.7;508;315.0;33
2026-07-21;04:14:39.222;30;41.025100;28.989500;87;47.5;5.4;762;31;70;48.7;15.5;1283;727.2;40;36;38;84;39.9;48.4;43.9;684;315.1;30
2026-07-21;04:14:40.046;70;41.024100;28.988500;97;35.6;20;408;36;70;58.8;19.8;534;727.4;39;43;32;85;39.5;45.2;29.2;1189;315.2;56
2026-07-21;04:14:40.146;28;41.023100;28.987500;73;46.7;23.8;735;29;57;41.7;5.1;1700;727.8;38;46;34;85;39.1;44.3;6.5;1768;315.3;21
2026-07-21;04:14:40.219;68;41.022100;28.986500;76;32.4;22.5;536;39;67;57.4;40;1952;728.3;31;41;35;86;39.1;55.2;5.3;1206;315.3;46
2026-07-21;04:14:40.533;25;41.021100;28.985500;99;49.7;11.9;524;35;60;55.2;16.3;658;728.5;28;30;36;85;39.4;30.4;40.6;1315;315.4;51
2026-07-21;04:14:41.373;22;41.020100;28.984500;92;48.4;9;434;29;61;46.7;12.7;1050;728.8;39;44;43;85;39.0;57.7;48.9;2401;315.6;52
2026-07-21;04:14:41.373;53;41.019100;28.983500;61;44.3;13.4;294;27;65;47.2;39.1;883;729.1;31;35;42;85;39.4;43.9;10.4;2160;315.7;56
2026-07-21;04:14:41.567;35;41.018100;28.982500;88;37.3;11.9;485;31;71;58.2;19.4;1579;729.6;27;47;32;84;39.6;32.2;24.8;1983;315.8;54
2026-07-21;04:14:42.436;41;41.017100;28.981500;85;32.5;13;623;28;56;44.8;23.3;716;729.9;42;33;41;83;40.1;56.8;24.3;2254;316.0;40
2026-07-21;04:14:42.436;41;41.016100;28.980500;75;45.5;16.5;312;25;58;50;11.6;1413;730.1;38;42;42;83;40.0;37.3;29.5;1969;316.1;65
2026-07-21;04:14:42.509;61;41.015100;28.979500;77;31.6;20.9;576;42;61;56.3;38.5;710;730.5;39;28;33;83;40.0;30.3;38.3;796;316.1;49
2026-07-21;04:14:43.911;43;41.016100;28.980500;84;40.6;14.7;520;43;72;41;15.3;1495;731.0;33;41;49;83;40.3;47.1;11.1;2104;316.3;34
2026-07-21;04:14:43.986;51;41.017100;28.981500;80;45.4;13.7;381;34;67;55.5;28.1;1738;731.2;39;42;43;84;39.9;38.5;35.1;587;316.4;25
2026-07-21;04:14:43.986;55;41.018100;28.982500;79;32.2;6.4;460;35;59;51;24.6;1356;731.4;43;38;31;84;39.9;58.6;48.8;2121;316.5;36
2026-07-21;04:14:44.060;86;41.019100;28.983500;95;38.8;10.4;302;40;72;49;27.6;1664;731.5;32;36;41;83;40.2;38.6;41.8;2388;316.6;67
2026-07-21;04:14:44.132;23;41.020100;28.984500;97;41.1;9.1;760;36;67;50.5;27.8;1555;731.8;29;43;31;83;40.4;51.8;27.8;1197;316.7;87
2026-07-21;04:14:44.576;88;41.021100;28.985500;99;32.1;21.4;358;36;50;43.9;24.8;1445;732.0;44;47;48;83;39.9;44.5;34.3;1103;316.8;89
2026-07-21;04:14:45.398;42;41.022100;28.986500;89;42.4;20.4;602;38;50;52.5;8.5;1693;732.4;33;41;47;84;40.4;54.6;41.3;409;316.9;73
2026-07-21;04:14:45.398;45;41.023100;28.987500;72;37.9;16.1;598;26;70;58.5;24.3;1797;732.7;43;40;47;83;40.7;54.4;35.5;1542;316.9;42
2026-07-21;04:14:45.657;87;41.024100;28.988500;72;34;19.8;703;26;60;43;9.3;1940;733.1;30;46;46;84;41.2;50;7.2;1173;317.1;69
2026-07-21;04:14:46.282;84;41.025100;28.989500;61;32.5;9.1;658;42;53;40.7;27.4;1276;733.3;26;34;47;84;40.8;39.3;31.7;1281;317.3;54
2026-07-21;04:14:46.283;58;41.026100;28.990500;97;48.8;5.1;247;42;71;44.2;14.8;548;733.8;28;37;30;84;40.4;32.3;27.5;1628;317.4;40
2026-07-21;04:14:46.552;83;41.025100;28.989500;76;37.2;23;236;26;51;44.1;28.1;713;734.0;25;46;30;83;40.7;37.5;6.4;1788;317.6;20
2026-07-21;04:14:47.899;76;41.024100;28.988500;73;36.5;13.2;475;44;54;42.6;17.8;1899;734.2;39;36;30;84;40.7;40.9;22.8;444;317.8;68
2026-07-21;04:14:47.972;40;41.023100;28.987500;75;37.1;16.4;287;35;50;41.1;33.4;1353;734.3;35;28;35;83;41.1;51.3;44.4;1105;317.8;58
2026-07-21;04:14:47.973;71;41.022100;28.986500;99;39.4;24.6;350;38;72;45.1;33.8;562;734.5;38;45;32;83;41.3;50.2;32.5;2218;318.0;61
2026-07-21;04:14:48.064;55;41.021100;28.985500;70;39.7;6;363;41;56;42.3;26.6;999;735.0;39;32;32;82;41.5;34.4;9.3;2354;318.0;56
2026-07-21;04:14:48.195;22;41.020100;28.984500;79;49.2;12.3;774;37;55;52.3;35.5;1159;735.1;36;40;46;81;41.5;54;35.9;2316;318.2;52
2026-07-21;04:14:48.521;73;41.019100;28.983500;82;42.8;17.5;252;29;70;47.6;5.3;638;735.4;39;43;48;80;41.3;53.5;42.3;1634;318.3;78
2026-07-21;04:14:49.377;23;41.018100;28.982500;92;42;21.5;233;32;63;58.7;7.2;984;735.7;33;46;36;80;41.0;39.2;27.1;2435;318.4;29
2026-07-21;04:14:49.378;80;41.017100;28.981500;78;30.8;7.4;250;27;53;51.8;35.3;826;736.1;39;41;34;80;41.0;52.9;22.6;672;318.5;81
2026-07-21;04:14:49.652;63;41.016100;28.980500;64;35.2;18.2;272;34;70;54.3;33.1;1633;736.3;43;34;46;80;40.7;57.3;29.6;1289;318.7;74
2026-07-21;04:14:50.519;58;41.015100;28.979500;79;30;24.8;738;26;65;57.5;6.9;1723;736.8;38;41;43;80;40.8;55.1;42.2;2340;318.8;82
2026-07-21;04:14:50.519;53;41.016100;28.980500;97;33.2;16.8;308;41;58;58.8;36.2;1550;737.1;25;41;47;81;41.0;44.4;33.6;1288;319.0;20
2026-07-21;04:14:50.593;35;41.017100;28.981500;79;42.9;13.7;281;31;55;47;32.8;884;737.4;42;40;45;81;40.9;42.4;21.7;1546;319.1;42
2026-07-21;04:14:51.493;83;41.018100;28.982500;66;41.7;7.1;680;35;71;50.1;16.6;643;737.5;42;44;49;82;40.4;54.2;42.5;1892;319.2;64
2026-07-21;04:14:51.566;57;41.019100;28.983500;72;35.2;16.8;209;33;63;51.8;38.5;1797;738.0;34;39;34;81;40.6;43.6;21.7;2086;319.3;41
2026-07-21;04:14:51.566;63;41.020100;28.984500;64;36;20.8;636;26;67;47.6;15.6;1252;738.5;28;40;38;82;40.8;56.5;20.2;395;319.5;36
2026-07-21;04:14:52.537;23;41.021100;28.985500;99;45.4;9.9;418;29;55;50;26;1821;738.7;33;30;40;82;40.7;57.7;40.4;1280;319.6;78
2026-07-21;04:14:52.608;67;41.022100;28.986500;67;41.5;6.7;749;26;56;47.5;11.1;686;739.0;39;33;35;81;40.8;43.1;17.5;1611;319.7;23
2026-07-21;04:14:52.611;77;41.023100;28.987500;92;40.8;22.3;676;33;50;43.8;12.6;1756;739.5;26;35;48;81;40.8;50;44.6;1156;319.8;69
2026-07-21;04:14:54.058;64;41.024100;28.988500;94;30.6;8.4;793;26;60;51.9;7.9;1442;739.9;36;36;30;81;40.8;43.8;48.7;2024;319.9;66
2026-07-21;04:14:54.134;74;41.025100;28.989500;89;40.5;15.2;746;29;66;57.5;30.7;1805;740.2;25;46;47;82;41.0;46.7;44.9;1594;320.0;86
2026-07-21;04:14:54.134;70;41.026100;28.990500;85;46.9;22.2;255;44;66;57.7;28.6;543;740.6;26;31;49;83;41.2;31.1;42.2;1480;320.2;22
2026-07-21;04:14:54.134;55;41.025100;28.989500;60;30.5;8.9;678;41;63;56;30;1462;740.9;29;39;33;83;41.3;59.6;27.4;1350;320.2;78
2026-07-21;04:14:54.202;52;41.024100;28.988500;95;35.7;23;249;38;66;40.4;30.8;705;741.1;29;34;45;83;41.7;52;21.8;1879;320.3;88
2026-07-21;04:14:54.601;54;41.023100;28.987500;78;46;22.2;281;37;62;51.4;38.3;967;741.3;26;42;44;82;42.1;53.2;40.9;2091;320.4;48
2026-07-21;04:14:55.429;22;41.022100;28.986500;90;44.6;10.7;492;42;71;60;24.9;591;741.7;32;43;32;83;42.3;53.4;27.2;1268;320.5;56
2026-07-21;04:14:55.429;80;41.021100;28.985500;88;35.7;19.6;328;31;68;41.5;16.8;1440;741.9;35;41;39;83;41.9;47.6;49.1;1916;320.6;47
2026-07-21;04:14:55.700;33;41.020100;28.984500;99;32.2;19.3;477;38;54;53.2;37.3;1065;742.3;41;44;45;83;42.1;44.9;25;601;320.7;41
2026-07-21;04:14:56.576;57;41.019100;28.983500;83;32.1;8.4;327;36;67;47.7;38.5;634;742.5;25;38;44;82;41.6;41;11.7;949;320.9;87
2026-07-21;04:14:56.577;35;41.018100;28.982500;62;38.1;10;628;32;69;55.6;26.8;1877;742.6;31;37;35;83;41.7;32.1;28.9;312;321.0;81
2026-07-21;04:14:56.649;41;41.017100;28.981500;60;41.8;22.3;447;38;55;46.5;17.7;1152;743.0;37;45;49;83;41.8;42.8;49;1853;321.1;29
2026-07-21;04:14:57.560;48;41.016100;28.980500;92;46.7;14.7;405;41;59;53;8;1240;743.3;34;29;40;82;41.5;30.7;38.6;1580;321.3;40
2026-07-21;04:14:57.632;36;41.015100;28.979500;96;38.4;24.5;309;43;69;48.3;16.3;1434;743.8;44;46;38;82;41.2;58.4;23.4;1373;321.4;33
2026-07-21;04:14:57.633;67;41.016100;28.980500;83;44.9;21.1;367;42;69;43.9;19.9;1451;744.0;27;30;38;82;41.1;36;48;1183;321.6;78
2026-07-21;04:14:58.312;33;41.017100;28.981500;62;46.4;8.5;355;31;60;59.9;19.8;1556;744.1;44;40;42;83;41.0;55.8;8.3;1791;321.6;67
2026-07-21;04:14:58.386;24;41.018100;28.982500;96;33.3;16.5;321;29;52;49.2;35.4;1420;744.5;27;44;44;83;41.0;30.3;20.4;818;321.8;59
2026-07-21;04:14:58.614;41;41.019100;28.983500;61;37.7;22.2;768;30;50;57.4;13.3;564;744.7;35;45;37;83;40.5;32.6;49.5;577;321.8;49
2026-07-21;04:14:59.469;40;41.020100;28.984500;90;37;23.7;420;27;71;59.5;34.6;1867;744.9;33;42;32;84;40.5;45.3;14;1977;322.0;22
2026-07-21;04:14:59.542;38;41.021100;28.985500;61;38;18.7;627;27;53;52.7;37;1588;745.4;35;44;43;84;40.8;50.5;10.5;2291;322.1;48
2026-07-21;04:14:59.614;43;41.022100;28.986500;82;45.5;7.8;417;44;72;56.9;15.6;1008;745.5;32;40;33;84;41.2;52.9;32;1115;322.2;39
2026-07-21;04:15:00.594;59;41.023100;28.987500;70;37.9;20.3;381;34;68;41.9;9.6;1305;745.9;41;33;37;85;40.8;51;35.7;1465;322.3;70
2026-07-21;04:15:00.671;22;41.024100;28.988500;92;33.1;13.6;796;44;58;58.1;11.2;621;746.0;37;35;30;86;40.6;52.5;47;1600;322.4;36
2026-07-21;04:15:00.671;60;41.025100;28.989500;61;36.6;12.5;268;39;66;48.4;11.9;1760;746.4;33;40;42;86;41.0;31;24.3;1953;322.5;87
2026-07-21;04:15:01.178;79;41.026100;28.990500;83;39;22.9;694;26;66;44.6;16.5;1029;746.8;29;46;42;87;40.7;56.6;31.1;2141;322.7;66
2026-07-21;04:15:01.249;66;41.025100;28.989500;84;40.6;16.8;436;33;52;42.2;34.4;1365;747.2;38;33;36;87;40.5;54.2;18.5;972;322.8;21
2026-07-21;04:15:01.622;89;41.024100;28.988500;85;32.4;8.2;304;25;66;46.5;24.5;1439;747.5;33;38;32;87;40.5;55.3;23.6;1759;322.9;44
2026-07-21;04:15:02.434;66;41.023100;28.987500;72;41.2;20.4;491;40;70;41.2;27;1478;747.7;32;37;44;86;40.3;31.5;35.4;1798;323.0;81
2026-07-21;04:15:02.435;72;41.022100;28.986500;96;32.5;20.9;223;26;54;55.8;12.3;1821;747.9;37;33;32;86;40.4;46;32.1;842;323.1;21
2026-07-21;04:15:02.706;20;41.021100;28.985500;86;38.5;5.8;539;29;58;55.5;29.2;995;748.2;38;39;31;86;40.7;31.3;23.5;2411;323.2;79
2026-07-21;04:15:03.577;55;41.020100;28.984500;60;34.1;19.1;201;44;52;55.3;31.3;1184;748.4;27;32;31;86;40.3;54.5;23.1;1281;323.3;76
2026-07-21;04:15:03.578;44;41.019100;28.983500;72;47.5;16.9;763;41;70;58.7;8.9;1534;748.9;37;29;33;87;40.3;33.7;32.3;1635;323.5;27
2026-07-21;04:15:03.649;62;41.018100;28.982500;64;39.2;7;654;39;61;54.9;25.2;757;749.3;29;41;35;86;40.7;56.5;44;2027;323.5;51
2026-07-21;04:15:05.053;60;41.017100;28.981500;68;31.2;8;381;38;74;41.1;27.2;1679;749.5;41;33;36;86;41.2;40;46.8;1268;323.7;87
2026-07-21;04:15:05.127;64;41.016100;28.980500;63;46.1;20.1;308;29;74;44.9;8;1512;749.9;35;44;31;86;41.0;39.1;21.8;2092;323.8;44
2026-07-21;04:15:05.127;26;41.015100;28.979500;89;32;20.7;352;29;63;49.3;8.3;1548;750.4;30;47;32;86;41.2;47.4;5.6;1748;323.9;64
2026-07-21;04:15:05.200;52;41.016100;28.980500;84;49.3;18.6;254;35;55;48.3;28.8;567;750.6;32;30;45;86;41.6;42.9;11.5;1669;324.1;89
2026-07-21;04:15:05.273;63;41.017100;28.981500;65;42.6;7.6;766;44;52;57.7;16.7;604;751.0;44;45;48;87;41.3;45.5;47.3;1229;324.3;58
2026-07-21;04:15:05.585;21;41.018100;28.982500;94;43;21.8;638;40;71;45.1;16.7;1369;751.2;35;42;34;87;40.9;59.1;33.1;481;324.3;49
2026-07-21;04:15:06.442;64;41.019100;28.983500;92;36.1;24;556;38;67;55.2;25.9;1690;751.6;43;42;39;87;40.9;56.2;38.9;1993;324.5;79
2026-07-21;04:15:06.442;20;41.020100;28.984500;78;48.6;16.3;674;26;60;55.1;37.9;1522;751.8;31;31;38;86;40.8;33.7;47.1;396;324.6;89
2026-07-21;04:15:06.715;70;41.021100;28.985500;79;31.5;12.2;516;31;74;42.4;34.6;1800;752.3;32;43;39;86;40.6;39.7;24.8;2083;324.8;77
2026-07-21;04:15:07.469;56;41.022100;28.986500;85;45.6;23.5;788;44;58;44.7;26.3;971;752.7;28;47;37;86;40.5;38.7;5.6;1826;325.0;49
2026-07-21;04:15:07.544;49;41.023100;28.987500;81;45.3;14.3;769;32;50;56.7;23;1488;753.0;37;31;38;85;40.3;32.3;7;2334;325.1;68
2026-07-21;04:15:07.615;59;41.024100;28.988500;76;46.9;15;674;25;51;59.6;22.3;960;753.2;30;29;31;85;40.2;59.8;6.8;354;325.2;71
2026-07-21;04:15:08.929;42;41.025100;28.989500;98;30.9;21.4;326;27;53;53.9;28.5;1929;753.6;42;47;38;85;40.0;50.1;41.2;891;325.3;82
2026-07-21;04:15:09.002;51;41.026100;28.990500;74;44.4;9.3;678;41;58;58;18.3;668;753.7;41;40;37;86;40.1;54.4;43.5;393;325.4;58
2026-07-21;04:15:09.002;70;41.025100;28.989500;60;39;12.1;294;36;60;43.6;15.9;996;754.1;27;37;49;86;40.2;55.1;29.2;1150;325.5;81
2026-07-21;04:15:09.151;72;41.024100;28.988500;66;34.5;10.3;254;26;64;58.1;33.5;938;754.5;38;41;34;86;40.0;32.8;35.6;1292;325.7;74
2026-07-21;04:15:09.214;51;41.023100;28.987500;97;35.5;21.5;525;40;50;44.7;6.6;1308;754.8;30;36;39;85;40.1;55.5;6.2;1340;325.8;66
2026-07-21;04:15:09.642;23;41.022100;28.986500;64;33.8;18.3;268;34;57;57.9;7.7;798;755.3;28;45;40;86;40.3;58.2;31;1623;325.9;30
2026-07-21;04:15:10.114;72;41.021100;28.985500;97;46.7;5.8;326;36;61;51.5;28.2;1189;755.6;39;45;42;86;40.8;59.1;20.3;965;325.9;76
2026-07-21;04:15:10.189;38;41.020100;28.984500;78;35;13.5;560;43;74;55;32.8;1948;755.9;35;41;30;86;41.0;55.6;35.4;852;326.0;45
2026-07-21;04:15:11.103;59;41.019100;28.983500;88;49.1;23;421;40;50;41;15.4;1929;756.1;35;35;47;86;40.8;51.2;7.6;609;326.1;27
2026-07-21;04:15:11.176;75;41.018100;28.982500;68;49.3;19.3;572;37;69;45.3;19.9;756;756.4;44;35;36;87;40.5;44.6;16.1;832;326.2;51
2026-07-21;04:15:11.176;65;41.017100;28.981500;68;32.2;6.4;680;39;57;49.7;18.2;1268;756.6;36;42;47;87;40.7;52;17.2;1015;326.4;83
2026-07-21;04:15:11.653;63;41.016100;28.980500;95;47.8;15.2;761;29;51;49.6;27.6;1634;756.9;26;45;36;87;40.7;37;20.3;2128;326.5;48
2026-07-21;04:15:12.498;75;41.015100;28.979500;84;48.4;14.6;416;26;74;44;12.7;1426;757.1;39;39;43;88;40.9;35.5;34.3;856;326.5;23
2026-07-21;04:15:12.498;89;41.016100;28.980500;99;48.1;6.4;584;40;67;49.5;5.3;1461;757.5;27;39;48;89;40.9;50.2;17.7;1007;326.7;28
2026-07-21;04:15:12.579;39;41.017100;28.981500;64;38.4;11.6;279;25;69;52.5;10.4;1185;757.9;25;28;46;88;41.1;38.8;12.9;2038;326.9;87
2026-07-21;04:15:13.988;34;41.018100;28.982500;96;38.8;23.7;741;44;69;53.5;7.9;1418;758.3;30;45;32;89;41.5;30.2;48.2;2125;327.0;57
2026-07-21;04:15:14.060;48;41.019100;28.983500;64;48.4;15.5;293;33;51;50.2;33;1917;758.5;29;29;39;89;41.8;58.6;10.2;1219;327.2;42
2026-07-21;04:15:14.060;87;41.020100;28.984500;62;30.4;19.7;412;39;66;47.8;17.8;1933;758.8;34;46;42;89;41.9;45.4;17.9;1277;327.3;38
2026-07-21;04:15:14.154;37;41.021100;28.985500;60;43.2;14.1;325;29;68;59.6;23;799;759.0;34;40;45;89;42.3;54.9;34.2;904;327.4;70
2026-07-21;04:15:14.228;67;41.022100;28.986500;76;32.8;10.1;379;29;64;56.2;21.6;619;759.2;26;42;38;89;42.2;49.8;11.3;1425;327.5;65
2026-07-21;04:15:14.661;80;41.023100;28.987500;63;41.7;6.8;665;26;51;49.7;27.4;1472;759.3;39;32;38;88;41.8;47.1;5.6;1850;327.6;44
2026-07-21;04:15:15.463;46;41.024100;28.988500;94;49.5;5.5;768;35;67;53.5;12.4;856;759.7;25;42;38;89;42.0;54;33.9;938;327.7;23
2026-07-21;04:15:15.464;64;41.025100;28.989500;91;40.7;18.7;649;44;64;48.1;31;941;760.1;37;47;49;90;42.5;54.4;13.6;1385;327.9;57
2026-07-21;04:15:15.733;74;41.026100;28.990500;85;37.4;14.2;768;34;74;60;22.4;911;760.5;33;47;43;89;42.4;32.3;12.6;1826;328.1;72
2026-07-21;04:15:16.603;57;41.025100;28.989500;70;32.7;8;305;26;52;49.2;28.1;1281;760.7;41;38;43;89;42.1;43.7;23.5;1417;328.2;31
2026-07-21;04:15:16.603;81;41.024100;28.988500;79;45.3;16.6;631;39;60;55.7;6.8;1712;760.9;27;39;48;90;42.2;39.1;30.5;2027;328.4;81
2026-07-21;04:15:16.673;89;41.023100;28.987500;74;48.2;5.1;306;35;64;51.2;8.7;1743;761.2;35;31;42;89;42.5;45.1;16.3;442;328.5;69
2026-07-21;04:15:17.506;79;41.022100;28.986500;82;40.7;19;639;31;72;41.6;25;900;761.5;34;36;36;89;42.6;42.2;24.9;1720;328.6;88
2026-07-21;04:15:17.578;75;41.021100;28.985500;66;36.2;7.1;443;33;64;50.5;16.7;1795;761.8;36;35;34;90;42.4;55.8;13.9;1218;328.7;59
2026-07-21;04:15:17.650;41;41.020100;28.984500;94;49.3;12.4;462;31;71;50.7;10.3;964;762.0;33;34;47;90;42.7;54.7;45.9;1142;328.7;88
2026-07-21;04:15:18.196;87;41.019100;28.983500;89;40.7;18.9;261;38;55;47.8;34.7;554;762.5;25;36;36;90;42.2;43.2;15.6;692;328.9;65
2026-07-21;04:15:18.268;66;41.018100;28.982500;93;48;23.2;496;43;57;58.3;28.3;1433;762.8;37;35;35;91;41.9;44.8;14.6;2093;329.0;55
2026-07-21;04:15:18.659;74;41.017100;28.981500;72;40.2;15.5;621;35;67;41.6;22;1313;763.2;44;38;40;92;42.3;30.8;22.9;1052;329.1;54
2026-07-21;04:15:19.500;68;41.016100;28.980500;76;39.7;13.6;265;43;63;51.9;35.7;1055;763.6;31;38;43;92;41.9;55.9;45;837;329.2;53
2026-07-21;04:15:19.503;84;41.015100;28.979500;82;31.4;22.3;381;41;52;59.1;15.6;1626;764.1;25;30;49;92;42.0;43.7;49.7;2121;329.3;51
2026-07-21;04:15:19.635;78;41.016100;28.980500;60;48.2;14.8;511;41;57;59.3;11.3;928;764.3;41;33;39;91;42.4;58.8;15.2;2082;329.4;59
2026-07-21;04:15:21.007;83;41.017100;28.981500;94;49;12.3;653;27;61;49.9;23.6;665;764.7;28;37;46;91;42.2;49.8;36.2;2090;329.6;41
2026-07-21;04:15:21.077;40;41.018100;28.982500;65;35.6;19;698;35;56;41.5;36.5;1251;764.9;31;31;36;91;41.8;36.9;27.8;939;329.7;70
2026-07-21;04:15:21.077;87;41.019100;28.983500;73;42.3;13.1;777;42;64;56.9;17.6;1077;765.3;26;42;34;91;41.9;42.3;43.1;929;329.7;69
2026-07-21;04:15:21.149;59;41.020100;28.984500;80;32.7;5.6;683;43;55;51.6;24.4;1439;765.8;36;36;36;91;41.8;56.8;33.6;2426;329.8;39
2026-07-21;04:15:21.221;50;41.021100;28.985500;87;46.7;15.9;612;44;73;58.7;18.7;1269;766.1;33;35;43;91;42.0;40.9;24;991;329.9;51
2026-07-21;04:15:21.626;78;41.022100;28.986500;69;34.4;16.9;648;29;57;43.9;19.4;1119;766.6;38;34;35;90;41.7;49.2;16.4;1670;330.1;83
2026-07-21;04:15:22.435;73;41.023100;28.987500;65;41.5;5.3;206;35;57;44;26.8;1594;767.1;37;36;37;90;41.7;55.4;18;2125;330.3;79
2026-07-21;04:15:22.436;47;41.024100;28.988500;96;32.6;14.7;570;41;66;54.6;23.2;1205;767.3;36;40;36;89;42.1;34.2;43.1;2489;330.4;27
2026-07-21;04:15:22.706;36;41.025100;28.989500;70;39.3;19.2;710;33;72;45.5;29.1;1662;767.6;43;34;41;89;41.8;40.4;38.5;2461;330.5;76
2026-07-21;04:15:23.574;71;41.026100;28.990500;94;45.8;24;260;26;70;45.7;15.5;828;768.0;42;31;45;89;41.6;50.6;40.8;813;330.7;49
2026-07-21;04:15:23.574;26;41.025100;28.989500;60;35.2;8.1;398;34;57;59.3;17.9;1760;768.3;28;39;34;89;42.0;47.7;8.5;866;330.8;21
2026-07-21;04:15:23.647;35;41.024100;28.988500;95;43.3;23.5;351;26;55;58.9;25.8;1842;768.7;40;43;48;89;42.1;55.5;8.3;2101;330.9;69
2026-07-21;04:15:24.823;66;41.023100;28.987500;60;40.3;12.7;596;39;74;59.7;7.7;781;768.9;41;32;35;89;42.1;50.9;32.5;1139;331.0;64
2026-07-21;04:15:24.895;76;41.022100;28.986500;63;48.4;20.8;225;39;53;55.9;39.2;778;769.2;31;28;42;90;42.3;49.6;41.6;938;331.1;47
2026-07-21;04:15:24.895;30;41.021100;28.985500;93;44.9;13.9;440;41;52;45.2;18.7;633;769.3;26;42;31;90;42.0;42.1;38.5;857;331.3;42
2026-07-21;04:15:25.238;35;41.020100;28.984500;77;34.4;5.6;478;34;74;49.1;19.7;1494;769.4;33;40;32;91;41.6;33.7;27.4;1805;331.5;31
2026-07-21;04:15:25.309;27;41.019100;28.983500;94;32.8;15.8;333;43;61;58.4;11.8;1458;769.5;29;39;35;91;41.9;37.5;43.1;1429;331.6;67
2026-07-21;04:15:25.697;49;41.018100;28.982500;76;40.9;20.8;581;29;63;40.8;7;1547;769.8;40;42;35;92;41.4;45.8;37.6;1448;331.8;45
2026-07-21;04:15:26.493;47;41.017100;28.981500;93;43;6.1;787;26;52;48.3;38;1430;770.2;29;39;30;92;41.6;36.1;22.3;2360;331.9;59
2026-07-21;04:15:26.493;52;41.016100;28.980500;92;41.1;21.2;580;41;61;57.7;12.4;1545;770.6;32;33;44;92;42.0;45.7;28.8;749;332.0;69
2026-07-21;04:15:26.763;88;41.015100;28.979500;81;44.7;5.6;657;40;63;42.1;35.1;818;771.0;30;37;32;91;41.9;34.1;11.4;1490;332.2;88
2026-07-21;04:15:27.631;26;41.016100;28.980500;84;32;25;295;38;63;55.5;26.1;1136;771.5;37;41;35;90;41.8;39.5;37.5;1728;332.3;73
2026-07-21;04:15:27.631;33;41.017100;28.981500;77;38.8;9.4;356;28;63;55.2;37;982;771.8;31;44;30;91;42.2;34.1;39.3;2389;332.4;32
2026-07-21;04:15:27.708;29;41.018100;28.982500;89;37.4;17.4;665;29;52;49.1;31.7;1081;772.1;44;32;39;91;42.5;49.5;27.3;1266;332.5;45
2026-07-21;04:15:28.148;78;41.019100;28.983500;71;38.1;8.8;446;29;50;51.5;36.8;603;772.4;33;44;30;90;42.7;59;41.5;1615;332.7;89
2026-07-21;04:15:28.293;42;41.020100;28.984500;68;35.1;19.9;770;39;67;55.8;14.3;1534;772.6;37;34;37;90;43.0;51.7;20.7;1377;332.7;46
2026-07-21;04:15:28.637;24;41.021100;28.985500;65;48.3;22.2;202;33;55;46;11.6;1673;772.8;30;41;37;91;42.6;35.1;36.1;1117;332.9;54
2026-07-21;04:15:29.212;49;41.022100;28.986500;88;49;19;513;40;61;40.3;21;1738;773.3;37;47;31;91;42.2;57.6;28;1866;333.1;83
2026-07-21;04:15:29.284;28;41.023100;28.987500;91;32.2;10.3;791;39;73;53.8;25.5;1153;773.5;44;31;45;91;41.9;46;7.2;1369;333.1;88
2026-07-21;04:15:29.625;25;41.024100;28.988500;60;40.5;13.9;620;26;74;56.9;7.4;1632;773.6;32;39;32;90;42.3;59.1;36.6;1603;333.2;31
2026-07-21;04:15:30.511;27;41.025100;28.989500;71;37.6;13.2;531;43;55;48.9;36.5;1021;774.1;30;33;37;90;42.4;42.6;30.3;2396;333.3;57
2026-07-21;04:15:30.512;21;41.026100;28.990500;63;43.1;6;613;25;72;52.3;21.1;863;774.4;34;31;30;89;42.1;49.5;16.3;807;333.5;25
2026-07-21;04:15:30.591;70;41.025100;28.989500;72;43.2;9.5;299;38;63;47.2;12.2;1467;774.8;32;31;45;89;42.3;52.5;45.2;1909;333.6;32
2026-07-21;04:15:31.990;89;41.024100;28.988500;99;34;11.1;792;26;67;45.3;9;731;775.0;33;34;31;90;41.9;40.3;48.4;1472;333.7;52
2026-07-21;04:15:32.066;73;41.023100;28.987500;89;38.8;12.8;367;27;69;41.1;25.7;718;775.3;25;32;31;90;41.7;35.4;32.9;377;333.9;55
2026-07-21;04:15:32.066;37;41.022100;28.986500;64;36.2;18.5;571;32;55;43.8;39.9;1278;775.7;26;31;33;91;42.1;56.3;22;1502;334.1;48
2026-07-21;04:15:32.150;56;41.021100;28.985500;78;46.4;8.4;429;30;60;40.4;6.3;1673;776.2;37;30;32;92;41.9;30.1;29.8;1022;334.2;70
2026-07-21;04:15:32.285;41;41.020100;28.984500;63;30.5;10.6;615;40;74;53.6;27.8;1423;776.6;26;35;48;92;41.4;31;6;2320;334.4;48
2026-07-21;04:15:32.664;29;41.019100;28.983500;88;37.6;10.8;741;27;69;57.2;9.6;1404;776.8;26;47;34;92;41.2;41.6;8.7;1378;334.4;41
2026-07-21;04:15:33.503;68;41.018100;28.982500;90;38;5.7;509;31;62;48.5;35.9;1342;777.0;42;37;34;92;40.8;44.9;8.2;764;334.5;66
2026-07-21;04:15:33.504;52;41.017100;28.981500;61;34.1;21.3;695;32;54;46.1;31.5;725;777.2;26;28;40;93;40.6;54.8;44.6;1215;334.6;82
2026-07-21;04:15:33.576;88;41.016100;28.980500;74;37.3;10.8;278;38;51;46.8;5.1;599;777.5;44;39;34;92;40.2;58.6;26.8;740;334.7;66
2026-07-21;04:15:34.980;77;41.015100;28.979500;91;41.7;21.7;215;29;67;48.5;18.9;1857;777.7;33;28;30;91;40.3;49.3;24;2360;334.9;50
2026-07-21;04:15:35.052;74;41.016100;28.980500;92;33.4;9.9;719;43;59;59.5;20.2;650;778.1;34;35;30;91;40.4;44.9;35.7;2389;335.0;34
2026-07-21;04:15:35.052;30;41.017100;28.981500;91;33.3;22.9;439;32;56;50.8;31.1;1044;778.4;33;30;35;91;40.6;39.5;5;430;335.1;22
2026-07-21;04:15:35.259;83;41.018100;28.982500;90;49;10.7;519;35;66;54.1;6.5;1326;778.7;31;31;30;91;41.0;49.8;43.3;758;335.3;27
2026-07-21;04:15:35.365;44;41.019100;28.983500;70;45.6;9.7;323;34;73;54.8;9.2;615;779.2;37;46;41;92;41.1;37.1;15.7;812;335.4;36
2026-07-21;04:15:35.657;34;41.020100;28.984500;80;41;11.2;418;35;52;45.2;8.7;1786;779.5;28;33;30;92;40.9;37.4;44.7;669;335.5;38
2026-07-21;04:15:36.526;39;41.021100;28.985500;75;49.8;10.9;778;27;58;53.2;22.7;1650;779.9;41;42;39;92;40.5;51.3;35.1;531;335.6;28
2026-07-21;04:15:36.526;38;41.022100;28.986500;90;33.7;7.2;410;27;53;40.5;26.4;1738;780.1;38;39;42;92;40.6;39.3;38.6;1812;335.8;79
2026-07-21;04:15:36.598;20;41.023100;28.987500;85;42.9;13.7;238;31;56;51;28.3;1018;780.2;36;43;38;92;41.0;35.8;26.1;1303;335.9;44
2026-07-21;04:15:37.377;26;41.024100;28.988500;72;31.4;19.5;362;29;73;43.8;10.5;1591;780.4;38;36;38;92;41.1;55.4;28.5;1252;336.0;57
2026-07-21;04:15:37.448;79;41.025100;28.989500;61;31.3;5.4;612;35;74;43.5;7.9;1324;780.7;33;43;37;91;41.1;56.6;26.6;730;336.1;66
2026-07-21;04:15:37.675;46;41.026100;28.990500;82;31;19.1;212;38;62;43;34.3;1692;781.1;33;36;40;91;40.7;44.5;42.8;1088;336.3;76
2026-07-21;04:15:38.408;89;41.025100;28.989500;69;30.5;15.5;585;44;52;56.3;25.6;1257;781.3;30;46;38;91;40.8;48.4;38.2;1863;336.5;54
2026-07-21;04:15:38.409;34;41.024100;28.988500;70;32.6;6.8;282;28;53;41.2;16.6;712;781.6;39;38;39;91;40.9;56.8;27.6;484;336.6;73
2026-07-21;04:15:38.694;54;41.023100;28.987500;75;33.2;15.8;624;36;61;58.4;7.6;806;782.0;27;32;43;90;40.8;59.8;32.7;1747;336.7;26
2026-07-21;04:15:39.578;56;41.022100;28.986500;73;40.7;14.5;323;38;71;41.5;13.2;1518;782.2;31;30;46;90;40.6;54.3;38;697;336.8;81
2026-07-21;04:15:39.578;88;41.021100;28.985500;99;35.7;24.3;233;25;69;57;27.3;947;782.4;29;40;42;89;40.3;45.7;8;1170;336.9;75
2026-07-21;04:15:39.665;72;41.020100;28.984500;98;33.6;14.4;212;29;64;44;23.5;1980;782.6;38;36;47;89;40.6;49.3;32.8;2447;337.1;88
2026-07-21;04:15:41.065;73;41.019100;28.983500;75;44.8;15.2;573;27;65;44;30.1;1414;782.7;38;35;43;89;40.5;40.5;21.1;2030;337.3;65
2026-07-21;04:15:41.139;47;41.018100;28.982500;64;37.1;7.7;481;34;54;44.2;15.9;1035;782.8;36;37;32;89;40.4;60;17.8;1229;337.4;39
2026-07-21;04:15:41.139;41;41.017100;28.981500;78;40.9;21.2;226;43;74;43.6;21.6;1231;783.1;27;38;49;88;40.6;33.7;32.1;632;337.5;32
2026-07-21;04:15:41.210;38;41.016100;28.980500;88;32.4;11.9;507;35;61;49.5;38.9;1409;783.3;33;28;42;87;40.8;32.4;5.8;842;337.6;29
2026-07-21;04:15:41.283;89;41.015100;28.979500;62;30.3;16.5;786;38;58;55.5;29.4;1728;783.7;27;36;42;88;40.7;37.9;19.6;1290;337.7;63
2026-07-21;04:15:41.690;71;41.016100;28.980500;73;39.2;23.6;438;33;55;56.6;11.5;794;784.0;27;40;49;88;40.5;42.6;12.7;1473;337.8;82
2026-07-21;04:15:42.553;68;41.017100;28.981500;86;41.5;13.8;694;41;54;57.3;21.4;1531;784.5;33;37;34;87;40.5;38;5.6;1454;337.9;58
2026-07-21;04:15:42.553;69;41.018100;28.982500;62;40.1;24.1;441;32;55;50.3;15.3;966;784.7;34;33;31;87;40.2;50.5;39.5;381;338.0;47
2026-07-21;04:15:42.624;82;41.019100;28.983500;84;42.5;10.4;764;28;52;44.7;12.3;739;785.2;37;33;34;87;40.0;40;10.5;1715;338.1;73
2026-07-21;04:15:43.634;80;41.020100;28.984500;81;47.4;22.6;441;29;51;56.8;27.4;636;785.7;37;40;43;87;40.2;39.8;34.3;679;338.3;25
2026-07-21;04:15:43.709;31;41.021100;28.985500;73;45;20.3;439;44;62;53.1;11.9;1712;785.8;41;29;33;87;40.3;36.3;29.8;622;338.4;80
2026-07-21;04:15:43.709;63;41.022100;28.986500;70;35.7;19.1;236;29;57;55.7;13.3;1025;786.1;38;32;36;86;40.5;39.9;17.7;807;338.5;51
2026-07-21;04:15:44.623;30;41.023100;28.987500;62;37.5;12.7;330;33;65;43.6;10;742;786.5;30;44;31;87;40.8;30.3;30.4;1912;338.7;28
2026-07-21;04:15:44.696;76;41.024100;28.988500;64;31.8;13.1;685;30;50;43.8;26.2;889;786.7;39;33;42;88;40.4;39.4;21.7;340;338.8;80
2026-07-21;04:15:44.697;60;41.025100;28.989500;74;36.9;21.8;356;43;50;40.4;34.1;516;787.1;39;38;33;88;40.0;39.7;18;1502;338.8;51
2026-07-21;04:15:45.657;77;41.026100;28.990500;71;34.2;13.8;734;43;70;42.3;28.5;982;787.6;35;38;39;87;40.3;51.7;33.1;733;338.9;85
2026-07-21;04:15:45.730;24;41.025100;28.989500;61;31;7.6;469;35;54;55.2;34.1;1219;787.9;29;35;38;87;40.3;35.8;37;1192;339.0;67
2026-07-21;04:15:45.730;22;41.024100;28.988500;93;47.3;18.3;512;34;55;58.6;38.3;829;788.1;34;38;47;87;40.6;50.4;13.9;1891;339.2;51
2026-07-21;04:15:46.693;84;41.023100;28.987500;90;41.9;16.5;243;38;60;48.1;35.6;625;788.4;41;35;35;86;41.0;35.1;46.2;634;339.4;49
2026-07-21;04:15:46.768;47;41.022100;28.986500;69;44.2;21.5;635;33;66;52.4;5.4;1019;788.5;30;35;49;86;40.7;59.1;41;2065;339.6;67
2026-07-21;04:15:46.769;36;41.021100;28.985500;95;31.5;9.8;520;36;62;55.1;27.3;754;789.0;41;41;42;86;40.4;33.1;12.5;1167;339.7;45
2026-07-21;04:15:47.249;42;41.020100;28.984500;82;30.8;22.3;505;33;57;51.9;34.5;1816;789.2;35;35;48;87;40.2;38.5;43.1;1733;339.8;48
2026-07-21;04:15:47.326;46;41.019100;28.983500;65;30.5;8;653;28;68;58.9;39.1;1933;789.3;25;41;38;87;40.2;33;31.1;705;339.8;41
2026-07-21;04:15:47.714;44;41.018100;28.982500;62;32.5;6;379;43;52;44.4;9.8;1331;789.7;39;37;32;87;39.9;52.9;41.7;777;340.0;28
2026-07-21;04:15:48.523;35;41.017100;28.981500;63;41.2;5.4;725;34;57;43.7;33;1352;790.0;30;31;47;86;39.5;38.1;16.2;960;340.1;53
2026-07-21;04:15:48.527;69;41.016100;28.980500;71;43.4;24.2;490;29;58;50.1;29.2;1520;790.4;43;29;36;85;39.9;33.4;46.6;807;340.3;23
2026-07-21;04:15:48.796;81;41.015100;28.979500;85;41;10.6;764;43;52;51.4;19.9;1548;790.5;35;36;39;85;39.6;38.3;14;565;340.4;85
2026-07-21;04:15:49.865;22;41.016100;28.980500;71;46.3;6.4;596;25;70;51.4;37.7;1761;790.9;27;33;46;85;39.6;43.4;44.1;856;340.6;70
2026-07-21;04:15:50.145;38;41.017100;28.981500;60;45;8.8;569;35;66;48;29.7;1672;791.3;38;37;42;85;39.9;39.3;16.6;777;340.7;45
2026-07-21;04:15:50.146;56;41.018100;28.982500;80;43.3;11.7;477;35;74;43.7;23.4;1994;791.7;25;46;33;86;39.6;45.4;16.8;479;340.7;34
2026-07-21;04:15:50.452;32;41.019100;28.983500;76;43.7;23;418;32;51;58;19;1300;792.0;33;47;37;86;39.4;50.7;31.1;2131;340.9;36
2026-07-21;04:15:50.747;87;41.020100;28.984500;79;45.2;16.7;380;34;73;44.3;35.7;770;792.3;39;33;49;87;39.7;58.8;18.4;362;341.0;66
2026-07-21;04:15:51.024;30;41.021100;28.985500;93;30.5;23.3;723;26;73;43.5;39.3;1258;792.4;38;32;43;87;39.5;35.5;42.1;2123;341.1;32
2026-07-21;04:15:52.201;54;41.022100;28.986500;87;34;12;226;35;50;58.1;22;1876;792.8;34;29;39;87;39.7;52.3;22.6;1652;341.2;55
2026-07-21;04:15:52.202;48;41.023100;28.987500;97;32.5;18.8;638;36;56;45.4;10.8;1964;793.2;43;33;31;86;39.3;36.6;36.6;1042;341.3;89
2026-07-21;04:15:52.202;53;41.024100;28.988500;90;35.5;21.4;219;32;58;51.7;36.5;873;793.5;44;45;36;87;39.7;54.9;14.4;1147;341.5;40
2026-07-21;04:15:52.788;70;41.025100;28.989500;77;49.1;13.7;654;40;69;43.1;20.1;1246;794.0;31;43;36;88;40.2;38.1;7.9;2097;341.7;26
2026-07-21;04:15:52.788;37;41.026100;28.990500;71;47.9;6.5;770;32;59;48.6;21.8;1649;794.3;31;41;44;87;39.9;42.6;35.6;831;341.9;66
2026-07-21;04:15:53.370;84;41.025100;28.989500;94;47.9;7.5;401;41;53;56.1;17.2;1479;794.7;32;40;41;87;39.7;37.5;22.1;795;342.0;29
2026-07-21;04:15:54.536;84;41.024100;28.988500;99;43.5;7.4;561;37;68;47.5;20.5;1913;794.9;42;44;33;87;39.3;39.6;26.2;1712;342.2;39
2026-07-21;04:15:54.537;56;41.023100;28.987500;82;44.3;19.9;476;42;72;43.2;19.4;1197;795.1;34;47;44;87;39.2;40.5;36.7;359;342.4;25
2026-07-21;04:15:54.537;53;41.022100;28.986500;89;32.2;14.4;606;32;71;41.7;16.1;964;795.5;36;35;30;86;38.9;51.9;36.2;920;342.6;28
2026-07-21;04:15:54.609;62;41.021100;28.985500;85;35.6;18.5;516;30;70;46.3;32.2;1001;795.7;29;41;30;86;38.5;59.5;26;1762;342.7;66
2026-07-21;04:15:54.610;29;41.020100;28.984500;78;33.6;17;280;30;53;57.8;32.6;1936;796.2;34;42;42;85;38.6;44.6;14.5;777;342.9;51
2026-07-21;04:15:54.682;58;41.019100;28.983500;93;37.6;17.6;622;29;71;54;38.1;987;796.3;43;41;43;85;38.9;36.1;43.9;2220;343.0;39
2026-07-21;04:15:56.094;61;41.018100;28.982500;65;47.5;12.1;247;42;73;58.4;29.5;1645;796.5;25;44;48;86;39.1;47;22.7;552;343.2;59
2026-07-21;04:15:56.168;23;41.017100;28.981500;78;41.3;14.8;570;29;66;51.1;25.3;1557;796.8;43;44;46;86;38.8;37.4;26.1;2111;343.3;44
2026-07-21;04:15:56.168;27;41.016100;28.980500;80;42.4;19.1;282;28;63;58.1;24.9;1740;797.0;39;28;45;87;38.9;40.4;31.9;2057;343.4;87
2026-07-21;04:15:56.238;59;41.015100;28.979500;65;31.6;13.2;773;27;55;54.9;22.7;1201;797.1;31;31;30;87;38.4;39.3;31.4;1595;343.5;43
2026-07-21;04:15:56.312;22;41.016100;28.980500;84;32.9;11.7;372;41;68;42.8;26.2;1527;797.2;42;28;31;86;38.8;36;12.3;337;343.7;42
2026-07-21;04:15:56.738;25;41.017100;28.981500;69;43.5;24.2;705;31;74;58.9;16.6;1207;797.6;36;44;46;87;39.1;52.6;35.4;2242;343.8;27
2026-07-21;04:15:57.547;38;41.018100;28.982500;92;43.4;21.8;618;30;74;53.6;19;1393;798.0;39;36;38;87;39.5;32.5;14.4;2177;343.8;73
2026-07-21;04:15:57.548;55;41.019100;28.983500;73;34;9.8;610;35;73;44.7;11.3;648;798.3;34;31;32;88;39.6;30.2;37.4;1083;344.0;62
2026-07-21;04:15:57.819;57;41.020100;28.984500;66;44.2;21.5;648;44;64;52.3;27.3;804;798.6;40;29;30;87;39.5;44.5;47.4;1996;344.1;37
2026-07-21;04:15:58.689;57;41.021100;28.985500;61;47.7;18.4;219;40;64;50.6;16;759;799.1;28;41;45;87;39.3;40.9;23.5;398;344.1;89
2026-07-21;04:15:58.690;75;41.022100;28.986500;80;47.2;19;704;26;53;45.1;33.7;1067;799.2;27;34;39;86;39.5;38.8;34.6;326;344.2;44
2026-07-21;04:15:58.690;44;41.023100;28.987500;93;33.5;14.1;718;40;73;55.3;32.8;692;799.3;43;29;44;86;39.4;47.6;27.4;1127;344.3;83
2026-07-21;04:16:00.149;84;41.024100;28.988500;94;35;14.5;573;41;72;55;38;549;799.6;31;35;31;85;39.0;39.3;45.6;752;344.4;25
2026-07-21;04:16:00.222;31;41.025100;28.989500;65;48.2;10.4;704;38;56;57.7;8.6;1445;799.7;35;30;36;85;39.4;50.8;7;1373;344.5;54
2026-07-21;04:16:00.223;21;41.026100;28.990500;70;44.1;19.5;269;26;66;51.7;21.9;1147;799.8;26;47;44;85;39.5;33.8;14.4;610;344.6;69
2026-07-21;04:16:00.223;68;41.025100;28.989500;86;30.7;22.3;674;38;69;53.4;25.7;1020;800.2;26;39;41;86;39.7;30.4;9.7;1237;344.6;30
2026-07-21;04:16:00.315;45;41.024100;28.988500;87;46.5;7.5;686;32;54;58.7;36.3;636;800.3;31;42;46;86;40.0;51.2;27;510;344.7;66
2026-07-21;04:16:00.685;88;41.023100;28.987500;98;44.5;23.2;564;38;53;55.5;27.9;1592;800.6;40;41;45;86;40.4;44.9;5.9;1059;344.9;66
2026-07-21;04:16:01.541;61;41.022100;28.986500;89;45.9;10.1;253;44;63;51.6;14.2;1968;801.0;31;44;41;87;40.1;40.5;8.5;1380;345.0;66
2026-07-21;04:16:01.542;40;41.021100;28.985500;86;32.3;22.1;747;31;55;42.1;9.2;647;801.3;39;34;39;87;39.8;35.9;43.4;2476;345.1;46
2026-07-21;04:16:01.812;77;41.020100;28.984500;96;34;9.7;404;28;55;47.9;26.8;1415;801.6;41;35;39;86;39.9;40.5;44;377;345.3;84
2026-07-21;04:16:02.682;51;41.019100;28.983500;88;31.3;20.1;229;33;72;55;22;1358;801.9;25;31;44;86;39.6;58.4;15.2;1837;345.3;82
2026-07-21;04:16:02.682;69;41.018100;28.982500;68;44.6;13.1;213;30;69;50.5;28.3;1625;802.0;37;40;40;86;39.1;54.1;47;876;345.5;84
2026-07-21;04:16:02.755;40;41.017100;28.981500;69;34.9;22.5;689;36;57;40.3;18.6;730;802.4;31;38;39;85;39.0;32;7.2;781;345.6;23
2026-07-21;04:16:04.020;89;41.016100;28.980500;88;44.3;9.5;529;28;57;46.8;23.8;1079;802.9;43;43;41;85;38.6;57.1;33.6;1161;345.6;47
2026-07-21;04:16:04.100;88;41.015100;28.979500;80;47.7;14.6;692;25;56;53.6;23.1;1955;803.1;37;38;46;86;39.0;59.2;14;1921;345.7;55
2026-07-21;04:16:04.100;73;41.016100;28.980500;98;33.3;6.5;665;41;58;45.8;23.1;1072;803.5;43;30;46;86;39.5;40.7;32.6;1499;345.8;47
2026-07-21;04:16:04.319;22;41.017100;28.981500;64;33.2;7.5;735;40;52;48.5;10.9;1278;803.9;37;28;42;86;39.4;53.6;21.8;1661;345.9;44
2026-07-21;04:16:04.499;43;41.018100;28.982500;75;49.2;19.4;326;27;58;55.3;21.8;1788;804.3;33;42;38;86;39.7;33.3;37.1;1070;346.0;43
2026-07-21;04:16:04.718;82;41.019100;28.983500;79;39.8;19.3;573;30;57;46.6;39.1;965;804.6;32;44;49;86;39.8;46.2;13.9;2433;346.1;70
2026-07-21;04:16:06.109;33;41.020100;28.984500;62;32.9;15.8;686;35;54;50.2;24.2;996;804.7;40;45;46;86;40.0;57.8;21.1;1881;346.2;31
2026-07-21;04:16:06.182;32;41.021100;28.985500;67;31.9;6.1;453;30;50;43.3;30;1039;805.1;44;44;38;86;40.0;48.6;16.8;1924;346.3;80
2026-07-21;04:16:06.183;53;41.022100;28.986500;94;45.9;18.4;414;26;64;59;33.2;1242;805.4;26;41;45;86;40.1;34.2;8.6;571;346.4;38
2026-07-21;04:16:06.257;64;41.023100;28.987500;74;42.8;19.4;653;36;50;43.1;29;797;805.7;30;47;34;86;40.1;47;5.3;1978;346.6;59
2026-07-21;04:16:06.326;72;41.024100;28.988500;64;36.3;10.9;511;33;65;51;6.4;1106;806.0;40;47;30;87;40.1;41.2;24.7;404;346.8;57
2026-07-21;04:16:06.773;35;41.025100;28.989500;66;36;24.5;681;30;67;53.5;11.4;1320;806.3;27;47;30;87;40.3;56;16.7;2393;346.9;68
2026-07-21;04:16:07.579;54;41.026100;28.990500;81;35;18;641;44;65;53.1;38.1;1218;806.6;38;42;47;87;40.7;57.8;44.3;1421;347.0;55
2026-07-21;04:16:07.580;33;41.025100;28.989500;70;46.9;9.2;534;33;71;45.1;15.2;1655;806.7;26;38;32;87;40.3;33.2;8.9;1019;347.2;84
2026-07-21;04:16:07.651;44;41.024100;28.988500;63;36.6;21;765;25;50;55.2;9.1;1697;807.0;32;29;38;88;39.8;58.8;20.3;1901;347.3;78
2026-07-21;04:16:09.054;84;41.023100;28.987500;87;45.3;12.9;232;36;65;54.8;38.9;1373;807.1;40;42;31;88;40.0;35.1;21.5;1260;347.5;76
2026-07-21;04:16:09.127;32;41.022100;28.986500;92;48;12.7;578;34;60;46.6;9.1;1296;807.5;43;34;30;88;39.8;46.4;42.3;2341;347.7;85
2026-07-21;04:16:09.127;39;41.021100;28.985500;85;36.1;5.8;210;39;58;43.2;36.4;1374;808.0;29;45;46;87;40.3;41;40.5;1678;347.9;45
2026-07-21;04:16:09.350;87;41.020100;28.984500;90;33.9;15.2;585;39;54;49.2;35.5;1589;808.4;42;32;41;87;40.3;42.8;14.4;1387;348.0;63
2026-07-21;04:16:09.424;83;41.019100;28.983500;86;37.9;18.2;598;43;61;41.5;9.6;1527;808.5;33;29;47;86;40.4;50.3;24.3;1434;348.2;49
2026-07-21;04:16:09.692;29;41.018100;28.982500;98;35.6;9.8;699;32;70;42.6;34.5;1611;808.8;27;47;44;86;40.0;53.2;19.8;822;348.3;26
2026-07-21;04:16:10.543;52;41.017100;28.981500;79;30;23.9;722;41;69;47.9;31.4;1553;809.0;35;30;40;86;40.0;47.3;11.7;2135;348.4;62
2026-07-21;04:16:10.614;67;41.016100;28.980500;89;48.5;24.1;549;32;52;44.6;13.9;961;809.4;29;38;39;86;40.2;42.2;21.4;2122;348.6;53
2026-07-21;04:16:10.686;86;41.015100;28.979500;61;47.7;13.6;353;31;53;52.5;8.9;861;809.6;37;28;33;86;39.9;40.7;47.8;2036;348.7;44
2026-07-21;04:16:12.105;23;41.016100;28.980500;60;39.2;20.2;346;35;69;49.3;17.4;1295;809.8;30;31;30;86;40.1;36.4;17.1;1684;348.8;20
2026-07-21;04:16:12.177;37;41.017100;28.981500;67;31.8;13.2;389;38;62;40.7;11.1;1491;810.1;44;32;32;87;40.5;47.5;6;301;349.0;46
2026-07-21;04:16:12.178;89;41.018100;28.982500;78;38.1;14.6;442;33;63;40.9;23.3;1925;810.5;35;44;49;87;40.8;53.3;22.9;2391;349.1;89
2026-07-21;04:16:12.297;54;41.019100;28.983500;88;41;14.1;431;27;64;43.2;33.3;1586;810.8;35;30;35;87;41.3;43.5;48.8;792;349.1;78
2026-07-21;04:16:12.369;70;41.020100;28.984500;96;45;15.3;508;31;64;55.2;26.3;956;811.3;31;36;42;87;41.4;36.1;23.2;2079;349.2;74
2026-07-21;04:16:12.680;88;41.021100;28.985500;95;39.5;6;234;38;69;50.5;18.6;721;811.4;31;42;46;88;41.7;54.6;16.9;1318;349.3;29
2026-07-21;04:16:13.533;85;41.022100;28.986500;80;32.1;17.6;297;32;57;56.5;38.6;1074;811.6;40;37;41;87;42.2;47.2;26.6;833;349.5;60
2026-07-21;04:16:13.533;69;41.023100;28.987500;89;37.1;9.1;797;38;58;47.7;6.3;1582;812.0;39;46;30;88;41.8;40.5;48.7;789;349.5;63
2026-07-21;04:16:13.804;60;41.024100;28.988500;84;49.9;12.3;480;34;53;41.8;29.7;1218;812.5;42;34;46;87;42.2;57.8;18.3;570;349.6;88
2026-07-21;04:16:14.673;54;41.025100;28.989500;77;43.9;20;434;32;68;55.3;7.4;862;812.6;27;45;46;88;42.0;39;33.7;384;349.7;54
2026-07-21;04:16:14.674;50;41.026100;28.990500;62;45.6;24.9;418;30;71;53.7;16.2;1301;812.9;31;28;48;87;41.9;31.4;48;1407;349.8;80
2026-07-21;04:16:14.763;28;41.025100;28.989500;94;39.9;10.6;593;26;64;52.8;5.5;741;813.2;29;29;39;88;41.5;59.1;8.2;1822;349.9;21
2026-07-21;04:16:16.220;59;41.024100;28.988500;82;44.7;17.7;644;33;56;47.2;31.2;1213;813.5;40;42;33;89;41.1;53.9;29.6;483;350.0;53
2026-07-21;04:16:16.292;69;41.023100;28.987500;64;31;7.7;574;26;56;52.7;37.7;977;813.9;34;30;39;88;41.3;59.1;29.1;2422;350.1;61
2026-07-21;04:16:16.292;50;41.022100;28.986500;65;34.3;7.4;465;40;59;46.5;19.4;577;814.3;38;44;42;88;41.6;40.2;44.5;1090;350.3;82
2026-07-21;04:16:16.293;77;41.021100;28.985500;69;36.1;19.3;362;27;62;48.8;36.5;1406;814.6;38;42;37;87;41.2;32.6;48.9;1165;350.5;68
2026-07-21;04:16:16.365;55;41.020100;28.984500;65;47.9;13.7;456;38;51;40;24.1;772;814.8;31;42;48;88;41.4;38.6;32.8;303;350.5;49
2026-07-21;04:16:16.767;67;41.019100;28.983500;63;44;21.4;635;30;74;56.3;16.3;921;815.2;25;39;35;88;41.4;48.4;18.5;1004;350.6;34
2026-07-21;04:16:17.580;62;41.018100;28.982500;81;47.6;10.2;727;42;69;58.7;14.6;1645;815.4;36;36;41;87;41.8;34.5;49.9;557;350.8;48
2026-07-21;04:16:17.580;74;41.017100;28.981500;88;31.7;6.2;427;37;69;47.1;36.7;1139;815.8;26;44;35;87;42.1;34.9;40.4;884;350.9;83
2026-07-21;04:16:17.850;79;41.016100;28.980500;78;47.2;8.1;728;37;74;44.9;39.5;823;816.0;26;46;49;87;42.2;37.2;20.7;411;351.1;39
2026-07-21;04:16:18.717;63;41.015100;28.979500;85;45.5;14.6;307;27;50;51.4;39.4;992;816.4;39;45;33;87;41.9;46.7;32;2118;351.2;66
2026-07-21;04:16:18.718;57;41.016100;28.980500;62;37;14.9;479;27;68;59.4;15.6;1163;816.6;40;30;42;88;42.1;54.4;34.1;919;351.3;42
2026-07-21;04:16:18.792;62;41.017100;28.981500;72;43.4;11;722;37;74;46.7;32.1;731;817.0;25;45;48;88;42.3;49.9;22.7;406;351.5;31
2026-07-21;04:16:19.715;49;41.018100;28.982500;90;46.2;7.4;666;44;57;50.9;27.9;1869;817.5;25;37;48;87;42.5;46.6;6.8;669;351.6;67
2026-07-21;04:16:19.790;27;41.019100;28.983500;71;42.1;6.9;390;26;64;54.4;22.4;1352;817.8;41;44;30;88;42.5;53.6;45.4;1890;351.7;77
2026-07-21;04:16:19.791;58;41.020100;28.984500;69;36.4;23.4;774;35;62;53.2;26.9;770;818.1;26;41;49;89;42.4;54.8;38.2;2054;351.8;47
2026-07-21;04:16:20.748;43;41.021100;28.985500;61;48.6;8.7;722;44;61;44;16.5;1889;818.5;31;35;34;88;42.6;49.9;49.4;1567;351.9;42
2026-07-21;04:16:20.821;48;41.022100;28.986500;61;42.3;17.7;515;26;71;47.8;21.4;1793;818.7;26;33;38;88;43.0;44.8;18.5;1684;352.0;35
2026-07-21;04:16:20.821;72;41.023100;28.987500;84;43.5;5.4;756;31;64;59.5;17.9;904;818.9;25;39;47;87;42.6;37.2;42.4;609;352.1;33
2026-07-21;04:16:21.782;83;41.024100;28.988500;85;47.4;5.4;225;35;52;54.3;39.8;1612;819.0;35;31;44;88;42.2;39.4;40.5;2442;352.2;27
2026-07-21;04:16:21.853;50;41.025100;28.989500;89;31.1;6.6;612;28;73;57.4;9.8;835;819.2;33;36;32;87;42.6;55.7;36.5;395;352.2;29
2026-07-21;04:16:21.853;55;41.026100;28.990500;73;37.9;22.4;727;28;71;48.7;21;1542;819.7;40;28;30;87;42.9;37.2;43.1;2311;352.4;64
2026-07-21;04:16:22.773;61;41.025100;28.989500;74;48;16.2;517;33;54;52.9;5.5;1193;819.8;32;44;42;87;42.9;58.2;22.6;2258;352.5;51
2026-07-21;04:16:22.847;42;41.024100;28.988500;98;38.7;20.4;331;29;55;56.5;33.2;887;820.2;32;46;32;88;42.9;45.6;13;1992;352.6;89
2026-07-21;04:16:22.847;87;41.023100;28.987500;70;46.6;11.2;590;41;59;59.4;36.8;1357;820.4;31;32;33;88;43.3;57.5;31.1;2418;352.7;87
2026-07-21;04:16:23.341;53;41.022100;28.986500;99;40.4;19.5;387;26;57;42.6;35.2;800;820.9;31;29;31;88;43.6;36.4;35.6;1070;352.8;31
2026-07-21;04:16:23.341;25;41.021100;28.985500;78;35.1;23.3;208;44;60;52.8;23.2;894;821.2;34;47;42;88;44.0;34.9;47;1351;352.9;80
2026-07-21;04:16:23.772;56;41.020100;28.984500;73;49.8;9;687;41;69;58.5;17.3;1538;821.4;34;44;39;88;44.3;32;16.1;1006;353.0;21
2026-07-21;04:16:24.610;53;41.019100;28.983500;84;37.4;18.9;529;32;50;48.1;27;1911;821.7;44;29;32;88;44.8;35.4;11.3;971;353.1;82
2026-07-21;04:16:24.610;27;41.018100;28.982500;83;42.9;14.4;751;34;51;52.4;15.4;626;822.1;32;31;35;88;45.1;38.2;39.6;2481;353.3;65
2026-07-21;04:16:24.708;63;41.017100;28.981500;69;31;8.4;223;28;73;47.5;23.5;531;822.4;28;43;44;88;45.4;43.9;25.9;1395;353.5;50
2026-07-21;04:16:25.643;61;41.016100;28.980500;89;30;11.8;606;28;64;52.1;39.3;863;822.6;27;44;42;89;45.6;57.7;29;1036;353.6;52
2026-07-21;04:16:25.717;53;41.015100;28.979500;78;30.2;17;517;32;73;59.8;37.1;571;822.8;31;36;41;89;46.0;54.6;35.2;2253;353.7;28
2026-07-21;04:16:25.789;37;41.016100;28.980500;77;48;22.7;344;27;63;59.9;21.9;1662;823.2;41;36;43;89;46.1;35.9;46.8;1769;353.8;74
2026-07-21;04:16:26.708;37;41.017100;28.981500;96;48.1;11.3;294;42;50;46.6;29.4;1815;823.4;28;31;40;89;46.3;39.1;16.3;1257;353.9;27
2026-07-21;04:16:26.780;62;41.018100;28.982500;86;40.5;19.2;241;25;74;49;25.1;1688;823.7;33;42;34;89;46.4;32.2;23.1;1774;354.0;74
2026-07-21;04:16:26.780;20;41.019100;28.983500;84;49.5;8.2;691;40;66;56.4;37.9;1290;824.0;43;42;39;90;46.4;36.7;43.5;518;354.1;38
2026-07-21;04:16:27.748;86;41.020100;28.984500;98;46.9;9.4;668;43;51;58.8;29;867;824.4;36;33;32;90;46.3;56.7;39.1;1889;354.2;83
2026-07-21;04:16:27.820;67;41.021100;28.985500;96;43.2;6.2;380;30;60;53.3;22;601;824.9;42;30;31;90;46.0;56.3;28;1020;354.3;64
2026-07-21;04:16:27.821;77;41.022100;28.986500;87;47.8;23.8;789;27;60;58.2;37.4;1866;825.1;38;35;38;91;46.2;40.2;42.7;1714;354.5;60
2026-07-21;04:16:28.782;26;41.023100;28.987500;60;31.7;9.2;524;25;65;44.1;14.3;1716;825.4;26;34;34;91;46.2;39.9;35.2;488;354.6;27
2026-07-21;04:16:28.856;24;41.024100;28.988500;75;35;20.3;759;42;71;48.6;35;1140;825.5;25;44;48;90;46.0;45.3;42.4;1444;354.6;80
2026-07-21;04:16:28.856;26;41.025100;28.989500;96;49.2;19.9;543;30;70;50.3;10.8;1618;825.9;39;40;32;89;45.6;31;36.2;751;354.7;71
2026-07-21;04:16:29.341;25;41.026100;28.990500;62;44.3;19.6;612;41;64;57.5;25.7;560;826.2;34;45;43;89;45.2;54;39.3;341;354.9;48
2026-07-21;04:16:29.415;23;41.025100;28.989500;87;41.5;7.1;443;26;52;42.6;9.9;1033;826.5;28;34;46;89;45.6;56.3;28.4;1084;355.0;30
2026-07-21;04:16:29.732;59;41.024100;28.988500;87;48.4;21.8;632;27;63;42.2;7.2;1033;826.7;37;29;39;89;46.1;32.1;18.5;646;355.1;35
2026-07-21;04:16:30.602;83;41.023100;28.987500;75;45.1;8.8;385;28;55;59.9;11.8;1653;827.1;41;37;43;88;46.3;43;34.4;559;355.2;66
2026-07-21;04:16:30.602;66;41.022100;28.986500;66;38.1;15.6;484;44;53;45.2;36.4;1211;827.4;37;32;35;89;46.2;36.9;5.4;1399;355.3;58
2026-07-21;04:16:30.872;30;41.021100;28.985500;75;41;6;712;31;63;57.7;21.4;1342;827.8;28;43;31;90;46.5;31.1;28;2302;355.4;84
2026-07-21;04:16:31.739;67;41.020100;28.984500;68;46;21.9;568;43;54;51.1;34.2;1651;827.9;29;43;42;90;46.3;52.3;14;2063;355.5;70
2026-07-21;04:16:31.739;76;41.019100;28.983500;61;39.7;18.7;336;28;56;52.9;38.1;517;828.1;40;46;37;89;46.7;54;17.3;1027;355.7;42
2026-07-21;04:16:31.811;23;41.018100;28.982500;68;33.3;9.5;326;37;63;44.4;7.8;686;828.4;32;28;34;89;46.6;43.8;17.8;1968;355.8;26
2026-07-21;04:16:32.736;67;41.017100;28.981500;76;49.2;7.9;489;30;57;46.3;38;1214;828.8;29;45;49;88;46.6;51.1;6.5;2136;355.9;49
2026-07-21;04:16:32.808;67;41.016100;28.980500;80;47.3;19.6;636;42;66;45.7;5.5;1280;829.1;27;35;32;88;47.0;31.3;15.3;613;356.0;45
2026-07-21;04:16:32.809;62;41.015100;28.979500;68;43.8;23.9;479;30;71;58.7;36.6;1794;829.2;26;47;41;88;47.3;57.1;11;1458;356.1;44
2026-07-21;04:16:33.774;21;41.016100;28.980500;89;36.6;24.8;437;39;70;51.7;6.4;640;829.5;43;29;43;89;47.1;30.3;7.8;2492;356.2;46
2026-07-21;04:16:33.845;31;41.017100;28.981500;61;37.1;19.4;467;30;63;41.3;11;1532;829.9;43;32;37;89;47.0;32.8;44.1;901;356.3;26
2026-07-21;04:16:33.849;28;41.018100;28.982500;97;48.7;17.3;226;31;68;60;15;1548;830.1;42;38;37;90;46.8;40.8;49.8;1396;356.4;32
2026-07-21;04:16:34.336;88;41.019100;28.983500;70;37.6;8.8;762;42;62;40.4;38.5;1927;830.5;28;35;42;90;46.7;40;48.3;1341;356.6;87
2026-07-21;04:16:34.408;75;41.020100;28.984500;63;35.4;15;636;31;60;55.9;32.6;1752;830.9;31;29;41;89;46.9;53.5;34.3;1080;356.7;43
2026-07-21;04:16:34.795;26;41.021100;28.985500;69;38.8;18.5;599;37;56;44;12.2;629;831.4;29;41;46;89;47.3;37.3;36.1;1331;356.8;38
2026-07-21;04:16:35.605;59;41.022100;28.986500;87;44;5.2;283;36;63;43.2;17.5;1357;831.8;44;30;49;90;47.2;34.1;49.2;745;356.9;27
2026-07-21;04:16:35.605;64;41.023100;28.987500;79;48.6;11.5;308;29;69;42.1;27.5;1749;832.1;25;41;41;89;47.0;54.5;32.3;397;356.9;34
2026-07-21;04:16:35.874;81;41.024100;28.988500;97;47.1;13.3;248;37;69;42.6;23.1;739;832.5;41;33;40;89;46.7;53.9;22.8;2430;357.0;44
2026-07-21;04:16:36.724;68;41.025100;28.989500;64;46;20.4;602;40;60;52.5;13.6;1830;832.6;30;31;43;89;46.5;56;26.3;772;357.1;32
2026-07-21;04:16:36.799;88;41.026100;28.990500;78;48.5;5.4;610;40;70;51;24.5;586;833.0;35;32;42;89;46.7;40;23.8;489;357.3;25
2026-07-21;04:16:36.799;42;41.025100;28.989500;71;42.4;9.6;694;44;58;51.2;39.6;813;833.3;32;36;49;89;46.7;47.3;13.3;489;357.4;52
2026-07-21;04:16:37.674;64;41.024100;28.988500;78;31;5.1;687;30;60;40.6;21.2;912;833.5;44;32;49;89;46.6;39.2;45.4;2002;357.5;83
2026-07-21;04:16:37.674;35;41.023100;28.987500;66;32.9;6.4;225;39;51;57.7;8.1;1793;833.8;42;46;33;89;46.1;47.4;36.7;1145;357.6;55
2026-07-21;04:16:37.770;60;41.022100;28.986500;90;46.9;18.1;524;41;66;57.4;5.6;1208;834.2;37;35;34;89;45.9;34.4;37.8;1419;357.8;71
2026-07-21;04:16:38.692;87;41.021100;28.985500;64;45.2;10.4;244;41;54;44.9;39.5;1478;834.4;41;34;31;89;45.8;41.1;17.8;822;358.0;61
2026-07-21;04:16:38.764;73;41.020100;28.984500;79;30.1;20;593;32;60;43.3;20.7;1673;834.9;25;35;46;89;45.6;55.4;30.1;2390;358.2;54
2026-07-21;04:16:38.764;65;41.019100;28.983500;98;44.7;19.8;496;30;72;41.2;37.8;1088;835.2;32;46;47;89;45.4;40.1;43.1;2231;358.3;81
2026-07-21;04:16:39.717;29;41.018100;28.982500;91;30.8;18.7;310;28;51;47.7;10.1;672;835.4;43;38;47;89;45.5;36.1;12.3;1229;358.4;58
2026-07-21;04:16:39.790;70;41.017100;28.981500;63;36.4;8.5;291;38;70;48.9;24.2;1717;835.9;33;29;47;88;46.0;49;43.7;1456;358.6;75
2026-07-21;04:16:39.790;51;41.016100;28.980500;60;33;9.4;431;25;70;55.4;24.6;675;836.1;31;43;39;87;46.3;34.4;16;1775;358.7;88
2026-07-21;04:16:40.714;88;41.015100;28.979500;79;46.3;13.4;271;29;53;40.6;8.3;931;836.3;25;42;41;87;46.0;52.4;37.3;1762;358.9;89
2026-07-21;04:16:40.784;38;41.016100;28.980500;80;49.2;21.4;718;35;52;45;22.7;1782;836.7;29;34;41;87;46.3;47.1;20.3;945;358.9;68
2026-07-21;04:16:40.784;59;41.017100;28.981500;92;42.4;14.4;523;36;56;41.5;12.5;777;837.2;40;37;34;87;46.4;33;43.5;1819;359.0;25
2026-07-21;04:16:42.209;83;41.018100;28.982500;78;47.9;24.1;544;43;54;55.6;36.9;1527;837.5;25;36;36;87;46.6;49.9;7.6;755;359.1;56
2026-07-21;04:16:42.299;57;41.019100;28.983500;96;36.8;18.5;640;39;61;43.8;27.7;895;837.6;42;43;34;86;46.4;37.9;39.9;1593;359.3;72
2026-07-21;04:16:42.299;72;41.020100;28.984500;92;36.2;17.9;388;42;73;57.6;8.7;620;838.0;43;34;48;85;46.0;47;25.1;2462;359.4;76
2026-07-21;04:16:42.373;34;41.021100;28.985500;84;31.8;15;742;28;55;40.5;39.4;697;838.4;29;42;34;86;46.5;46;30.1;2392;359.5;58
2026-07-21;04:16:42.373;29;41.022100;28.986500;93;48.6;7.9;746;27;59;52.7;5.6;1765;838.6;38;33;44;85;46.5;49;10.3;1362;359.6;78
2026-07-21;04:16:42.839;32;41.023100;28.987500;88;30.4;5.1;697;39;50;56.3;14.9;1127;838.9;43;43;32;86;46.5;31.8;22.1;1843;359.7;54
2026-07-21;04:16:43.641;51;41.024100;28.988500;85;47.4;17.5;714;33;71;48.2;22.9;1260;839.2;36;45;34;86;46.4;49.8;18.9;2442;359.7;46
2026-07-21;04:16:43.641;81;41.025100;28.989500;79;41.1;14.6;505;39;55;42.7;14.7;1726;839.5;25;41;41;87;46.2;43.8;25.1;1524;359.9;55
2026-07-21;04:16:43.760;77;41.026100;28.990500;64;43.4;16.7;687;36;64;41.5;8;604;839.7;36;32;47;86;46.0;42.3;11.4;1524;360.0;73
2026-07-21;04:16:45.147;38;41.025100;28.989500;71;33.3;24.4;662;34;69;40;21.8;1710;840.2;38;39;47;86;46.2;41.8;36.9;581;360.1;28
2026-07-21;04:16:45.218;72;41.024100;28.988500;71;35.9;10.7;529;44;60;50.2;29.9;1330;840.5;44;45;30;87;46.2;44.9;19;1681;360.2;77
2026-07-21;04:16:45.219;33;41.023100;28.987500;96;44.3;23.7;520;44;70;53.3;16.7;1501;840.8;43;46;30;87;46.2;53.7;43.8;1041;360.3;71
2026-07-21;04:16:45.313;64;41.022100;28.986500;90;36.5;21.8;638;32;62;59.5;40;1619;841.0;27;39;40;87;45.9;56.6;27.4;1844;360.4;33
2026-07-21;04:16:45.385;26;41.021100;28.985500;82;42.7;7.2;605;28;52;40.3;8.2;1333;841.5;27;47;43;87;46.3;49.7;17;356;360.5;67
2026-07-21;04:16:45.790;40;41.020100;28.984500;88;42.4;8.9;397;38;55;54;19.5;1564;841.7;33;42;32;88;45.9;33.7;48.6;350;360.7;46
2026-07-21;04:16:46.633;52;41.019100;28.983500;77;44.3;20.8;762;25;52;49.8;8.7;1604;841.8;29;44;43;89;45.6;36.8;6.1;2437;360.8;49
2026-07-21;04:16:46.633;31;41.018100;28.982500;66;30.6;17.2;525;40;72;42.8;30.5;955;842.2;39;44;32;89;45.6;35.5;34.1;779;360.9;70
2026-07-21;04:16:46.903;79;41.017100;28.981500;65;49.7;15.9;370;25;55;57.9;30.5;799;842.3;42;37;35;90;45.8;32.2;44.2;445;361.0;82
2026-07-21;04:16:47.772;41;41.016100;28.980500;78;40;17.4;674;33;70;45.9;26.4;1419;842.4;28;31;40;89;45.9;30.2;13.4;1308;361.1;77
2026-07-21;04:16:47.772;55;41.015100;28.979500;73;40;7.7;221;39;57;44.5;21.1;1199;842.9;34;33;40;90;45.7;47.7;15.6;1260;361.2;68
2026-07-21;04:16:47.844;64;41.016100;28.980500;93;48.3;21.3;773;40;69;51.3;15.5;1273;843.3;31;38;43;90;46.1;50.3;6.8;819;361.4;74
2026-07-21;04:16:48.623;82;41.017100;28.981500;70;35.6;8;335;38;65;56.7;9.6;562;843.5;39;39;43;90;46.3;56.8;13.7;441;361.6;68
2026-07-21;04:16:48.695;72;41.018100;28.982500;93;31;9.7;540;39;56;40.5;28.5;712;843.7;42;31;36;89;46.4;46.3;49.9;750;361.7;69
2026-07-21;04:16:48.766;40;41.019100;28.983500;96;48.8;19.7;589;40;64;56.8;25.1;1998;844.1;37;46;33;89;46.3;30.1;20.3;345;361.8;83
2026-07-21;04:16:49.289;85;41.020100;28.984500;68;41.5;21.3;246;26;69;55.3;39.8;1654;844.5;42;46;34;89;46.2;38.2;46.9;1503;362.0;48
2026-07-21;04:16:49.462;47;41.021100;28.985500;71;34.6;15.4;675;38;53;54.9;20.3;1239;845.0;44;38;38;89;46.4;57.1;39.3;2306;362.2;62
2026-07-21;04:16:50.233;24;41.022100;28.986500;66;45.7;5;640;42;63;45.5;39.4;1431;845.1;26;37;42;88;46.6;44.2;36.2;843;362.4;50
2026-07-21;04:16:50.458;58;41.023100;28.987500;65;39.5;19.9;780;29;67;52.8;24.2;597;845.3;41;37;49;88;46.9;44.5;16.4;1517;362.5;66
2026-07-21;04:16:50.540;65;41.024100;28.988500;65;46.8;9.1;698;44;66;46.6;39.8;1730;845.6;30;44;48;88;46.6;55.3;48.9;1949;362.6;51
2026-07-21;04:16:50.857;36;41.025100;28.989500;83;37.2;20.2;736;44;74;56.3;27.2;1038;845.9;34;40;43;87;46.2;40.9;45.5;938;362.8;61
2026-07-21;04:16:51.697;85;41.026100;28.990500;65;38;22.7;337;34;51;53.9;26.1;1197;846.2;40;28;30;87;45.9;55.5;49.9;2312;362.9;77
2026-07-21;04:16:51.698;33;41.025100;28.989500;98;37.7;13.9;597;39;53;40.3;36.4;581;846.4;37;42;39;88;46.0;44.5;18.7;1441;363.0;68
2026-07-21;04:16:51.769;63;41.024100;28.988500;95;41.8;18.1;693;41;67;51.4;36;527;846.6;43;42;32;88;46.2;42.8;42.7;2219;363.1;60
2026-07-21;04:16:53.170;69;41.023100;28.987500;96;33.5;7.1;776;29;67;54.5;26.3;566;847.1;36;36;37;88;45.7;53.9;43.2;1535;363.3;38
2026-07-21;04:16:53.249;58;41.022100;28.986500;60;47.3;24.1;679;25;68;53.1;14.6;1046;847.5;32;35;42;88;45.9;39.3;13.8;364;363.4;27
2026-07-21;04:16:53.250;23;41.021100;28.985500;98;40.7;23.1;529;27;63;46.6;37.3;850;847.6;40;35;41;88;45.7;34.1;17;956;363.5;77
2026-07-21;04:16:53.324;57;41.020100;28.984500;90;45.3;12.8;630;25;56;48.4;35;1319;847.8;32;38;38;87;45.5;59;37.5;1603;363.7;33
2026-07-21;04:16:53.392;39;41.019100;28.983500;69;32.8;19.3;688;41;62;55.1;22.5;1741;848.0;40;32;45;87;45.9;32.5;25.6;819;363.8;51
2026-07-21;04:16:53.766;39;41.018100;28.982500;83;46.9;11.8;786;44;72;59;10.2;1111;848.1;37;41;48;86;46.3;43.2;37.4;2299;363.9;63
2026-07-21;04:16:54.621;54;41.017100;28.981500;66;48.9;22.8;562;43;72;55.8;5.6;544;848.3;27;32;44;86;46.2;37.9;41.6;473;364.1;71
2026-07-21;04:16:54.622;52;41.016100;28.980500;63;44.1;18.4;370;38;58;51.1;39.3;1200;848.4;40;28;44;86;46.3;51.4;34.4;1885;364.1;64
2026-07-21;04:16:54.891;61;41.015100;28.979500;99;46.1;24.9;663;38;50;46.8;38.7;1111;848.6;36;31;34;86;45.9;41.4;45.5;1724;364.3;89
2026-07-21;04:16:55.760;21;41.016100;28.980500;68;40.4;6.9;722;30;69;57.9;8.2;1675;848.8;26;42;33;86;46.2;58.4;22.1;803;364.5;63
2026-07-21;04:16:55.762;80;41.017100;28.981500;81;42.3;7.2;561;44;60;49.1;21.7;1327;849.1;33;41;34;86;46.3;39.8;27.4;1092;364.5;81
2026-07-21;04:16:55.831;56;41.018100;28.982500;60;36.6;14.4;346;27;52;43.4;9.6;1066;849.3;44;42;37;86;46.5;44.7;37.1;1896;364.6;67
2026-07-21;04:16:57.149;39;41.019100;28.983500;75;33.4;21.1;680;36;61;47.7;17.4;1240;849.5;33;38;42;86;46.2;34.4;15.1;1997;364.7;26
2026-07-21;04:16:57.221;47;41.020100;28.984500;81;34.1;12.4;359;40;71;57.4;10.6;712;849.9;31;38;42;87;46.6;38.5;32;1635;364.8;69
2026-07-21;04:16:57.222;22;41.021100;28.985500;89;33.6;9.8;255;35;55;51.3;17;1771;850.2;42;40;41;87;46.4;40.2;18.1;324;364.9;36
2026-07-21;04:16:57.446;24;41.022100;28.986500;92;48.2;22.4;573;44;59;59.7;32.1;1392;850.3;39;39;30;86;46.2;59.3;22.6;2365;365.0;33
2026-07-21;04:16:57.517;34;41.023100;28.987500;79;48.9;16.9;297;43;59;57.2;33.6;1101;850.7;40;31;49;86;46.1;56.7;49.6;2029;365.2;29
2026-07-21;04:16:57.832;89;41.024100;28.988500;60;42.4;18.5;478;26;59;59.4;22.1;868;851.0;37;32;40;85;46.1;50.4;29.1;417;365.3;44
2026-07-21;04:16:58.702;24;41.025100;28.989500;66;37.4;8.7;518;34;52;53.2;31.9;1376;851.3;34;35;48;85;45.8;56;29.1;1649;365.5;85
2026-07-21;04:16:58.703;54;41.026100;28.990500;82;46.3;24;532;34;66;42.5;38.1;1741;851.6;34;47;32;86;45.6;52.5;17.9;2457;365.6;55
2026-07-21;04:16:58.773;76;41.025100;28.989500;72;43.7;21.3;323;31;73;46.8;19.3;1050;852.0;31;44;40;86;45.2;58.9;33.3;640;365.7;84
2026-07-21;04:16:59.362;33;41.024100;28.988500;90;37.2;14.3;296;29;63;43.3;5.5;1897;852.4;32;38;34;86;45.1;49.4;29;2304;365.9;54
2026-07-21;04:16:59.434;39;41.023100;28.987500;81;32.2;11.9;678;41;72;57.5;39.1;1589;852.6;34;42;44;86;44.8;39.4;47.8;2411;366.0;52
2026-07-21;04:16:59.825;60;41.022100;28.986500;92;35.7;9.9;231;43;63;57.1;21;1524;852.7;37;32;42;85;45.1;52;19.6;2138;366.1;69
2026-07-21;04:17:00.708;55;41.021100;28.985500;71;38;17.9;749;36;60;50.9;19;1631;853.2;42;45;40;86;45.0;40.1;8.9;1157;366.1;39
2026-07-21;04:17:00.709;40;41.020100;28.984500;90;35.2;15.7;536;36;68;59.8;18.7;1688;853.7;31;37;33;86;44.5;31.2;34.3;1162;366.3;85
2026-07-21;04:17:00.795;66;41.019100;28.983500;67;44.6;13;625;28;62;46.7;34.3;1323;854.1;30;41;36;86;44.7;50.9;22.9;1491;366.4;47
2026-07-21;04:17:02.242;33;41.018100;28.982500;69;33.5;16.4;278;26;50;53.7;14;1116;854.4;44;44;45;86;44.5;41.6;10.1;1344;366.5;83
2026-07-21;04:17:02.314;82;41.017100;28.981500;64;41.8;23.3;740;30;55;45.2;36.8;1533;854.8;28;34;46;86;44.2;39.3;11.2;1830;366.6;72
2026-07-21;04:17:02.314;77;41.016100;28.980500;90;37.3;16.9;772;25;54;47.5;27.8;1211;855.1;43;47;46;87;44.0;31.3;16.2;1573;366.7;26
2026-07-21;04:17:02.392;44;41.015100;28.979500;72;49.5;15.6;640;44;69;40.6;15.4;561;855.3;37;46;38;86;43.5;58.3;45;2479;366.9;63
2026-07-21;04:17:02.463;83;41.016100;28.980500;85;40.7;21.2;600;26;69;57.2;18.3;1124;855.6;44;29;34;86;43.0;39;44.1;1582;367.1;60
2026-07-21;04:17:02.875;44;41.017100;28.981500;65;38.4;18.6;476;32;54;46.8;15.2;735;855.9;42;46;34;87;43.1;52.1;47.2;1828;367.2;83
2026-07-21;04:17:03.689;70;41.018100;28.982500;62;36.7;14.6;452;27;52;59.1;10.3;1340;856.1;34;40;43;86;43.2;46.1;37.8;1779;367.3;63
2026-07-21;04:17:03.689;85;41.019100;28.983500;69;42;12;411;35;59;59.4;18.6;774;856.3;25;42;45;87;42.8;40;25.9;1054;367.5;70
2026-07-21;04:17:03.787;83;41.020100;28.984500;61;39.6;23.7;240;43;59;57;13.4;1618;856.4;35;45;34;87;42.7;58.4;39;1991;367.6;30
2026-07-21;04:17:04.715;24;41.021100;28.985500;99;31.8;13.1;566;44;74;56.1;16.2;1394;856.5;42;42;41;86;42.9;34.1;21.9;1757;367.7;83
2026-07-21;04:17:04.786;85;41.022100;28.986500;98;48.3;15.9;469;25;70;40.9;8.3;1115;856.7;41;43;43;85;42.7;33.1;30.3;977;367.9;83
2026-07-21;04:17:04.787;26;41.023100;28.987500;63;31.5;8.4;447;44;51;40.4;31.4;1656;857.2;32;42;36;85;43.1;54.9;33.6;353;368.0;79
2026-07-21;04:17:05.855;47;41.024100;28.988500;74;49.4;10.4;319;40;60;58.6;31.9;1000;857.5;42;42;48;86;43.0;36.4;9.1;1943;368.1;28
2026-07-21;04:17:05.926;58;41.025100;28.989500;79;42.2;9.4;644;32;67;59.3;28;1120;857.7;32;42;32;86;42.9;49;12.7;1902;368.2;25
2026-07-21;04:17:05.926;36;41.026100;28.990500;85;37.6;22.1;241;35;57;44.3;29.3;1880;858.1;40;41;46;87;42.7;38.6;36.2;1017;368.4;63
2026-07-21;04:17:06.415;35;41.025100;28.989500;84;32.9;22.5;714;28;66;43.4;11.4;676;858.3;38;45;44;87;42.3;56.6;45.3;1402;368.6;58
2026-07-21;04:17:06.486;28;41.024100;28.988500;72;46.4;10.9;343;25;52;45.2;6.2;1596;858.6;33;32;34;88;42.6;35.2;15.1;1874;368.7;64
2026-07-21;04:17:06.807;43;41.023100;28.987500;73;33.3;6.5;478;33;68;52.1;10.4;1110;859.0;28;42;30;87;43.0;37.7;39.1;931;368.8;36
2026-07-21;04:17:07.674;88;41.022100;28.986500;79;39.8;16.7;734;28;53;49.3;13.4;674;859.5;38;35;44;88;42.8;59.4;6.1;542;368.8;70
2026-07-21;04:17:07.674;66;41.021100;28.985500;79;40.3;6.8;206;30;52;40.8;18.3;1996;859.8;44;30;43;87;42.5;47.2;31.8;1744;369.0;34
2026-07-21;04:17:07.792;78;41.020100;28.984500;83;31.2;23.6;636;34;51;50.9;15.7;1900;859.9;32;30;40;87;42.3;52.3;30.9;1764;369.1;42
2026-07-21;04:17:08.455;86;41.019100;28.983500;98;45.6;13.7;303;41;74;57.9;7.9;1483;860.1;42;47;35;88;41.8;42;27.8;419;369.3;26
2026-07-21;04:17:08.528;28;41.018100;28.982500;75;39.9;7.5;553;25;59;52.7;38.4;1757;860.3;29;29;38;88;41.7;49.2;49.4;2352;369.4;37
2026-07-21;04:17:08.825;58;41.017100;28.981500;72;39.9;16.6;365;34;50;41.5;5.2;1400;860.5;31;28;38;88;41.2;40.4;33;1317;369.6;37
2026-07-21;04:17:09.679;74;41.016100;28.980500;89;47.7;17.8;496;35;52;56.2;39;1309;861.0;36;46;41;88;41.6;40.8;49.7;336;369.7;35
2026-07-21;04:17:09.768;57;41.015100;28.979500;75;30.6;16.8;352;43;55;55.8;39.1;547;861.1;26;40;38;88;42.0;58.9;26.5;375;369.9;23
2026-07-21;04:17:09.843;48;41.016100;28.980500;69;35.9;7.3;376;38;63;50.9;11.5;1783;861.4;35;47;35;89;41.8;46.2;37.3;1849;370.1;67
2026-07-21;04:17:10.712;54;41.017100;28.981500;62;40.1;14.2;498;35;68;57;33.9;1828;861.5;36;42;44;88;41.4;37.2;35.7;2456;370.3;56
2026-07-21;04:17:10.785;65;41.018100;28.982500;94;31.7;24.4;732;29;57;44.4;21.2;1739;861.9;29;28;32;88;41.8;58.1;13.1;2308;370.5;28
2026-07-21;04:17:10.857;32;41.019100;28.983500;87;34.7;5.4;304;33;69;44.7;30.5;877;862.4;38;32;42;88;41.4;40.9;18.6;575;370.5;79
2026-07-21;04:17:12.332;85;41.020100;28.984500;95;30.6;22.1;442;30;55;51.8;9.4;872;862.6;38;39;42;87;41.3;49.2;16.2;1701;370.6;75
2026-07-21;04:17:12.405;44;41.021100;28.985500;94;34.8;7.4;753;26;50;53.3;21.9;633;863.0;41;28;33;87;40.9;42.7;31.7;1581;370.8;50
2026-07-21;04:17:12.405;60;41.022100;28.986500;93;41.4;13;514;41;71;54;31.3;1744;863.3;37;37;37;86;41.1;57.6;24.7;1673;370.9;22
2026-07-21;04:17:12.405;30;41.023100;28.987500;93;45.5;9.8;785;43;73;59.1;20.2;929;863.8;33;33;45;86;40.8;38.8;41.2;641;371.0;23
2026-07-21;04:17:12.486;89;41.024100;28.988500;83;32.4;21.8;552;42;52;48.1;23.8;1395;864.2;39;28;35;86;40.6;34.2;47.9;536;371.2;79
2026-07-21;04:17:12.879;34;41.025100;28.989500;81;38.6;6.2;380;26;72;47.1;37.2;1375;864.6;35;40;32;86;40.9;44.6;34.5;862;371.3;59
2026-07-21;04:17:13.706;82;41.026100;28.990500;74;35.8;14.1;718;40;73;41;11.5;960;864.8;40;41;49;86;40.5;55;44.5;761;371.4;45
2026-07-21;04:17:13.707;55;41.025100;28.989500;95;32.5;19.9;642;35;58;42.5;6;1142;865.2;44;34;49;85;40.7;44.3;13.5;1589;371.5;66
2026-07-21;04:17:13.975;60;41.024100;28.988500;66;47.9;22.4;435;44;55;50.6;36.2;1097;865.5;32;30;46;86;40.8;43.5;32.6;438;371.6;34
2026-07-21;04:17:14.824;64;41.023100;28.987500;77;30.7;23.3;464;26;61;57.8;26.6;1784;866.0;44;42;33;86;41.2;47.1;20.8;940;371.8;84
2026-07-21;04:17:14.900;28;41.022100;28.986500;64;49.9;18.4;750;29;63;46.2;22.1;1552;866.4;31;35;48;85;41.0;58;38.8;1394;371.9;48
2026-07-21;04:17:14.914;37;41.021100;28.985500;85;49.9;10.2;316;30;53;57.3;21.8;756;866.8;38;38;49;85;41.4;32.7;23.3;1246;372.0;53
2026-07-21;04:17:15.493;59;41.020100;28.984500;89;35.5;24.5;653;44;62;58;14.3;1439;867.0;40;44;40;85;41.6;36.7;28.1;950;372.1;36
2026-07-21;04:17:15.564;74;41.019100;28.983500;81;42;11.7;608;43;70;49.7;7.1;1253;867.3;39;44;40;85;41.3;30.1;46.4;1708;372.2;43
2026-07-21;04:17:15.788;67;41.018100;28.982500;78;41.1;7.3;776;25;51;55.2;20.5;913;867.7;35;40;37;84;41.3;42.8;49.8;1884;372.3;68
2026-07-21;04:17:16.638;50;41.017100;28.981500;85;35.9;13.8;613;37;71;58.8;13;639;868.1;31;35;46;83;41.6;40.5;6.5;1977;372.4;78
2026-07-21;04:17:16.710;70;41.016100;28.980500;85;39;18.8;401;33;50;52.4;25.3;1095;868.4;30;28;47;84;42.0;33.1;8.8;1928;372.5;65
2026-07-21;04:17:16.933;66;41.015100;28.979500;85;44.6;21.9;390;30;61;57.9;23.5;1596;868.7;25;37;47;84;42.4;46.8;17.4;807;372.6;33
2026-07-21;04:17:17.417;77;41.016100;28.980500;84;46.9;12.2;787;36;62;43.3;31.8;753;868.9;34;47;31;83;42.0;41.4;10.5;1723;372.7;79
2026-07-21;04:17:17.486;78;41.017100;28.981500;82;42.9;13.9;439;26;72;44.7;34.3;1250;869.1;43;34;31;84;42.1;37.5;27.6;2422;372.9;65
2026-07-21;04:17:17.899;23;41.018100;28.982500;61;33.3;22.3;210;29;51;56;35.7;514;869.3;44;44;40;84;42.4;37.7;34.2;364;373.1;22
2026-07-21;04:17:18.495;47;41.019100;28.983500;66;42.1;16.8;771;44;68;46.5;18.9;928;869.4;34;34;34;84;42.3;48.5;30.5;305;373.2;27
2026-07-21;04:17:18.495;74;41.020100;28.984500;62;47.3;5.9;549;41;70;51.4;10.7;1392;869.7;25;46;40;84;42.5;33.2;45.1;1077;373.4;52
2026-07-21;04:17:18.888;33;41.021100;28.985500;74;48.1;15.7;602;33;58;56;35.4;745;870.2;26;41;31;83;42.3;35.7;26.6;997;373.4;23
2026-07-21;04:17:19.673;45;41.022100;28.986500;79;32;21.1;633;32;52;55.7;26.4;611;870.4;43;38;49;84;42.8;57.9;7.8;1634;373.6;66
2026-07-21;04:17:19.746;85;41.023100;28.987500;92;37.1;11.1;565;30;57;55;23.4;1772;870.7;30;30;47;83;42.7;48.7;21.2;823;373.7;62
2026-07-21;04:17:19.822;47;41.024100;28.988500;76;36.7;18.7;479;37;68;59.6;13.2;904;871.2;36;46;38;83;42.9;39.4;44.6;1190;373.9;63
2026-07-21;04:17:20.697;63;41.025100;28.989500;62;38.8;12.6;326;39;55;45;36.1;520;871.5;41;28;40;84;42.7;56.2;31.2;704;374.1;77
2026-07-21;04:17:20.768;63;41.026100;28.990500;97;46;8.1;299;40;53;58.8;14;758;871.7;36;33;33;83;43.1;54.6;25.6;1343;374.2;30
2026-07-21;04:17:20.842;27;41.025100;28.989500;87;30.2;14.9;450;37;67;51.5;33.4;834;872.1;38;35;39;83;43.1;50.5;32.2;541;374.3;61
2026-07-21;04:17:21.722;39;41.024100;28.988500;99;30.6;13;377;26;59;42.9;14.6;1175;872.4;41;42;41;82;42.9;38.9;9.9;2218;374.5;37
2026-07-21;04:17:21.794;81;41.023100;28.987500;94;45;13.8;518;40;57;53;13.1;1687;872.7;31;31;42;82;43.1;58.3;43.4;852;374.5;66
2026-07-21;04:17:21.866;89;41.022100;28.986500;85;38.5;14.7;592;34;72;53.4;37.9;879;873.0;42;44;30;83;43.2;45.9;29.8;1114;374.7;34
2026-07-21;04:17:22.979;39;41.021100;28.985500;94;33.9;20.7;551;28;66;43.1;38;782;873.4;32;41;33;83;43.1;45.9;49.9;1950;374.8;41
2026-07-21;04:17:23.053;20;41.020100;28.984500;88;40.9;21.1;656;38;50;47;21;1716;873.7;44;36;30;82;42.9;40.7;8;590;374.8;64
2026-07-21;04:17:23.053;23;41.019100;28.983500;90;39.2;24.4;461;38;64;48.2;20.8;838;873.9;30;43;42;82;42.9;46.4;7;1117;375.0;53
2026-07-21;04:17:23.441;20;41.018100;28.982500;61;42.3;22.7;671;26;59;41.6;10.8;1874;874.2;35;37;44;82;42.7;42.3;6;951;375.1;44
2026-07-21;04:17:23.441;65;41.017100;28.981500;69;46.4;20.1;692;41;61;49.5;9.3;1201;874.5;25;35;43;82;42.5;51.6;7.9;2398;375.2;47
2026-07-21;04:17:23.907;48;41.016100;28.980500;72;44.1;14.6;356;30;68;49.7;35;527;874.6;27;32;46;82;42.9;36.6;37.5;2004;375.4;24
2026-07-21;04:17:24.735;80;41.015100;28.979500;90;45.4;15.6;328;40;53;43.5;34.7;716;874.9;27;41;38;83;43.0;35.2;34.7;554;375.6;65
2026-07-21;04:17:24.735;64;41.016100;28.980500;82;33;7;783;27;53;43.5;18.9;1532;875.1;41;45;37;83;43.2;50.7;41.7;2163;375.7;28
2026-07-21;04:17:24.834;71;41.017100;28.981500;63;48.2;8.1;245;25;61;52.7;35.8;1106;875.5;29;32;30;83;43.3;57.2;24.9;1175;375.9;50
2026-07-21;04:17:26.727;56;41.018100;28.982500;62;35.7;24.6;617;33;54;45.5;8.7;1732;875.8;39;40;37;84;43.3;41.9;35.3;2352;376.0;51
2026-07-21;04:17:26.993;27;41.019100;28.983500;96;44.9;10.6;750;32;73;43.3;15.9;1730;876.1;30;37;36;85;42.9;48.4;45.7;2143;376.1;21
2026-07-21;04:17:26.993;63;41.020100;28.984500;91;38.9;5.7;242;28;65;46.7;37.3;1022;876.4;30;46;38;85;42.8;35.4;14.9;872;376.2;84
2026-07-21;04:17:26.993;67;41.021100;28.985500;78;36.5;9.9;505;32;61;46.2;17.1;522;876.6;36;37;31;86;42.6;34.5;5.8;1479;376.4;56
2026-07-21;04:17:26.994;74;41.022100;28.986500;72;35.2;16.4;218;41;57;57.3;18.3;856;876.9;37;43;36;86;42.6;30;27.2;2448;376.5;29
2026-07-21;04:17:27.549;40;41.023100;28.987500;80;45.7;20.5;646;28;61;51.1;34.3;770;877.2;31;42;31;85;42.8;30.7;47.7;1435;376.5;23
2026-07-21;04:17:29.125;25;41.024100;28.988500;94;44.9;9.9;475;27;56;58.6;15.4;774;877.4;38;47;47;85;42.9;30.5;43.6;2482;376.6;66
2026-07-21;04:17:29.126;45;41.025100;28.989500;76;40;13;653;40;65;50;35;568;877.9;35;31;31;85;43.3;58;13.1;1993;376.8;72
2026-07-21;04:17:29.126;49;41.026100;28.990500;95;30.1;22.5;494;44;60;55.3;29.7;1880;878.2;43;32;45;85;43.2;47.4;44.4;1070;377.0;63
2026-07-21;04:17:30.242;62;41.025100;28.989500;61;34.7;5.8;260;28;68;40.2;15.9;1468;878.3;36;37;36;84;42.7;54.5;42.5;2391;377.0;85
2026-07-21;04:17:30.243;82;41.024100;28.988500;79;37.3;12.1;367;44;71;42.9;26.8;1585;878.6;44;30;37;84;43.2;34.8;45.4;2297;377.1;40
2026-07-21;04:17:30.243;52;41.023100;28.987500;60;48.9;5.2;353;34;72;40.8;29.7;996;878.8;38;30;35;85;43.0;30.9;46.8;953;377.3;41
2026-07-21;04:17:30.686;71;41.022100;28.986500;93;31.9;15.8;711;38;61;45.4;32.8;611;878.9;40;40;46;85;43.5;42.7;46.3;1317;377.4;21
2026-07-21;04:17:30.686;39;41.021100;28.985500;79;42.3;19.9;495;28;58;52.6;7.3;721;879.0;40;45;39;84;43.7;41.4;43.3;1679;377.6;36
2026-07-21;04:17:30.686;57;41.020100;28.984500;89;44;18.1;662;41;68;56.1;28.2;885;879.4;29;41;37;85;43.6;59.8;46.3;1120;377.7;69
2026-07-21;04:17:30.857;23;41.019100;28.983500;94;41.6;11.9;785;30;56;55.1;22.4;1223;879.9;32;30;48;84;43.7;41.1;7;788;377.8;25
2026-07-21;04:17:30.858;27;41.018100;28.982500;69;39.7;14.2;262;44;58;51.4;37.8;1770;880.4;25;38;32;84;43.4;39.8;29.1;1793;377.9;24
2026-07-21;04:17:30.858;69;41.017100;28.981500;66;35.3;8.1;504;36;72;48;17.3;595;880.8;33;31;49;84;43.6;49.9;24;1078;378.1;42
2026-07-21;04:17:31.788;26;41.016100;28.980500;89;44.1;13.8;790;30;67;52.8;35.9;1674;881.2;36;45;31;84;43.7;36.8;38.9;1076;378.2;80
2026-07-21;04:17:31.861;60;41.015100;28.979500;86;46.3;14.3;447;38;51;44.7;35.6;1913;881.4;37;33;42;84;43.8;32.1;34.4;911;378.3;45
2026-07-21;04:17:31.934;49;41.016100;28.980500;65;49.2;5.6;730;41;74;43;25.4;1192;881.8;25;39;45;84;43.5;51.8;37.8;353;378.4;81
2026-07-21;04:17:33.353;39;41.017100;28.981500;82;44.1;10.9;620;40;60;53.2;7.3;908;882.0;43;30;44;85;43.9;56.2;13.8;2099;378.6;84
2026-07-21;04:17:33.423;39;41.018100;28.982500;73;34.2;16.4;448;34;66;47.8;32.4;514;882.1;35;35;37;84;43.5;39.9;18.2;2057;378.8;40
2026-07-21;04:17:33.424;46;41.019100;28.983500;91;33.2;11;611;40;66;42.5;6.9;862;882.3;39;32;46;85;43.3;46.2;20.9;1060;378.8;39
2026-07-21;04:17:33.424;59;41.020100;28.984500;64;46.3;7.2;578;29;62;51.4;14.7;768;882.6;31;41;47;86;43.5;33.3;44.9;2458;378.9;56
2026-07-21;04:17:33.497;34;41.021100;28.985500;99;40.9;7.9;595;43;72;40.5;33.2;1258;882.7;44;37;46;86;43.9;56.8;33.2;1632;379.1;32
2026-07-21;04:17:33.896;68;41.022100;28.986500;75;49.3;12.6;729;44;72;48.5;27;1605;883.0;39;33;30;86;44.3;32.6;12.6;1616;379.3;87
2026-07-21;04:17:34.724;82;41.023100;28.987500;88;32.2;23.3;245;29;69;51.2;17.6;1071;883.3;44;36;40;86;44.7;35;27.5;981;379.3;39
2026-07-21;04:17:34.725;82;41.024100;28.988500;72;49.2;18.9;752;25;64;54.1;23.3;817;883.4;28;43;32;86;45.1;37.6;40.6;2392;379.4;26
2026-07-21;04:17:34.822;29;41.025100;28.989500;94;38.3;10;247;32;68;53.8;13.2;1017;883.9;32;42;43;87;45.0;57.4;7.2;839;379.5;50
2026-07-21;04:17:35.751;89;41.026100;28.990500;66;47.8;5.8;316;42;58;55.8;18.9;544;884.3;32;44;44;87;45.3;33.2;24.1;2347;379.6;38
2026-07-21;04:17:35.828;52;41.025100;28.989500;99;44.7;17.3;781;28;69;59.5;23.8;1583;884.6;44;43;34;88;45.0;49.5;21;934;379.7;35
2026-07-21;04:17:35.905;29;41.024100;28.988500;77;33.2;8.4;731;35;66;43.2;9.3;1698;884.8;34;35;37;87;45.0;51.2;23;1906;379.8;23
2026-07-21;04:17:37.319;80;41.023100;28.987500;76;49.3;15.6;463;37;73;44.7;5.2;711;884.9;26;36;44;87;44.7;51.2;47.7;1238;379.9;26
2026-07-21;04:17:37.393;38;41.022100;28.986500;82;40.6;9.4;384;39;52;53;26.2;1416;885.1;34;30;31;86;44.6;30.1;30.8;1341;380.0;44
2026-07-21;04:17:37.398;22;41.021100;28.985500;82;32.5;12.8;673;38;70;59.9;24.8;1292;885.3;26;41;47;86;44.2;34.2;41.3;1987;380.1;47
2026-07-21;04:17:37.464;49;41.020100;28.984500;98;31.4;19.5;682;32;62;51.8;5.8;1116;885.4;43;36;47;86;44.6;51.5;15;2384;380.2;89
2026-07-21;04:17:37.535;21;41.019100;28.983500;71;36;13.4;455;27;54;48.7;21.5;1884;885.8;26;37;49;86;44.6;39.6;30.2;698;380.3;40
2026-07-21;04:17:37.979;88;41.018100;28.982500;94;40.5;13.3;572;40;70;51.6;32.4;977;886.0;31;36;45;85;44.5;32.2;8.9;514;380.5;84
2026-07-21;04:17:38.427;39;41.017100;28.981500;82;45.2;18.1;267;27;53;52.5;13.4;751;886.5;34;38;44;86;44.2;46.1;30.4;2177;380.5;60
2026-07-21;04:17:38.513;51;41.016100;28.980500;82;30.1;11.8;210;35;60;44;22.3;545;886.7;25;43;30;87;44.5;40.4;11.3;2491;380.7;37
2026-07-21;04:17:38.826;30;41.015100;28.979500;87;32.3;16;729;28;65;59.8;18.9;1489;887.1;44;31;34;88;44.5;40.8;20.5;2062;380.8;43
2026-07-21;04:17:39.696;25;41.016100;28.980500;79;39.4;20.8;552;30;70;59;34.8;1461;887.5;40;28;42;88;44.2;40.8;27.6;1554;381.0;44
2026-07-21;04:17:39.697;50;41.017100;28.981500;91;38.2;15.2;668;30;51;52.9;26.3;826;887.8;29;30;36;87;44.0;41.6;24.9;921;381.1;53
2026-07-21;04:17:39.981;83;41.018100;28.982500;63;35.4;15.3;465;32;71;52.1;28.6;1413;888.0;29;45;36;88;43.5;52.8;45.2;2044;381.3;66
2026-07-21;04:17:40.849;76;41.019100;28.983500;91;36;7.2;282;27;61;55.7;24.7;831;888.2;31;33;34;88;43.8;54.8;8.6;2444;381.4;59
2026-07-21;04:17:40.849;53;41.020100;28.984500;94;42.6;16.7;577;44;73;59.7;11.6;617;888.6;44;30;42;89;43.5;32.5;8.7;2108;381.5;82
2026-07-21;04:17:40.932;22;41.021100;28.985500;80;32.1;21.9;615;36;71;49.1;18.8;748;888.8;43;43;39;89;43.2;30.3;13.1;1760;381.6;48
2026-07-21;04:17:42.343;34;41.022100;28.986500;94;30.5;21;611;32;53;41.7;29.2;791;889.2;35;32;44;89;43.7;35.1;7.9;893;381.7;68
2026-07-21;04:17:42.415;38;41.023100;28.987500;96;35.5;13.4;347;30;50;46.9;29.3;585;889.7;29;43;43;89;44.2;52.5;46;1365;381.9;79
2026-07-21;04:17:42.416;84;41.024100;28.988500;95;46.2;8.7;591;30;61;40.5;34.5;710;890.0;32;47;40;89;44.6;32.6;13;1849;381.9;45
2026-07-21;04:17:42.416;20;41.025100;28.989500;65;47.8;24.1;529;44;56;56.6;6.8;799;890.2;39;41;40;88;44.4;30.8;5.9;2089;382.1;89
2026-07-21;04:17:42.496;58;41.026100;28.990500;75;38.8;24.5;693;28;67;59.8;7.3;1968;890.7;35;40;33;89;44.5;30.2;16.9;493;382.2;77
2026-07-21;04:17:42.929;25;41.025100;28.989500;98;49.3;15.4;750;42;69;40.7;15.7;1107;891.1;35;41;40;89;44.7;47.1;35.2;1829;382.4;44
2026-07-21;04:17:43.735;52;41.024100;28.988500;82;46.8;8.4;743;41;70;55.7;26.8;596;891.6;27;37;43;88;45.0;30.9;18;1491;382.5;44
2026-07-21;04:17:43.736;36;41.023100;28.987500;63;35.3;15.2;275;42;52;56.5;33;1580;891.8;43;31;38;87;45.1;45.7;46;1901;382.6;51
2026-07-21;04:17:43.999;41;41.022100;28.986500;62;44.1;22.3;675;38;73;55.6;39.7;1467;892.0;35;34;39;88;44.7;45.3;10.5;2096;382.8;38
2026-07-21;04:17:44.867;56;41.021100;28.985500;90;49.2;11.5;443;41;51;48.9;28.2;1715;892.4;34;44;45;87;44.6;38;18.6;1393;382.9;75
2026-07-21;04:17:44.867;32;41.020100;28.984500;88;47.1;11.9;411;41;65;51.2;28.1;1111;892.8;34;39;31;87;44.8;48.5;32.7;1881;383.0;52
2026-07-21;04:17:44.939;71;41.019100;28.983500;75;49;22.1;709;33;55;43.1;34.4;1790;893.0;27;38;35;88;45.2;55.3;9.2;597;383.2;82
2026-07-21;04:17:46.357;29;41.018100;28.982500;80;46.7;14.7;288;30;70;45.7;26.3;740;893.3;26;30;41;88;45.0;46.1;21.9;845;383.2;34
2026-07-21;04:17:46.429;65;41.017100;28.981500;78;43.7;10.8;274;32;59;41.8;13.7;1370;893.6;33;40;37;88;44.9;30.2;38.6;1924;383.4;39
2026-07-21;04:17:46.430;84;41.016100;28.980500;75;49.7;13.1;704;28;69;41.9;29.6;960;894.0;27;29;38;89;45.1;36;38.8;626;383.4;60
2026-07-21;04:17:46.430;47;41.015100;28.979500;62;38.6;14.4;212;26;61;54.8;31.4;1599;894.4;39;45;42;89;45.2;40.4;31;600;383.5;48
2026-07-21;04:17:46.501;64;41.016100;28.980500;61;43;21.1;591;33;72;40.3;34.5;1619;894.7;30;42;41;89;45.2;37.9;7.4;817;383.7;51
2026-07-21;04:17:46.870;71;41.017100;28.981500;93;36.1;6.7;689;27;73;49.6;30.6;1161;895.0;29;36;44;89;45.3;46.8;13.5;769;383.8;86
2026-07-21;04:17:47.779;49;41.018100;28.982500;84;49.1;12.4;461;27;54;44.1;18.7;1302;895.2;40;36;39;88;44.9;38.6;44.4;2287;384.0;37
2026-07-21;04:17:47.853;70;41.019100;28.983500;71;32.7;14.3;656;43;72;49.8;14;661;895.6;29;28;49;89;45.0;35;33;2368;384.0;55
2026-07-21;04:17:47.923;24;41.020100;28.984500;71;33.5;5.3;219;34;67;45.4;20.7;1995;896.0;40;40;36;90;44.7;37.2;24.1;2228;384.2;30
2026-07-21;04:17:49.297;35;41.021100;28.985500;86;36.1;24.1;311;43;53;48.9;29.5;1561;896.4;31;34;44;90;44.2;44.6;37;552;384.3;22
2026-07-21;04:17:49.373;47;41.022100;28.986500;99;46.6;20.3;317;34;70;43.1;22.1;1450;896.7;31;35;32;90;44.3;45.1;50;1092;384.5;39
2026-07-21;04:17:49.374;62;41.023100;28.987500;96;49.1;22.4;489;40;50;50.2;31.4;1870;897.1;44;44;41;90;43.9;33.3;37.6;1034;384.6;78
2026-07-21;04:17:49.448;30;41.024100;28.988500;78;46.3;11;281;44;66;55.1;40;509;897.3;30;33;43;91;43.9;59.1;48.7;919;384.7;55
2026-07-21;04:17:49.521;21;41.025100;28.989500;95;31.1;10.9;333;38;59;40.8;23.7;613;897.5;38;42;48;91;44.0;37.6;27.1;874;384.8;85
2026-07-21;04:17:49.899;22;41.026100;28.990500;83;48.5;22.1;374;44;65;55.8;9.7;832;897.8;41;46;45;91;44.0;53.6;17.4;1940;384.9;53
2026-07-21;04:17:50.711;63;41.025100;28.989500;68;35;8;493;35;62;46.4;23.5;1331;898.0;38;30;49;91;44.3;59.9;41.8;2447;385.0;76
2026-07-21;04:17:50.711;80;41.024100;28.988500;68;36.4;7.3;435;41;51;45.2;17.2;1236;898.3;30;35;32;91;44.5;54.1;49.7;2308;385.1;85
2026-07-21;04:17:50.979;42;41.023100;28.987500;69;35.1;6.3;536;42;72;48.6;36;1969;898.7;26;34;49;90;44.4;42.9;31.1;2396;385.3;45
2026-07-21;04:17:51.846;87;41.022100;28.986500;60;35;6.8;419;33;56;55.1;10.6;1386;899.0;43;31;31;90;44.9;31.9;47.7;910;385.5;79
2026-07-21;04:17:51.847;84;41.021100;28.985500;61;49.8;20.3;619;34;70;42.8;9.9;1815;899.4;39;40;48;90;45.3;40.6;26.4;1220;385.6;28
2026-07-21;04:17:51.947;55;41.020100;28.984500;65;44.9;19.3;435;43;61;45.8;13.9;858;899.7;28;28;47;91;44.9;53.2;44;2483;385.7;49
2026-07-21;04:17:52.869;45;41.019100;28.983500;73;48.7;22.6;577;27;59;42.2;32.2;1677;899.9;26;39;38;90;44.7;35.2;31.3;2155;385.8;83
2026-07-21;04:17:52.942;43;41.018100;28.982500;99;49.2;10.8;728;27;71;42.5;14.5;1012;900.2;38;45;46;91;45.0;30.7;49.3;1138;385.9;55
2026-07-21;04:17:52.942;37;41.017100;28.981500;64;33.5;24.8;711;40;58;48.7;14.6;502;900.6;28;29;48;90;44.6;39.6;37.2;335;386.1;80
2026-07-21;04:17:53.901;38;41.016100;28.980500;77;40;5.3;620;26;59;43.4;29.2;1952;900.9;29;28;44;90;44.3;54;20.7;1382;386.2;20
2026-07-21;04:17:53.976;72;41.015100;28.979500;67;46.1;7.6;377;37;71;43.5;34;1240;901.2;27;41;30;90;44.6;42.9;20.3;2069;386.3;27
2026-07-21;04:17:53.977;32;41.016100;28.980500;92;47.1;6.5;373;36;68;47.2;30.9;1625;901.6;43;30;46;90;44.1;57.4;33.8;1918;386.3;41
2026-07-21;04:17:54.912;47;41.017100;28.981500;78;44.7;22.9;798;27;74;57.7;9.5;1540;901.7;26;36;49;89;43.9;51;47.1;2474;386.5;75
2026-07-21;04:17:54.983;64;41.018100;28.982500;79;30.8;19.8;408;27;69;56.5;33.9;1375;902.1;39;29;45;89;43.8;39.8;6.2;748;386.6;28
2026-07-21;04:17:54.983;29;41.019100;28.983500;96;47.5;11.9;696;30;69;48.4;9.9;1334;902.4;26;43;41;88;43.9;38.7;11.6;480;386.7;24
2026-07-21;04:17:55.458;45;41.020100;28.984500;77;45.6;6.7;797;40;52;44.6;11.1;633;902.7;41;28;35;88;43.5;41.4;48.3;1611;386.8;33
2026-07-21;04:17:55.529;85;41.021100;28.985500;93;37;21.6;584;25;62;45.3;30.4;766;903.0;32;44;41;89;43.9;41.8;48.7;1052;386.9;31
2026-07-21;04:17:55.919;77;41.022100;28.986500;95;32.6;17.4;355;42;53;42.2;37.4;1187;903.2;27;46;49;88;43.7;38.8;29;2368;387.0;74
2026-07-21;04:17:56.751;75;41.023100;28.987500;65;44.6;5.8;692;25;51;40.3;20;1315;903.5;26;41;42;88;43.5;59.6;13.6;489;387.2;46
2026-07-21;04:17:56.752;75;41.024100;28.988500;76;47.2;20.6;527;43;60;52.4;28.9;742;903.7;36;37;30;87;43.1;57.3;15.6;1000;387.3;45
2026-07-21;04:17:56.998;69;41.025100;28.989500;95;36.7;21.2;656;32;63;41.4;28.1;957;904.2;29;38;30;87;42.7;54.4;24.5;872;387.3;80
2026-07-21;04:17:57.869;64;41.026100;28.990500;99;32.9;15.4;369;27;72;59;24.3;648;904.7;35;28;31;87;42.9;54.7;9.4;1536;387.4;88
2026-07-21;04:17:57.869;53;41.025100;28.989500;87;31.6;24.4;673;34;62;47.8;28.7;1282;904.8;37;41;31;88;43.4;40.3;23.7;488;387.5;24
2026-07-21;04:17:57.941;39;41.024100;28.988500;73;41.2;18.9;677;33;66;40.3;13.1;549;905.2;35;30;43;87;43.0;38.7;44.1;1229;387.6;86
2026-07-21;04:17:58.854;79;41.023100;28.987500;79;48.7;12.9;224;40;71;46.2;10.6;678;905.5;32;29;31;86;43.4;55.1;22.9;549;387.7;52
2026-07-21;04:17:58.924;83;41.022100;28.986500;67;41.4;12.5;566;39;61;44.2;38.6;1256;905.8;31;45;37;86;43.4;52.6;21.9;556;387.9;45
2026-07-21;04:17:58.925;26;41.021100;28.985500;94;36.4;15.4;343;28;67;57.4;17.7;821;906.2;33;31;33;86;42.9;59.5;44;1241;388.0;50
2026-07-21;04:18:00.373;45;41.020100;28.984500;62;43;15.9;533;31;71;48.5;21.8;1437;906.7;30;33;48;85;42.5;34.2;46.3;1458;388.2;48
2026-07-21;04:18:00.447;36;41.019100;28.983500;69;48.7;8.2;488;25;65;42.8;14;1431;906.8;44;32;43;85;42.8;53.8;37.6;2223;388.4;47
2026-07-21;04:18:00.447;49;41.018100;28.982500;92;49.6;11.9;281;26;58;54.3;14.8;654;907.3;42;35;35;84;42.8;55.1;8.2;525;388.4;73
2026-07-21;04:18:00.447;28;41.017100;28.981500;67;34.5;18.1;275;27;52;42.1;36.2;800;907.4;31;43;33;85;42.8;42.7;47.3;1579;388.6;35
2026-07-21;04:18:00.519;80;41.016100;28.980500;90;42.5;20.7;216;27;61;55.2;27.2;590;907.8;32;41;33;86;42.9;42.3;18.1;1807;388.7;65
2026-07-21;04:18:00.960;34;41.015100;28.979500;96;44.7;22.8;283;35;65;45;36.8;1787;908.0;30;47;39;86;42.7;31.4;26.4;2470;388.8;75
2026-07-21;04:18:01.417;20;41.016100;28.980500;60;41;23.1;516;31;72;41.8;23.8;1658;908.2;38;44;45;87;43.1;45.4;43.1;2102;388.9;56
2026-07-21;04:18:01.506;81;41.017100;28.981500;87;41.1;6.5;706;32;61;42.7;31.8;925;908.4;27;37;41;87;43.3;54.3;48.9;738;389.0;28
2026-07-21;04:18:01.924;23;41.018100;28.982500;88;48;12.3;360;39;57;40.5;8;827;908.8;44;47;40;87;43.5;30.7;8.1;1176;389.2;70
2026-07-21;04:18:02.838;48;41.019100;28.983500;98;30;8.6;486;39;66;41.2;7.5;1956;909.0;37;37;45;86;43.6;35.6;23.7;1022;389.3;23
2026-07-21;04:18:02.839;86;41.020100;28.984500;99;48.7;22.3;659;25;63;43;17.9;1049;909.2;34;28;41;87;43.3;49.3;20;831;389.4;49
2026-07-21;04:18:02.922;31;41.021100;28.985500;79;31.2;22.1;415;35;62;40.1;26.4;1214;909.5;35;29;36;87;42.8;37.8;32.1;2336;389.6;43
2026-07-21;04:18:03.519;89;41.022100;28.986500;81;48.4;11.7;301;26;73;40.3;19.3;1861;909.9;36;38;42;88;42.5;52.2;35.6;1286;389.7;70
2026-07-21;04:18:03.593;81;41.023100;28.987500;76;47.5;6.2;541;42;54;45.2;16;1413;910.2;26;42;39;88;42.8;49.1;26.4;1724;389.8;65
2026-07-21;04:18:03.913;29;41.024100;28.988500;81;34.2;12.6;264;33;53;49.7;39.2;755;910.5;25;39;33;87;43.1;53.7;14.1;2476;390.0;67
2026-07-21;04:18:04.757;80;41.025100;28.989500;69;47.9;7.5;501;33;64;51.4;37.5;982;910.6;40;43;31;87;43.5;40.5;22.7;1968;390.1;36
2026-07-21;04:18:04.757;50;41.026100;28.990500;67;48.7;23;461;25;53;58.9;34.4;1798;910.7;36;35;49;88;43.2;44.9;8.6;1153;390.3;22
2026-07-21;04:18:05.028;24;41.025100;28.989500;61;40.3;23.6;593;38;61;44.2;36.4;1205;911.2;28;35;44;88;43.0;58;10.2;1301;390.4;61
2026-07-21;04:18:05.894;31;41.024100;28.988500;67;31.1;12.7;643;34;53;42.7;29.3;1132;911.6;42;32;43;89;43.4;55.5;7.4;1530;390.6;38
2026-07-21;04:18:05.895;38;41.023100;28.987500;71;35.8;10.9;522;32;67;47;39.9;1231;911.8;39;44;39;88;43.0;32.9;48.3;1039;390.7;87
2026-07-21;04:18:05.967;73;41.022100;28.986500;82;40.4;19.3;255;36;60;56.9;37.4;994;912.2;34;37;35;87;42.7;40.1;17.4;980;390.8;30
2026-07-21;04:18:06.899;72;41.021100;28.985500;87;35;20.1;589;35;71;41.9;19;1637;912.6;34;38;39;87;43.0;40.5;40;932;391.0;64
2026-07-21;04:18:06.972;32;41.020100;28.984500;62;45.9;11.9;546;36;66;51.1;21;1632;912.8;33;42;34;87;42.9;49.9;20.8;1032;391.2;46
2026-07-21;04:18:06.973;29;41.019100;28.983500;87;32.1;16.3;544;31;69;40.5;13.3;1243;913.1;31;34;47;87;42.5;55.9;28.1;1167;391.3;27
2026-07-21;04:18:07.936;85;41.018100;28.982500;81;38.8;11.5;274;29;55;48.3;11.2;1249;913.3;33;42;36;87;42.1;44.7;27.1;495;391.5;77
2026-07-21;04:18:08.008;64;41.017100;28.981500;85;49.2;18.6;716;31;59;49.8;7.3;1875;913.8;43;41;37;88;42.5;52.8;6.4;1490;391.5;84
2026-07-21;04:18:08.009;72;41.016100;28.980500;79;39.9;22.1;383;30;58;43.8;12.8;662;914.0;37;36;40;88;42.7;44.7;28.9;1686;391.7;30
2026-07-21;04:18:08.484;44;41.015100;28.979500;88;34.1;20;491;40;67;44;21.1;637;914.3;31;42;40;88;42.9;36.4;15;391;391.7;24
2026-07-21;04:18:08.575;23;41.016100;28.980500;64;44.5;12.5;259;26;57;54.4;24.2;1252;914.7;32;37;31;88;42.5;58.1;40.1;1703;391.8;43
2026-07-21;04:18:08.921;74;41.017100;28.981500;83;31.5;17.3;405;32;67;59.2;28.7;1145;915.1;30;44;43;88;42.3;42.9;23.2;2403;391.9;68
2026-07-21;04:18:09.785;82;41.018100;28.982500;64;43.1;23.4;541;31;53;44.6;20.6;1379;915.3;40;37;40;88;42.1;41.4;41.3;301;392.1;68
2026-07-21;04:18:09.786;78;41.019100;28.983500;63;39.2;8.5;779;25;50;51.9;11.7;856;915.7;29;30;36;88;42.0;31.9;25.5;813;392.2;36
2026-07-21;04:18:09.904;68;41.020100;28.984500;88;46.3;23.1;657;35;68;48.9;9.3;1866;916.0;39;29;34;89;42.4;42.3;34.9;412;392.2;31
2026-07-21;04:18:10.799;79;41.021100;28.985500;78;37.1;24.3;763;26;57;40.5;9.1;947;916.2;31;28;49;89;42.6;31.4;18.7;2496;392.4;47
2026-07-21;04:18:10.873;28;41.022100;28.986500;90;35.1;23.5;562;37;59;46.9;35.6;803;916.4;26;38;31;89;42.2;40.6;6.9;1916;392.5;43
2026-07-21;04:18:10.945;58;41.023100;28.987500;78;36.9;20.6;468;25;73;47.1;36.9;1017;916.8;39;31;42;90;42.5;38.8;42.9;1647;392.7;83
2026-07-21;04:18:11.864;88;41.024100;28.988500;70;30.3;24.1;446;33;68;57.4;25.3;625;917.2;38;34;34;89;42.8;42.2;16.2;589;392.8;22
2026-07-21;04:18:11.935;58;41.025100;28.989500;96;32.2;13.1;726;43;51;52;34.7;1451;917.5;28;29;30;89;42.9;39.6;22.4;1574;392.9;86
2026-07-21;04:18:11.936;29;41.026100;28.990500;69;40.5;14.9;335;37;54;44.2;13.5;1007;917.6;43;35;40;88;43.1;48;27.4;2493;393.1;41
2026-07-21;04:18:12.527;89;41.025100;28.989500;71;47.1;15.8;334;38;68;45.4;13.8;1668;917.7;36;41;42;89;42.7;48.5;5.6;917;393.2;74
2026-07-21;04:18:12.598;80;41.024100;28.988500;63;31.5;16.6;211;25;69;48.3;39.3;895;917.8;41;46;42;89;42.4;31.9;25.1;766;393.3;70
2026-07-21;04:18:12.982;53;41.023100;28.987500;69;49;14.5;397;31;61;56.9;34.7;1921;918.2;25;47;38;90;42.0;30.1;41.6;779;393.4;37
2026-07-21;04:18:13.510;85;41.022100;28.986500;82;34.3;24.1;245;34;55;55.2;13.7;1864;918.6;27;29;40;89;41.7;30.9;9.5;1812;393.4;33
2026-07-21;04:18:13.592;63;41.021100;28.985500;96;38.4;7.2;785;42;50;47.4;12.6;1915;919.0;41;30;42;88;41.7;57.4;20.9;1705;393.5;32
2026-07-21;04:18:13.934;76;41.020100;28.984500;82;33.6;19.4;526;30;54;59.8;33.6;1686;919.4;40;34;34;87;42.1;58;48.1;2418;393.7;31
2026-07-21;04:18:14.809;41;41.019100;28.983500;99;47.3;19.9;334;27;51;46.3;26.9;1659;919.5;30;32;40;88;41.9;53.2;14.6;2102;393.8;60
2026-07-21;04:18:14.810;80;41.018100;28.982500;90;42;7.8;489;36;67;45.8;15;892;919.7;28;37;41;88;42.3;48;32.9;2047;394.0;38
2026-07-21;04:18:14.905;74;41.017100;28.981500;78;31.8;8.9;766;43;72;41.8;11.8;1547;920.1;38;31;35;88;42.3;35.4;41;2349;394.1;36
2026-07-21;04:18:15.828;36;41.016100;28.980500;70;35.1;13.7;235;27;62;57.6;10.7;926;920.2;28;42;43;89;42.1;48.1;7.3;1416;394.2;89
2026-07-21;04:18:15.903;39;41.015100;28.979500;93;42.2;8.1;715;37;53;47.7;17.4;1769;920.5;25;35;40;89;42.0;54.9;43.5;2346;394.3;33
2026-07-21;04:18:15.976;69;41.016100;28.980500;88;43.9;22.6;509;39;66;43.3;35.3;951;920.6;34;30;41;88;41.9;38.1;34.9;741;394.4;70
2026-07-21;04:18:17.384;42;41.017100;28.981500;85;38.1;10.8;261;37;60;41.7;21.6;738;921.0;33;32;47;88;42.2;49.1;24.2;2322;394.5;34
2026-07-21;04:18:17.460;20;41.018100;28.982500;72;45.8;23.8;414;43;65;41.6;15.4;1474;921.5;42;36;35;88;42.0;59.3;44.7;1222;394.7;62
2026-07-21;04:18:17.460;77;41.019100;28.983500;61;30.4;5.3;567;44;54;51;23.2;1862;921.7;25;32;46;87;41.6;34;22.8;582;394.8;75
2026-07-21;04:18:17.461;73;41.020100;28.984500;92;41.1;5.5;481;43;60;57.5;32.2;1768;922.0;26;45;45;88;41.7;42.6;42.6;501;395.0;60
2026-07-21;04:18:17.529;74;41.021100;28.985500;77;45.8;8.7;433;34;67;53.7;7.9;1974;922.3;32;38;36;88;42.0;30.7;48.7;1763;395.1;66
2026-07-21;04:18:18.015;44;41.022100;28.986500;63;33;12;348;32;51;44.9;39.5;639;922.8;44;40;37;88;42.2;37.2;14.6;1817;395.3;75
2026-07-21;04:18:18.706;23;41.023100;28.987500;75;31.2;6.1;319;30;53;50.8;20;1602;923.0;38;42;30;88;42.1;32;44;2393;395.4;59
2026-07-21;04:18:18.712;73;41.024100;28.988500;75;41.4;11;529;42;67;49.7;28.9;1493;923.5;38;43;30;88;42.4;56.3;8.9;2367;395.5;68
2026-07-21;04:18:18.969;65;41.025100;28.989500;83;42.3;9.9;281;32;50;58.7;10.5;1367;923.8;39;34;43;87;42.2;51.5;27.9;520;395.6;77
2026-07-21;04:18:19.557;69;41.026100;28.990500;74;38.2;14.3;291;29;68;51.1;29.3;714;924.1;33;46;41;86;42.0;55.2;26.9;1595;395.7;83
2026-07-21;04:18:19.630;78;41.025100;28.989500;64;33.1;10.8;270;25;57;45.2;22;691;924.5;35;30;38;86;42.0;51.1;35.3;643;395.8;54
2026-07-21;04:18:19.953;41;41.024100;28.988500;92;43.5;20.1;279;30;58;49.6;14;1362;924.9;26;43;48;86;42.2;54.6;12.3;754;395.9;66
2026-07-21;04:18:20.870;47;41.023100;28.987500;80;45.1;13.3;722;43;72;58.2;39.7;1148;925.3;27;28;48;85;42.2;53.4;8.9;2208;396.1;57
2026-07-21;04:18:20.871;77;41.022100;28.986500;61;31.1;15.9;200;40;67;55.9;34.9;1194;925.6;37;37;32;86;41.9;31.7;24.1;465;396.2;41
2026-07-21;04:18:21.051;86;41.021100;28.985500;61;32.7;18.2;761;26;70;50.3;5.3;1697;926.0;30;43;45;86;41.4;55.1;29.5;2097;396.3;81
2026-07-21;04:18:21.500;33;41.020100;28.984500;88;32.9;10.9;643;39;64;59.4;30;1706;926.1;43;34;48;87;41.7;56.4;11.4;1027;396.4;23
2026-07-21;04:18:21.572;43;41.019100;28.983500;97;31.3;7.5;234;34;66;47.2;34.5;1356;926.3;34;33;44;86;41.6;45.2;8.2;1831;396.6;24
2026-07-21;04:18:21.967;41;41.018100;28.982500;87;32.8;21;319;26;57;44.2;23.4;1185;926.4;28;31;43;86;41.9;35.6;8.1;1786;396.6;80
2026-07-21;04:18:22.822;70;41.017100;28.981500;60;49.8;12;775;26;67;56.9;6.4;803;926.8;44;37;37;86;42.2;53.7;22.5;2304;396.8;54
2026-07-21;04:18:22.823;40;41.016100;28.980500;87;38;17.2;358;30;68;52.1;7.9;1988;927.0;27;31;45;87;42.4;35.5;35;561;396.9;27
2026-07-21;04:18:23.093;78;41.015100;28.979500;81;35;17.4;667;27;54;48.3;32.6;1881;927.3;32;35;43;87;42.3;51.4;6.7;366;397.1;58
2026-07-21;04:18:23.959;48;41.016100;28.980500;89;42.5;18;435;44;56;42.8;14.1;1962;927.5;33;31;31;87;42.3;57.9;19.8;1447;397.1;35
2026-07-21;04:18:23.959;59;41.017100;28.981500;81;48.7;11.4;706;42;61;57.4;25.7;1658;927.9;43;37;40;87;42.1;34;26.4;314;397.2;24
2026-07-21;04:18:24.031;40;41.018100;28.982500;83;39.6;9.4;572;40;66;48.1;14.2;981;928.4;26;36;31;86;41.7;50.6;37.7;1965;397.3;76
2026-07-21;04:18:24.478;61;41.019100;28.983500;61;33.1;23.8;221;26;74;49.3;27.7;774;928.8;26;33;32;87;42.1;40.8;26.9;1970;397.3;36
2026-07-21;04:18:24.564;80;41.020100;28.984500;68;31.4;8.7;590;32;54;57.8;15.2;1545;929.0;33;33;46;86;42.4;35.8;37.7;1982;397.5;34
2026-07-21;04:18:24.935;48;41.021100;28.985500;78;49.6;24.3;436;34;70;42.2;10.5;868;929.5;41;35;35;85;42.6;39;21.2;1000;397.7;20
2026-07-21;04:18:25.791;67;41.022100;28.986500;70;42.1;14.2;319;32;74;40.7;5.5;1208;929.9;33;46;45;86;42.6;35.2;15.1;997;397.8;80
2026-07-21;04:18:25.791;36;41.023100;28.987500;96;36.4;11.8;346;42;52;42.1;38.6;1051;930.3;27;47;40;86;42.8;55.5;22.6;971;397.9;28
2026-07-21;04:18:25.897;60;41.024100;28.988500;90;44.8;16;389;34;58;44;36.2;1295;930.6;30;38;33;86;42.5;39.5;28.1;835;398.1;64
2026-07-21;04:18:26.817;70;41.025100;28.989500;67;34.2;12.6;649;43;74;49.2;8.6;805;931.1;34;33;37;85;42.2;30.5;24.8;853;398.2;54
2026-07-21;04:18:26.890;31;41.026100;28.990500;64;31.1;7.7;324;34;59;58.8;8.1;1066;931.6;30;29;37;85;41.9;45.4;47.1;671;398.4;64
2026-07-21;04:18:26.963;65;41.025100;28.989500;84;37.4;14.1;769;28;59;44.6;35.7;1222;931.9;41;30;35;85;41.8;43.6;38.6;1227;398.5;27
2026-07-21;04:18:28.378;82;41.024100;28.988500;98;43.6;5.2;427;44;59;55.8;24.2;816;932.2;40;37;33;85;41.7;36.7;46.8;1158;398.7;28
2026-07-21;04:18:28.450;38;41.023100;28.987500;84;47.7;11.9;632;44;59;57.1;31.2;957;932.6;28;40;33;85;41.6;43.1;43.5;1887;398.8;58
2026-07-21;04:18:28.451;49;41.022100;28.986500;85;35.6;20.5;651;42;68;58.5;5.7;629;932.9;42;38;35;84;41.2;37.3;36.1;2145;398.9;84
2026-07-21;04:18:28.528;43;41.021100;28.985500;75;41.9;15;490;40;59;47.7;39.4;626;933.2;25;40;40;84;40.8;42.2;18.9;2489;399.0;45
2026-07-21;04:18:28.528;61;41.020100;28.984500;74;35.4;8.2;550;25;58;56.8;18.3;1214;933.4;39;41;31;84;40.9;36.2;28.7;2206;399.2;24
2026-07-21;04:18:29.002;28;41.019100;28.983500;65;36.9;12.4;708;27;57;43.6;17.9;1039;933.8;25;39;34;85;41.1;38.7;14.7;1213;399.4;24
2026-07-21;04:18:29.873;84;41.018100;28.982500;95;34.4;14.8;625;37;71;53.3;30.7;1551;934.0;40;41;48;84;41.2;35.4;21;1407;399.5;34
2026-07-21;04:18:29.874;26;41.017100;28.981500;72;36.9;6.1;767;43;50;58.9;21.9;575;934.4;35;36;37;84;41.6;48.4;37.5;320;399.7;39
2026-07-21;04:18:29.945;83;41.016100;28.980500;63;33.6;16.5;279;42;59;41.8;8.4;640;934.6;30;38;44;84;41.8;53.2;47.7;725;399.8;44
2026-07-21;04:18:30.867;37;41.015100;28.979500;84;38.6;23.8;265;34;69;56.1;17.8;1632;934.9;31;41;41;85;41.7;50;17.3;2439;399.9;74
2026-07-21;04:18:30.939;75;41.016100;28.980500;85;48.8;13;651;38;64;46.3;9;1708;935.4;32;39;38;85;41.7;41.6;49.7;353;400.0;29
2026-07-21;04:18:31.012;83;41.017100;28.981500;69;36.7;23.2;701;36;59;59.7;13.4;1063;935.8;41;30;44;85;42.1;50.4;13.4;1795;400.0;53
2026-07-21;04:18:32.429;62;41.018100;28.982500;71;48.2;10;734;33;63;48.8;21.6;1290;935.9;37;28;43;85;42.5;47.1;18.2;786;400.2;53
2026-07-21;04:18:32.502;78;41.019100;28.983500;92;40.6;18.3;435;28;68;41;36.5;1129;936.2;30;36;38;85;42.4;50.2;48.1;1152;400.4;47
2026-07-21;04:18:32.502;84;41.020100;28.984500;82;48.1;7.5;227;38;52;55.5;23;1376;936.4;29;44;43;84;42.0;43.1;31.7;2289;400.6;28
2026-07-21;04:18:32.502;36;41.021100;28.985500;98;30.8;15.8;771;28;61;50.6;20.7;1814;936.9;43;47;48;83;42.3;50.2;49.5;2477;400.7;72
2026-07-21;04:18:32.575;42;41.022100;28.986500;80;45;21.6;595;39;58;55.1;32.8;751;937.3;27;35;45;83;42.7;50;9.9;1142;400.9;32
2026-07-21;04:18:32.975;63;41.023100;28.987500;96;38.2;22.5;770;29;73;40.6;30.8;1520;937.6;27;47;47;84;43.0;34.8;6.5;778;401.0;30
2026-07-21;04:18:33.803;40;41.024100;28.988500;73;38.3;18.5;461;40;68;47;26.4;1214;937.9;30;35;38;84;43.0;37.6;24.4;1712;401.2;24
2026-07-21;04:18:33.804;75;41.025100;28.989500;93;34.1;21.3;327;42;52;46.7;20.5;1416;938.3;38;29;48;84;42.6;58.2;17;1811;401.3;24
2026-07-21;04:18:34.017;24;41.026100;28.990500;60;40.9;7.8;653;36;61;42.1;25.4;693;938.6;42;35;30;84;42.6;49.9;41.2;828;401.4;86
2026-07-21;04:18:34.538;30;41.025100;28.989500;94;48.1;17.2;679;44;74;40.1;38.9;1444;939.1;34;33;45;84;42.7;47.9;37.8;719;401.5;33
2026-07-21;04:18:34.610;39;41.024100;28.988500;78;35.6;15.5;280;28;69;53;31.5;559;939.3;40;40;30;85;42.4;51.6;24.6;1879;401.6;38
2026-07-21;04:18:35.057;47;41.023100;28.987500;85;43.4;5.6;314;41;60;43.3;39.7;678;939.6;34;42;46;84;42.9;45.4;42.6;1132;401.8;29
2026-07-21;04:18:35.876;61;41.022100;28.986500;69;42.9;11.2;741;28;60;42.9;24;619;939.9;43;41;49;85;42.9;32.8;8.4;2400;402.0;57
2026-07-21;04:18:35.876;35;41.021100;28.985500;96;47.3;12.7;565;40;56;47.3;20.7;1618;940.3;35;32;37;84;43.3;39.6;42.8;1244;402.1;50
2026-07-21;04:18:35.947;38;41.020100;28.984500;84;48;15.9;468;44;61;52.2;37.3;1006;940.6;30;42;38;83;43.7;38.9;47.3;1601;402.2;47
2026-07-21;04:18:36.502;59;41.019100;28.983500;67;43.4;7;361;35;72;47.1;5.7;1963;940.9;34;47;38;84;43.3;54.4;41.3;1969;402.2;77
2026-07-21;04:18:36.574;23;41.018100;28.982500;93;36.8;9.9;268;42;71;57.8;6.9;856;941.4;35;29;30;85;43.0;40.8;41.1;1660;402.3;65
2026-07-21;04:18:36.992;48;41.017100;28.981500;64;43;20.6;729;31;55;54.8;17.1;967;941.5;43;34;41;85;43.2;56.5;28.8;1911;402.4;49
2026-07-21;04:18:38.369;46;41.016100;28.980500;61;37.6;16.2;267;42;64;42.7;15.2;521;941.8;39;42;40;86;43.7;30.2;22.9;1177;402.5;72
2026-07-21;04:18:38.455;32;41.015100;28.979500;75;39.6;18.8;665;26;66;49;39.1;1668;942.1;30;29;33;86;44.0;30.8;44.3;914;402.7;25
2026-07-21;04:18:38.456;81;41.016100;28.980500;88;49.6;8.1;567;33;72;40.6;20.2;1461;942.3;42;38;46;86;44.1;31;27.8;1431;402.8;64
2026-07-21;04:18:38.534;29;41.017100;28.981500;76;46.6;9.8;701;30;71;57;35.3;1261;942.7;25;37;47;86;44.4;36.8;23.7;1559;402.9;51
2026-07-21;04:18:38.604;61;41.018100;28.982500;93;34.5;14.3;214;33;51;47.7;29;957;943.0;28;37;31;85;44.4;53.6;11.4;1752;403.0;57
2026-07-21;04:18:39.033;60;41.019100;28.983500;74;33.1;16.9;447;33;63;46.6;9.7;1152;943.4;34;29;40;86;44.5;56.1;49.5;1178;403.1;77
2026-07-21;04:18:39.856;25;41.020100;28.984500;68;45.6;13.8;210;33;74;52.9;17.4;1891;943.7;29;31;48;87;44.2;44.8;7.1;755;403.2;58
2026-07-21;04:18:39.857;65;41.021100;28.985500;69;45.8;23.9;495;42;57;57.7;9.9;1947;944.1;42;47;46;86;44.0;40.1;17.4;371;403.3;64
2026-07-21;04:18:40.131;78;41.022100;28.986500;62;34.6;7.3;567;30;63;58;8.4;834;944.2;36;35;40;86;44.3;32.7;44;2057;403.4;56
2026-07-21;04:18:40.999;57;41.023100;28.987500;97;49.3;24;726;36;67;52.8;20.9;1372;944.3;32;37;37;86;44.5;43.5;23.7;1159;403.5;36
2026-07-21;04:18:41.000;41;41.024100;28.988500;69;44.3;14.1;702;35;60;52;34.3;1447;944.5;31;32;49;87;44.6;54.4;12.3;2010;403.7;49
2026-07-21;04:18:41.000;43;41.025100;28.989500;69;41;10.5;682;38;50;58.4;7.9;1477;944.8;43;34;40;87;44.1;31.4;5.9;1665;403.8;31
2026-07-21;04:18:42.465;67;41.026100;28.990500;99;40.5;18.7;656;32;63;57.5;11.9;704;945.2;31;28;48;86;44.1;35.6;25.5;1097;404.0;28
2026-07-21;04:18:42.537;33;41.025100;28.989500;61;44.3;7.4;535;25;57;40.3;32.1;551;945.6;32;29;34;87;44.0;38.5;22.2;2017;404.2;31
2026-07-21;04:18:42.538;74;41.024100;28.988500;62;45.9;6.3;553;30;62;46.3;38.2;1228;946.1;42;41;45;88;43.9;54.3;30.8;1574;404.3;34
2026-07-21;04:18:42.538;23;41.023100;28.987500;76;43.3;8;626;39;53;43.1;13.6;1003;946.2;36;44;34;88;43.9;52.1;28.2;2145;404.5;55
2026-07-21;04:18:42.610;78;41.022100;28.986500;86;45.1;5.7;684;39;74;59.4;35;1760;946.4;28;35;35;87;43.6;60;8.6;2151;404.6;23
2026-07-21;04:18:43.008;49;41.021100;28.985500;78;30.3;18.4;356;32;53;56.2;15.3;1481;946.9;34;47;33;87;44.1;58.3;45.7;1814;404.7;34
2026-07-21;04:18:43.837;46;41.020100;28.984500;99;35.3;19.1;731;31;63;58.8;9.6;1203;947.2;26;45;45;86;43.8;57.3;16.8;2489;404.9;30
2026-07-21;04:18:43.838;39;41.019100;28.983500;78;44.7;21.8;637;32;65;45.9;39.3;1751;947.7;33;30;35;87;43.5;56.1;10.2;618;405.0;64
2026-07-21;04:18:44.107;72;41.018100;28.982500;90;42.2;7.3;681;40;72;54.9;21.6;1068;947.8;42;28;41;86;43.9;34.9;15.4;967;405.1;58
2026-07-21;04:18:44.976;76;41.017100;28.981500;85;30.6;23.5;593;41;59;54.7;15.9;1855;948.2;33;37;35;86;43.7;59.1;47.3;768;405.2;47
2026-07-21;04:18:44.976;63;41.016100;28.980500;99;35.5;8.6;772;42;54;54.9;16.6;1184;948.6;40;37;46;87;43.7;55.3;48.9;674;405.4;63
2026-07-21;04:18:45.048;86;41.015100;28.979500;73;49.7;11.9;538;35;67;57.4;33.4;802;949.0;26;45;32;87;43.5;48.9;9.4;1076;405.6;48
2026-07-21;04:18:45.969;70;41.016100;28.980500;85;40.4;16.4;605;25;65;55.1;29.9;939;949.4;28;46;37;87;44.0;50.1;20.7;2076;405.8;71
2026-07-21;04:18:46.042;20;41.017100;28.981500;76;43.9;10.7;277;29;62;55.9;5.7;1778;949.8;42;30;45;86;43.6;46.2;46.1;2400;405.9;34
2026-07-21;04:18:46.042;54;41.018100;28.982500;62;47.8;7.7;242;39;52;56.4;14.8;1938;950.0;31;43;30;86;43.1;41;10.5;990;406.1;57
2026-07-21;04:18:47.008;36;41.019100;28.983500;75;36.6;12;673;26;71;50.8;29.1;1900;950.4;28;39;35;86;42.8;45.4;28.6;1032;406.2;63
2026-07-21;04:18:47.081;28;41.020100;28.984500;79;49;20;356;44;51;44.3;36.6;1748;950.7;28;34;36;86;42.8;58.7;31.1;2266;406.4;60
2026-07-21;04:18:47.082;68;41.021100;28.985500;99;44;18.6;470;29;72;47.9;20.3;1569;950.9;42;29;38;86;42.6;37.3;15.9;450;406.6;62
2026-07-21;04:18:47.550;40;41.022100;28.986500;86;41;17.5;525;37;64;52.8;28.8;1981;951.1;29;46;35;86;42.4;59.5;41.6;1139;406.7;37
2026-07-21;04:18:47.625;73;41.023100;28.987500;65;43.7;17.5;468;29;66;53.4;37.8;1196;951.4;25;29;31;85;42.6;57.5;13.5;965;406.8;61
2026-07-21;04:18:48.023;27;41.024100;28.988500;99;36.7;11.9;523;29;57;56.3;16.8;1351;951.8;32;39;48;85;42.4;59.5;8.5;2210;406.9;36
2026-07-21;04:18:48.849;20;41.025100;28.989500;72;42.1;20.4;391;37;55;50.6;36.6;557;952.0;26;29;31;85;42.9;48.1;21.2;1061;407.1;85
2026-07-21;04:18:48.849;88;41.026100;28.990500;66;42.6;11.9;535;25;55;50.1;29.5;1096;952.2;31;31;40;86;43.2;53.7;10.2;1471;407.2;46
2026-07-21;04:18:49.120;39;41.025100;28.989500;66;41.5;20.5;266;43;56;55.6;20.3;883;952.3;28;37;32;85;43.5;56.8;46.5;1210;407.3;34
2026-07-21;04:18:49.989;33;41.024100;28.988500;83;40.5;6.2;541;30;73;50.8;31.5;1032;952.5;29;34;30;84;43.5;54;23.6;1174;407.5;76
2026-07-21;04:18:49.989;75;41.023100;28.987500;91;32.1;5.1;776;42;67;53.1;7.5;1100;952.7;39;45;34;83;43.3;36;37.9;902;407.6;78
2026-07-21;04:18:50.064;47;41.022100;28.986500;81;36.2;16.2;420;39;74;59.4;6.5;1133;952.9;37;37;34;84;43.1;57.7;35.3;1540;407.7;56
2026-07-21;04:18:50.981;56;41.021100;28.985500;88;37.1;22.2;742;44;64;53.7;14.5;1345;953.3;36;36;34;85;43.2;33.6;6.9;1297;407.8;42
2026-07-21;04:18:51.053;61;41.020100;28.984500;89;43.5;17.9;419;33;73;40.1;24.2;1219;953.8;36;37;33;84;43.4;43.8;15.5;1156;407.9;79
2026-07-21;04:18:51.053;27;41.019100;28.983500;88;33.3;6;516;27;68;46.5;35;580;954.1;28;40;44;84;43.8;55.2;41.2;1424;407.9;29
2026-07-21;04:18:52.004;67;41.018100;28.982500;98;30.3;6.7;536;36;74;52.7;32;1805;954.6;39;39;49;83;44.0;32.2;24.8;1507;408.1;88
2026-07-21;04:18:52.076;34;41.017100;28.981500;76;44.1;5.7;330;44;67;48.9;34.4;1327;954.9;34;35;39;84;43.6;30.4;39.8;1689;408.2;26
2026-07-21;04:18:52.076;20;41.016100;28.980500;68;45.5;21.7;453;25;60;49.4;35.5;1173;955.3;40;41;41;84;44.0;57;7.8;2448;408.3;56
2026-07-21;04:18:52.566;22;41.015100;28.979500;71;30.2;15.3;383;28;64;58.3;20.7;611;955.6;26;28;40;84;44.0;55.3;33.5;1968;408.5;47
2026-07-21;04:18:52.638;52;41.016100;28.980500;87;34.1;17.4;422;34;65;40.3;22.1;908;955.8;43;33;45;84;44.2;54;8.5;2237;408.6;46
2026-07-21;04:18:53.016;81;41.017100;28.981500;87;34.3;16;289;30;71;56.3;25.6;944;956.2;35;36;39;83;44.5;50.7;12.4;600;408.8;84
2026-07-21;04:18:53.881;85;41.018100;28.982500;74;31.9;21.6;229;34;71;51.5;19.8;902;956.4;36;44;42;82;44.9;38.1;33.6;1148;408.8;72
2026-07-21;04:18:53.881;88;41.019100;28.983500;73;48.1;13.7;447;32;62;53.7;8.6;1487;956.5;32;37;32;82;44.9;49.4;22.8;748;409.0;57
2026-07-21;04:18:54.150;73;41.020100;28.984500;63;47.8;24.2;396;44;66;41.2;32;718;956.9;27;45;30;83;45.4;30.1;49.2;1961;409.1;34
2026-07-21;04:18:55.017;88;41.021100;28.985500;66;44.5;15.1;526;37;69;45.6;33.8;1057;957.1;31;30;30;83;45.4;50.4;46.5;2408;409.2;81
2026-07-21;04:18:55.018;71;41.022100;28.986500;98;45.2;18;616;44;57;50.2;7.9;1573;957.4;37;42;32;83;45.0;55.9;26.4;1679;409.3;49
2026-07-21;04:18:55.090;50;41.023100;28.987500;64;36.5;12.7;294;26;53;45.8;17.4;702;957.5;33;39;43;83;45.1;31.9;17.6;2256;409.3;33
2026-07-21;04:18:56.008;44;41.024100;28.988500;82;35.6;15.9;399;41;63;50.3;13.4;1445;957.9;28;36;32;82;45.4;32;37;1613;409.4;84
2026-07-21;04:18:56.080;57;41.025100;28.989500;69;35.7;11.5;477;25;74;55;31.5;1728;958.0;29;34;36;83;45.3;52.2;15;2365;409.5;35
2026-07-21;04:18:56.082;27;41.026100;28.990500;86;47.4;19.3;654;43;56;52.7;35.4;1312;958.2;26;47;30;84;45.1;34.1;21.2;2073;409.7;51
2026-07-21;04:18:56.567;31;41.025100;28.989500;89;33.1;8.1;200;39;70;49.8;21;1744;958.3;25;36;34;84;44.7;32.6;48.1;385;409.8;83
2026-07-21;04:18:56.653;55;41.024100;28.988500;91;39.1;18.3;519;39;69;44.5;36.9;977;958.4;27;38;39;84;44.4;43.5;20.5;1241;409.9;48
2026-07-21;04:18:57.068;45;41.023100;28.987500;73;43.7;11.4;526;39;53;47.5;38;1378;958.8;43;28;49;84;44.2;44;6.6;1965;410.1;87
2026-07-21;04:18:57.876;59;41.022100;28.986500;91;49.6;9.3;742;38;52;44.4;33.9;1328;959.2;38;46;37;84;44.3;38.9;11.6;896;410.2;87
2026-07-21;04:18:57.877;49;41.021100;28.985500;64;33.1;9.2;621;30;51;55.6;40;1159;959.5;27;40;30;84;44.7;40.2;18.7;1302;410.3;55
2026-07-21;04:18:58.146;52;41.020100;28.984500;79;43.4;19.3;388;25;55;58.7;26.4;1728;959.8;33;33;35;84;45.1;35;32.9;1767;410.5;59
2026-07-21;04:18:59.017;70;41.019100;28.983500;83;34.8;18.1;590;44;55;53.1;13.2;1082;960.1;35;28;37;84;45.4;37.8;6.4;1641;410.5;38
2026-07-21;04:18:59.017;84;41.018100;28.982500;84;44.1;5.7;451;32;68;40.9;24.7;945;960.5;38;37;31;84;45.4;37.6;16.6;364;410.6;74
2026-07-21;04:18:59.089;21;41.017100;28.981500;80;48.4;20;576;35;50;51.5;5.9;903;960.9;33;41;30;84;45.6;50;26.9;779;410.8;26
2026-07-21;04:19:00.013;52;41.016100;28.980500;66;40.8;19.7;780;31;71;46.6;11.9;1134;961.1;28;29;48;84;45.3;38.4;7.4;1964;410.9;51
2026-07-21;04:19:00.086;42;41.015100;28.979500;78;30.6;18.9;318;28;57;59.5;19.4;1924;961.2;25;46;37;83;44.8;34.4;46;365;411.0;22
2026-07-21;04:19:00.086;46;41.016100;28.980500;74;41.9;12.9;701;40;74;53.2;38.4;1734;961.5;27;40;40;83;44.4;43.5;10.5;1274;411.1;34
2026-07-21;04:19:01.038;27;41.017100;28.981500;78;33.3;5.9;212;42;67;40.6;5.7;680;961.9;25;38;42;83;44.3;41.7;23.4;1088;411.2;62
2026-07-21;04:19:01.114;38;41.018100;28.982500;96;38.5;13;208;32;66;55;9.1;1103;962.0;33;47;33;82;44.4;52.5;25.5;1855;411.3;42
2026-07-21;04:19:01.114;87;41.019100;28.983500;87;35;18.9;249;38;64;50.4;30.5;1942;962.1;38;40;42;82;44.0;45.8;25.6;623;411.4;73
2026-07-21;04:19:01.980;58;41.020100;28.984500;73;46.9;19.3;610;33;50;48.3;18.6;675;962.6;26;41;32;83;43.5;46.5;18.1;1621;411.5;73
2026-07-21;04:19:01.980;89;41.021100;28.985500;78;37.1;15.1;633;35;73;56.7;24.4;1348;962.9;35;37;30;84;43.7;56.6;46.1;1993;411.6;30
2026-07-21;04:19:02.059;66;41.022100;28.986500;71;36.6;11.1;715;43;54;51.8;28.3;1634;963.3;37;32;40;83;43.3;30.2;39.2;1812;411.8;40
2026-07-21;04:19:03.286;23;41.023100;28.987500;68;32.7;10.9;623;35;51;55.2;12.4;1219;963.7;44;47;37;84;43.7;51.9;33.1;1587;412.0;22
2026-07-21;04:19:03.357;32;41.024100;28.988500;80;39.4;17.4;201;43;69;56.9;5.3;1856;964.0;39;41;33;84;44.1;44.3;23.8;1855;412.1;39
2026-07-21;04:19:03.357;61;41.025100;28.989500;90;32.4;14.5;629;28;56;59.8;22;817;964.2;35;46;46;85;44.0;51.7;35.4;1347;412.1;81
2026-07-21;04:19:03.582;47;41.026100;28.990500;94;33;24;663;39;63;41.3;8.8;1878;964.5;40;40;49;85;43.6;48.6;43.1;2110;412.3;67
2026-07-21;04:19:03.725;70;41.025100;28.989500;86;45.3;17.2;743;32;70;49.1;19.5;1349;964.8;38;47;38;85;43.8;40.6;42.3;990;412.4;21
2026-07-21;04:19:04.068;85;41.024100;28.988500;63;31.4;15.2;532;41;66;58.8;5.8;638;965.0;44;39;49;85;44.2;36.9;23.1;725;412.5;22
2026-07-21;04:19:04.902;27;41.023100;28.987500;99;36.1;5.7;238;39;56;45.7;28.4;1852;965.1;41;36;43;85;44.5;54.8;27.4;353;412.7;86
2026-07-21;04:19:04.902;64;41.022100;28.986500;71;44.8;19.6;375;44;52;47.9;16.1;902;965.4;33;42;43;85;44.7;37.4;12.5;2437;412.8;60
2026-07-21;04:19:05.019;20;41.021100;28.985500;98;45;7;236;29;64;48.7;5.1;683;965.8;44;46;30;84;44.4;56.6;46.5;683;413.0;20
2026-07-21;04:19:05.933;78;41.020100;28.984500;96;41.5;15.8;453;29;58;57;29.9;1849;966.0;26;29;36;84;44.0;47.7;9;1611;413.1;24
2026-07-21;04:19:06.003;26;41.019100;28.983500;85;39.8;14.4;380;44;72;51.1;7;1872;966.4;25;38;37;85;43.9;53.9;6;623;413.2;83
2026-07-21;04:19:06.077;60;41.018100;28.982500;92;44.9;18.1;410;28;73;46.8;31.7;1589;966.8;41;41;41;84;44.1;55.5;25.4;2276;413.3;32
2026-07-21;04:19:07.493;78;41.017100;28.981500;87;39.6;19.5;742;31;56;43.3;35.6;822;967.0;35;31;33;85;44.2;50.5;30.3;1488;413.4;76
2026-07-21;04:19:07.581;26;41.016100;28.980500;98;32.1;20;651;32;55;43.6;25.3;1944;967.2;33;42;37;84;44.4;56.6;9.3;1982;413.5;49
2026-07-21;04:19:07.581;61;41.015100;28.979500;98;45.5;24.1;729;39;54;54;17.8;1190;967.5;34;37;32;85;44.8;52.3;6;738;413.7;32
2026-07-21;04:19:07.581;64;41.016100;28.980500;81;43.8;20.3;317;43;51;51.1;24.7;959;967.7;26;29;34;84;45.2;32;44.4;731;413.9;21
2026-07-21;04:19:07.646;77;41.017100;28.981500;64;30.3;12.8;332;37;74;42.2;7.7;1951;967.9;38;47;33;85;45.2;47.6;26.3;660;414.0;54
2026-07-21;04:19:08.089;42;41.018100;28.982500;74;34.9;19.8;739;30;59;46.6;33.1;944;968.3;34;41;46;85;44.7;39.2;19.4;1414;414.0;35
2026-07-21;04:19:08.911;61;41.019100;28.983500;77;32.5;24.8;467;41;64;47;30.7;1154;968.6;43;32;49;84;44.7;38.5;25.5;1009;414.2;51
2026-07-21;04:19:08.911;54;41.020100;28.984500;98;40.3;18.5;715;36;74;58.7;23.8;540;968.7;28;37;38;83;44.2;56.2;32.5;2343;414.4;55
2026-07-21;04:19:09.028;34;41.021100;28.985500;91;32.2;12.2;313;26;72;50;37.3;687;969.1;41;33;33;84;44.7;47.2;29.3;2453;414.5;53
2026-07-21;04:19:10.022;35;41.022100;28.986500;89;38.8;18.6;298;32;66;59.5;13.5;1770;969.5;41;47;35;83;45.0;32.3;32.2;1748;414.7;34
2026-07-21;04:19:10.105;50;41.023100;28.987500;94;34.4;19.7;747;26;66;40.8;20.4;1859;969.8;44;47;44;84;44.7;51.3;37.2;750;414.8;64
2026-07-21;04:19:10.105;20;41.024100;28.988500;97;49.2;14.6;325;42;52;57.8;34.8;1448;970.1;38;34;38;85;45.1;44.9;8.5;1683;414.9;73
2026-07-21;04:19:10.573;23;41.025100;28.989500;68;31.6;5.3;702;38;59;56.1;17.6;1539;970.4;29;40;31;85;45.3;33.3;48.3;1472;415.0;25
2026-07-21;04:19:10.663;30;41.026100;28.990500;75;40.1;7.7;304;33;69;57.8;35.8;567;970.6;30;33;34;85;45.6;37.5;39.4;391;415.2;45
2026-07-21;04:19:11.032;31;41.025100;28.989500;68;45.7;22.5;627;37;74;49.4;9.5;1650;970.7;28;30;47;84;45.1;39.1;44.1;940;415.4;51
2026-07-21;04:19:11.889;30;41.024100;28.988500;97;35.9;24.6;676;34;58;53.2;25.6;1438;971.0;28;31;34;85;45.4;32.8;30.8;1401;415.6;25
2026-07-21;04:19:11.889;56;41.023100;28.987500;89;47.6;6.8;485;31;54;58.8;35;1540;971.3;27;46;45;85;45.3;35.8;28.1;1663;415.7;61
2026-07-21;04:19:12.159;51;41.022100;28.986500;87;40;15.2;353;33;71;50.9;9;1425;971.6;38;29;41;86;45.6;39.6;31.1;1011;415.8;45
2026-07-21;04:19:13.005;35;41.021100;28.985500;97;30.7;9.8;403;25;61;41.1;7;1192;972.0;39;37;36;87;45.5;36;29.5;881;416.0;77
2026-07-21;04:19:13.078;85;41.020100;28.984500;74;33.9;21.1;299;43;63;57.2;11.7;963;972.2;38;37;45;87;45.9;47.1;43.8;1205;416.1;70
2026-07-21;04:19:13.078;81;41.019100;28.983500;92;42.8;11.5;472;39;67;51.5;22.4;1979;972.5;40;30;49;87;46.2;41.2;46.7;1080;416.2;32
2026-07-21;04:19:14.037;75;41.018100;28.982500;91;45.5;9;682;33;54;43.9;35.1;625;972.7;41;34;44;88;45.9;42.4;21.7;1956;416.4;37
2026-07-21;04:19:14.110;85;41.017100;28.981500;88;48.9;23.4;393;26;67;47.8;39;972;973.0;31;39;37;87;46.0;36.2;19.5;329;416.6;57
2026-07-21;04:19:14.110;40;41.016100;28.980500;82;43.6;14.5;544;39;57;47.3;9;1064;973.1;35;41;47;88;46.4;38.6;43.4;2474;416.8;45
2026-07-21;04:19:14.600;78;41.015100;28.979500;83;37.5;13.2;312;40;62;59.9;21.3;1761;973.3;35;40;32;88;46.6;41.9;24.2;382;416.9;28
2026-07-21;04:19:14.676;33;41.016100;28.980500;65;36;7.1;388;33;51;53.5;6.3;1642;973.7;33;37;49;89;47.0;46;29.8;325;417.0;89
2026-07-21;04:19:15.090;49;41.017100;28.981500;83;30.6;16.1;611;35;52;50.4;11.5;1501;974.0;29;32;46;89;47.5;49.5;19.9;1075;417.1;41
2026-07-21;04:19:15.901;45;41.018100;28.982500;92;42.3;13.6;768;32;74;40.1;17.2;835;974.3;28;40;34;88;47.2;53.3;44.5;2237;417.2;85
2026-07-21;04:19:15.902;42;41.019100;28.983500;66;35.2;21;458;34;70;51.7;37.8;550;974.5;39;30;36;87;46.9;58.7;43.2;1419;417.3;81
2026-07-21;04:19:16.171;31;41.020100;28.984500;87;47.3;18.8;661;29;66;53.3;6.3;691;974.7;32;38;30;88;46.7;39.9;49.9;1201;417.5;79
2026-07-21;04:19:17.054;83;41.021100;28.985500;78;30.2;15.4;747;33;69;56.6;14.8;971;974.9;29;47;43;87;46.9;31.1;48.6;1903;417.5;87
2026-07-21;04:19:17.055;25;41.022100;28.986500;68;32.7;23.9;270;40;72;56.9;8.9;1464;975.4;37;28;43;88;47.0;43.7;39.1;428;417.6;81
2026-07-21;04:19:17.055;75;41.023100;28.987500;89;38;6.6;559;31;68;45.7;6.6;1681;975.7;36;28;34;88;46.7;50.3;21.4;891;417.8;42
2026-07-21;04:19:18.513;64;41.024100;28.988500;67;31.9;5.2;667;40;71;59.7;9.8;1575;976.1;36;45;45;88;46.7;49.2;15.4;1203;417.8;69
2026-07-21;04:19:18.585;56;41.025100;28.989500;75;44.2;8.3;567;34;53;49.5;15.3;1321;976.5;26;32;35;89;46.3;57.6;17.6;363;417.9;47
2026-07-21;04:19:18.585;22;41.026100;28.990500;60;30.7;18.3;762;37;66;50.9;6.3;1804;976.9;36;28;34;88;46.5;53.8;38.4;869;418.0;66
2026-07-21;04:19:18.585;78;41.025100;28.989500;93;32.9;8.5;292;36;61;56.8;16.9;995;977.2;33;38;46;88;46.5;39.5;7.6;592;418.2;41
2026-07-21;04:19:18.663;35;41.024100;28.988500;91;36.5;8.8;258;30;56;51.1;33.2;1657;977.5;25;31;37;89;46.0;58.8;37.2;1868;418.3;25
2026-07-21;04:19:19.141;28;41.023100;28.987500;67;38.3;9.6;590;34;73;42.9;21.6;1128;978.0;34;28;38;89;46.3;57;39.2;2010;418.3;73
2026-07-21;04:19:19.967;34;41.022100;28.986500;66;41.5;21.8;200;34;62;43.3;8;611;978.1;40;45;43;88;46.3;54.9;6;2097;418.4;54
2026-07-21;04:19:19.968;21;41.021100;28.985500;60;36.6;6.3;282;35;63;55.1;25.5;1826;978.4;35;29;40;89;46.6;36.9;31.4;340;418.5;28
2026-07-21;04:19:20.236;40;41.020100;28.984500;61;31.4;19.1;427;33;73;57.1;22.9;1264;978.8;34;31;49;89;47.0;48.1;13;1812;418.6;37
2026-07-21;04:19:21.103;50;41.019100;28.983500;80;31.1;22.3;428;34;74;50.2;39.1;959;979.1;29;42;37;89;46.6;37.8;48.6;1225;418.7;24
2026-07-21;04:19:21.103;37;41.018100;28.982500;66;43.4;16.3;366;36;54;58.2;29;962;979.3;39;40;33;89;46.8;49.9;6.4;2229;418.8;65
2026-07-21;04:19:21.177;24;41.017100;28.981500;66;43.7;16.1;318;29;51;60;19;711;979.7;39;45;48;89;46.5;50.3;31.6;2397;419.0;79
2026-07-21;04:19:21.638;26;41.016100;28.980500;83;36.7;16.8;785;38;53;43.1;17;701;980.0;33;46;34;89;46.7;33.5;34.1;1518;419.2;39
2026-07-21;04:19:21.709;75;41.015100;28.979500;97;34.6;8.2;290;35;70;59.9;9.6;878;980.5;41;34;32;89;46.2;48.4;7.7;1399;419.3;68
2026-07-21;04:19:22.094;46;41.016100;28.980500;98;30.1;8.6;418;25;53;46.3;20.6;1051;980.9;42;36;47;88;46.7;53.4;18.1;316;419.4;89
2026-07-21;04:19:22.955;79;41.017100;28.981500;68;48.5;13.3;460;32;54;49.8;37.3;543;981.1;26;37;37;88;46.3;48.2;31.8;781;419.5;20
2026-07-21;04:19:22.955;34;41.018100;28.982500;94;31.8;8.8;697;37;72;49;21.5;1297;981.6;36;44;35;88;46.7;43.4;30.8;569;419.7;22
2026-07-21;04:19:23.073;52;41.019100;28.983500;93;44.7;23.5;766;35;72;42.1;32.7;1906;982.0;34;40;40;87;46.7;52.1;45.4;2020;419.8;39
2026-07-21;04:19:24.015;31;41.020100;28.984500;97;30.8;11.9;563;41;73;59.2;33.7;1517;982.1;29;35;38;87;46.5;54.7;44.5;949;420.0;42
2026-07-21;04:19:24.089;54;41.021100;28.985500;78;32.7;13.4;732;27;56;59.7;22.9;551;982.6;32;31;38;88;46.9;54.1;30;1180;420.1;38
2026-07-21;04:19:24.159;85;41.022100;28.986500;90;39.6;10;330;40;72;42.4;33.5;1378;983.0;42;28;34;88;47.1;35.2;46.5;594;420.2;84
2026-07-21;04:19:24.600;30;41.023100;28.987500;60;49;21.2;256;27;50;51.3;25.6;1515;983.2;39;29;34;89;47.1;58.1;43.9;1013;420.3;21
2026-07-21;04:19:24.699;43;41.024100;28.988500;90;45.7;9.7;686;31;64;58.1;18.4;927;983.6;31;31;40;89;47.5;50.2;6.1;543;420.4;64
2026-07-21;04:19:25.115;21;41.025100;28.989500;98;41.7;15.6;493;32;56;47.3;39.7;1853;984.1;43;42;37;89;47.5;33.2;24.7;688;420.6;59
2026-07-21;04:19:25.953;57;41.026100;28.990500;62;32.1;23.6;767;37;71;47;13.7;534;984.3;43;30;41;90;47.3;44;6.5;1480;420.8;30
2026-07-21;04:19:25.953;24;41.025100;28.989500;74;48.8;20.3;708;26;53;57.5;5.9;561;984.7;39;29;30;89;47.1;38.5;21.3;309;420.9;57
2026-07-21;04:19:26.224;31;41.024100;28.988500;66;37;21.8;691;38;67;47.6;32.9;769;985.1;38;39;32;89;47.3;34.2;33.2;1940;421.0;82
2026-07-21;04:19:27.095;31;41.023100;28.987500;62;33.8;24.3;436;38;63;49.8;34;1457;985.4;34;44;47;90;47.2;37.1;14.6;2080;421.1;63
2026-07-21;04:19:27.095;75;41.022100;28.986500;66;33;24.5;644;40;59;48.4;33.4;1607;985.7;44;39;43;90;47.6;38.2;20;1910;421.2;61
2026-07-21;04:19:27.169;30;41.021100;28.985500;62;35.3;7.7;419;38;64;54.1;10;1636;986.1;30;37;31;90;47.1;46.6;45;2277;421.4;33
2026-07-21;04:19:28.088;24;41.020100;28.984500;62;33.7;8.5;646;41;69;53.3;31.9;1819;986.5;26;30;30;91;47.4;37.9;12.7;978;421.6;80
2026-07-21;04:19:28.162;47;41.019100;28.983500;68;47.9;9;470;43;50;53.6;10.3;1202;986.8;30;39;45;92;47.6;54.9;44.4;597;421.7;40
2026-07-21;04:19:28.162;41;41.018100;28.982500;60;48.5;13.9;424;40;72;44.7;10.6;1612;987.3;38;32;37;92;47.9;39.4;46.5;872;421.8;31
2026-07-21;04:19:29.032;42;41.017100;28.981500;62;39.3;18.5;690;41;66;49.8;17.7;971;987.6;44;32;36;92;47.4;30.1;35.9;2357;421.9;35
2026-07-21;04:19:29.033;40;41.016100;28.980500;63;30.1;7.2;305;35;73;59.7;24.1;1486;988.1;31;33;43;92;47.1;55;49.1;2358;422.0;61
2026-07-21;04:19:29.134;58;41.015100;28.979500;78;42.3;18.7;680;42;72;55.3;18.1;1169;988.2;32;30;30;91;47.0;48.9;46.2;2177;422.0;45
2026-07-21;04:19:30.062;52;41.016100;28.980500;62;40.7;10.9;403;35;57;40;30.1;1006;988.7;32;39;42;90;47.1;58.5;19.6;1467;422.2;45
2026-07-21;04:19:30.137;26;41.017100;28.981500;65;43.1;15.7;433;38;70;53.9;28;1594;989.1;39;40;46;90;47.3;40.4;36.7;984;422.3;75
2026-07-21;04:19:30.137;88;41.018100;28.982500;80;47.2;8.4;604;40;70;42.7;39.8;794;989.3;37;39;35;91;47.2;41.8;32.4;1681;422.5;21
2026-07-21;04:19:31.093;31;41.019100;28.983500;81;47.6;17.7;463;33;57;48.2;22.6;542;989.4;35;34;31;91;47.7;39.9;32.8;908;422.7;71
2026-07-21;04:19:31.166;37;41.020100;28.984500;89;35.1;9;661;25;65;44.1;32.2;926;989.8;36;42;47;91;47.3;56.5;5.3;2320;422.8;44
2026-07-21;04:19:31.166;42;41.021100;28.985500;87;38.2;5;346;26;69;53.4;36.3;1229;989.9;25;28;33;92;47.1;38.6;15.6;1427;423.0;34
2026-07-21;04:19:32.086;86;41.022100;28.986500;79;36.9;11;269;35;68;59.5;27.9;1034;990.2;26;43;42;91;46.8;45.2;6.9;664;423.1;27
2026-07-21;04:19:32.157;25;41.023100;28.987500;82;31.3;14.9;264;33;67;40.5;32.8;1683;990.7;26;34;49;91;47.2;38.4;40.6;660;423.2;49
2026-07-21;04:19:32.158;53;41.024100;28.988500;79;35.1;16.5;332;44;72;45.1;9.3;1003;990.9;35;37;41;91;47.2;57.7;11.5;2139;423.3;68
2026-07-21;04:19:32.641;71;41.025100;28.989500;81;30.2;11.3;558;37;57;50.7;6.1;591;991.4;35;41;48;92;47.2;31.3;35.4;1807;423.4;75
2026-07-21;04:19:32.713;83;41.026100;28.990500;93;42.5;13.7;654;40;65;54.1;27.6;732;991.7;32;35;35;92;47.4;43.6;47;1373;423.5;83
2026-07-21;04:19:33.126;83;41.025100;28.989500;74;42.8;23.1;715;28;51;58.4;30.1;655;992.0;36;44;31;92;47.2;56.4;41.4;1008;423.7;70
2026-07-21;04:19:34.494;20;41.024100;28.988500;64;37;17.3;264;30;59;45.8;15.9;1548;992.3;32;33;47;91;47.6;39.1;10.5;818;423.8;59
2026-07-21;04:19:34.570;44;41.023100;28.987500;97;31.9;8;238;43;52;41.7;23.4;1410;992.6;27;42;32;92;47.9;49;43.2;1172;424.0;74
2026-07-21;04:19:34.570;51;41.022100;28.986500;98;43;10.4;419;40;58;44.5;16.1;853;992.8;27;47;34;92;47.5;42.3;33.2;1518;424.2;46
2026-07-21;04:19:34.638;20;41.021100;28.985500;94;42.5;9.8;403;30;52;52.6;8.5;1900;993.0;30;45;41;92;47.1;41.8;9.6;2047;424.4;42
2026-07-21;04:19:34.709;41;41.020100;28.984500;92;48.6;7.6;481;40;54;50.3;16;1919;993.4;29;33;40;92;47.4;43.6;21.1;2368;424.5;76
2026-07-21;04:19:35.135;55;41.019100;28.983500;91;35.4;8.2;578;42;73;41.1;33.1;1028;993.6;25;43;45;92;47.5;38.4;46.5;1480;424.6;89
2026-07-21;04:19:35.979;84;41.018100;28.982500;97;41;14.6;411;44;60;42.7;27;1430;994.0;26;33;43;92;47.6;39.6;22.1;735;424.7;70
2026-07-21;04:19:35.979;54;41.017100;28.981500;99;49.9;22.1;386;40;62;49.3;10.2;681;994.3;31;44;45;91;47.2;48.3;40.2;1475;424.8;82
2026-07-21;04:19:36.251;45;41.016100;28.980500;66;47.4;10;545;43;70;46.3;26.5;1778;994.7;28;32;46;91;47.6;40.9;13.2;1756;424.9;61
2026-07-21;04:19:37.117;41;41.015100;28.979500;64;31.9;14.9;695;31;65;53.4;32.8;1408;995.1;29;35;35;92;47.2;41.7;14.1;537;425.0;56
2026-07-21;04:19:37.118;28;41.016100;28.980500;69;45.2;6.9;558;26;59;59.9;15.9;902;995.3;35;34;47;92;47.5;39.3;34.6;2094;425.1;31
2026-07-21;04:19:37.188;31;41.017100;28.981500;66;49.3;14.2;590;35;71;57.3;35.8;1605;995.6;27;41;37;92;47.8;36.8;39.5;1034;425.3;26
2026-07-21;04:19:38.113;25;41.018100;28.982500;65;42.4;11.7;261;33;52;43.5;25.6;644;996.0;26;35;41;93;47.5;35.8;44.9;492;425.5;44
2026-07-21;04:19:38.183;25;41.019100;28.983500;98;36;23.3;259;43;73;53.9;17;1507;996.3;35;38;38;92;47.8;44.6;44.2;2014;425.7;58
2026-07-21;04:19:38.185;37;41.020100;28.984500;69;36;9.6;551;30;55;49.7;13;988;996.7;42;30;47;93;47.6;59.4;39.6;333;425.8;23
2026-07-21;04:19:38.886;44;41.021100;28.985500;80;35.2;20.2;583;25;53;40.9;32.2;1632;996.8;26;28;48;92;47.3;57.7;39.1;1712;426.0;81
2026-07-21;04:19:38.891;85;41.022100;28.986500;73;43.8;24.8;373;41;64;53.8;31.9;1194;997.0;42;37;41;91;47.8;39.2;23;1606;426.2;26
2026-07-21;04:19:39.146;29;41.023100;28.987500;97;46.8;18.6;559;31;70;49.8;7.4;559;997.4;26;40;37;91;48.1;49.1;16.5;906;426.2;51
2026-07-21;04:19:40.019;77;41.024100;28.988500;89;32.5;23.4;663;26;51;55.9;31.1;516;997.6;25;40;46;92;48.6;31;6.5;680;426.4;55
2026-07-21;04:19:40.019;83;41.025100;28.989500;61;45;16.2;787;39;51;42;10.2;742;998.0;34;37;31;92;49.0;45;33.8;1086;426.6;48
2026-07-21;04:19:40.291;33;41.026100;28.990500;77;42.1;16.1;738;40;59;57.8;19.8;1635;998.2;27;37;40;92;49.1;35.4;8.5;770;426.6;65
2026-07-21;04:19:41.163;35;41.025100;28.989500;81;34.7;10.4;430;37;60;45.2;12.6;1325;998.4;44;43;46;92;48.8;57;35.4;2441;426.7;83
2026-07-21;04:19:41.164;79;41.024100;28.988500;72;32.5;6;257;41;52;47.9;24.1;1153;998.7;37;46;48;92;48.9;31.6;12.4;638;426.8;69
2026-07-21;04:19:41.164;53;41.023100;28.987500;84;41.9;15.3;416;28;54;45.3;22.8;1986;998.9;26;37;42;92;49.1;31.7;29.3;2478;426.9;22
2026-07-21;04:19:42.125;80;41.022100;28.986500;72;31.4;20.7;279;25;68;45.2;26.5;1573;999.3;29;35;34;93;48.8;43.7;34;355;427.1;31
2026-07-21;04:19:42.199;52;41.021100;28.985500;60;47.5;13.7;215;26;58;47.8;34.7;1145;999.5;26;43;35;93;49.0;36.6;40.5;311;427.2;42
2026-07-21;04:19:42.203;58;41.020100;28.984500;95;46.2;9;629;27;55;50.1;13.5;1274;999.7;34;28;41;93;49.4;42.9;14.9;597;427.3;61
2026-07-21;04:19:42.684;74;41.019100;28.983500;76;49.7;19.8;486;33;55;42.5;16.8;1024;999.8;36;39;30;93;49.8;48.9;24.1;2149;427.4;41
2026-07-21;04:19:42.757;60;41.018100;28.982500;61;34.3;15.9;710;30;58;56.5;10.4;1271;1000.0;35;41;30;92;49.4;57.1;7.2;2190;427.6;89
2026-07-21;04:19:43.167;64;41.017100;28.981500;76;40.8;23.9;428;32;63;53.6;11.4;947;1000.2;38;41;47;91;49.2;45.4;40.3;1485;427.8;55
2026-07-21;04:19:44.036;40;41.016100;28.980500;75;46;24.3;485;27;55;44.7;34;968;1000.4;40;45;40;90;49.5;57.7;17.5;1145;428.0;30
2026-07-21;04:19:44.038;26;41.015100;28.979500;76;49.9;20.2;350;43;72;52.2;32;560;1000.8;27;31;37;91;49.2;43.1;45.7;591;428.1;61
2026-07-21;04:19:44.110;56;41.016100;28.980500;80;36.2;15.4;277;42;64;45.5;30;1549;1001.0;34;34;49;90;48.9;30.3;24.1;1471;428.2;50
2026-07-21;04:19:45.512;34;41.017100;28.981500;94;37.3;6.2;334;44;61;50.3;6.9;822;1001.4;36;36;34;89;48.9;51.8;26.8;1801;428.3;62
2026-07-21;04:19:45.586;68;41.018100;28.982500;60;45;5.1;526;30;66;53.8;22.2;554;1001.8;41;28;31;89;49.3;30.5;11.8;1909;428.5;65
2026-07-21;04:19:45.586;72;41.019100;28.983500;92;49.7;9.1;202;31;63;58.4;20.2;1620;1002.0;28;47;48;89;49.2;45.2;6.7;1388;428.7;22
2026-07-21;04:19:45.658;21;41.020100;28.984500;63;39.7;14.2;399;32;64;46.4;30;593;1002.3;44;42;34;89;49.1;53.4;10.9;1373;428.9;48
2026-07-21;04:19:45.729;46;41.021100;28.985500;93;37.7;5.9;433;35;55;42;25.1;1413;1002.7;27;45;42;89;49.1;53.5;15.7;321;429.0;77
2026-07-21;04:19:46.173;43;41.022100;28.986500;83;32;19.7;572;34;54;51.3;36.2;829;1003.2;30;42;35;89;48.8;48.8;40;1103;429.1;86
2026-07-21;04:19:48.133;58;41.023100;28.987500;95;46.6;20;384;44;63;48;29.3;1550;1003.6;40;34;48;89;49.0;55.2;22;1780;429.2;70
2026-07-21;04:19:48.133;44;41.024100;28.988500;66;46.1;24.7;781;36;68;41.4;30.9;928;1004.0;30;29;33;89;48.6;58.9;13.4;1194;429.4;39
2026-07-21;04:19:48.424;53;41.025100;28.989500;81;33.1;15;255;44;72;43.8;8;549;1004.2;29;47;44;89;48.1;52.9;32.6;754;429.4;30
2026-07-21;04:19:48.458;25;41.026100;28.990500;67;43.3;6.9;516;41;55;40.5;20.8;1339;1004.5;30;33;37;89;47.8;43.6;7.2;1673;429.6;78
2026-07-21;04:19:48.458;89;41.025100;28.989500;66;34.6;16;766;39;63;47.8;26.5;1400;1004.9;40;34;39;89;47.7;36.5;39;1471;429.7;73
2026-07-21;04:19:48.458;69;41.024100;28.988500;81;32.6;13.7;655;25;51;46.2;7.7;1944;1005.1;42;40;44;89;47.8;37.2;48;2324;429.8;80
2026-07-21;04:19:48.744;33;41.023100;28.987500;86;49.7;13.2;721;27;50;56.9;11.8;1289;1005.2;33;32;41;90;48.2;44.1;40.6;1280;430.0;79
2026-07-21;04:19:48.775;84;41.022100;28.986500;87;33.5;5.2;352;30;70;51;7.5;944;1005.6;25;42;33;89;47.7;37.2;20;1325;430.1;67
2026-07-21;04:19:49.191;88;41.021100;28.985500;92;48.7;18.1;349;42;53;59.4;9.6;1504;1005.9;28;45;42;90;47.4;38.6;35.9;1940;430.2;46
2026-07-21;04:19:50.033;39;41.020100;28.984500;90;33.3;13.1;408;35;72;45.8;34.4;1045;1006.1;26;36;46;89;47.1;45.1;13.5;2181;430.4;40
2026-07-21;04:19:50.034;38;41.019100;28.983500;84;41.8;14.1;580;41;58;57.5;28.6;1124;1006.4;26;35;30;89;47.2;47.1;7.5;884;430.5;71
2026-07-21;04:19:50.104;63;41.018100;28.982500;99;34.1;22.5;454;31;58;54.3;27.8;1311;1006.8;41;38;33;88;47.7;59.9;45.3;1168;430.6;64
2026-07-21;04:19:51.523;32;41.017100;28.981500;94;41.6;15.6;572;40;58;49.3;7.8;525;1007.1;25;31;49;87;47.4;58;22.8;345;430.8;79
2026-07-21;04:19:51.595;80;41.016100;28.980500;84;45.3;16.4;417;42;73;44.8;12.2;932;1007.3;29;44;49;88;47.3;46.6;20.8;1479;430.9;48
2026-07-21;04:19:51.596;84;41.015100;28.979500;86;37.4;17;364;26;58;49.5;20.5;657;1007.7;32;38;47;88;47.7;31.1;21.2;668;431.0;35
2026-07-21;04:19:51.672;88;41.016100;28.980500;84;44.9;21.3;211;29;51;54.6;35.9;1232;1008.2;40;29;44;89;47.9;57.2;5.5;1635;431.1;24
2026-07-21;04:19:51.755;37;41.017100;28.981500;95;32;22.4;515;33;55;56.7;39.3;1128;1008.6;32;45;31;90;47.6;42.6;41.4;1488;431.2;49
2026-07-21;04:19:52.195;88;41.018100;28.982500;81;38.8;14.6;393;25;51;48.3;39.4;653;1008.8;40;44;44;89;48.0;44.9;7.9;2278;431.3;49
2026-07-21;04:19:53.037;25;41.019100;28.983500;71;34.9;16.4;619;31;72;58;30.1;1219;1009.0;25;36;34;88;47.7;57.7;31.5;1482;431.4;40
2026-07-21;04:19:53.038;32;41.020100;28.984500;67;48.2;14.8;576;43;72;57.1;33.7;1327;1009.4;39;42;48;89;47.5;35.3;47.8;1446;431.5;56
2026-07-21;04:19:53.139;77;41.021100;28.985500;89;40.5;6.6;560;25;56;40.9;30.7;910;1009.6;37;28;32;89;47.4;48.2;11.8;2313;431.6;27
2026-07-21;04:19:54.083;66;41.022100;28.986500;73;40.7;22.1;262;30;51;46.2;14.4;1011;1009.8;32;43;46;89;46.9;34.2;40.6;1114;431.7;25
2026-07-21;04:19:54.153;83;41.023100;28.987500;86;46.8;23.4;770;43;63;42.5;39.3;1984;1010.2;40;41;42;88;47.1;45.6;6.4;534;431.9;48
2026-07-21;04:19:54.154;65;41.024100;28.988500;95;46.4;5.7;684;32;55;46;14.7;935;1010.7;39;39;41;89;46.8;37.8;44.5;1773;432.0;37
2026-07-21;04:19:54.652;23;41.025100;28.989500;69;49.8;16.7;441;39;62;51.7;34.3;1938;1011.0;34;36;35;90;47.1;52.3;32.5;553;432.1;47
2026-07-21;04:19:54.727;72;41.026100;28.990500;62;41.4;12.5;394;40;57;56.1;25.2;1926;1011.1;34;45;36;90;47.5;32.1;6.5;2304;432.1;22
2026-07-21;04:19:55.172;33;41.025100;28.989500;64;40.9;11.1;218;29;62;47.4;34.2;612;1011.5;41;42;35;90;47.8;52.4;11.3;952;432.2;38
2026-07-21;04:19:56.038;25;41.024100;28.988500;70;42.2;15.4;461;32;57;45.7;21;1815;1011.9;35;40;41;90;48.3;43.3;40.7;2074;432.4;88
2026-07-21;04:19:56.039;68;41.023100;28.987500;60;42.4;5.9;745;38;72;58.9;8.8;1556;1012.3;44;29;32;89;47.9;56.7;9.7;2094;432.6;53
2026-07-21;04:19:56.157;45;41.022100;28.986500;79;37.6;21.7;467;32;57;50.7;29.1;1630;1012.6;27;43;44;90;48.2;58.4;35.4;449;432.7;85
2026-07-21;04:19:57.072;41;41.021100;28.985500;61;43.7;5.8;586;33;55;58.1;29.5;1129;1012.9;30;47;40;89;48.3;50.3;32.4;1311;432.8;54
2026-07-21;04:19:57.143;56;41.020100;28.984500;79;37;23.1;537;29;57;53.2;23.6;1095;1013.3;25;44;39;90;48.6;38.4;6.2;1375;432.9;71
2026-07-21;04:19:57.224;81;41.019100;28.983500;68;49.2;13.3;413;40;59;53.6;25.3;1533;1013.8;43;34;41;90;48.4;38.9;22.1;1594;433.0;63
2026-07-21;04:19:58.633;65;41.018100;28.982500;73;31.7;8.5;630;26;54;58.4;22.6;1871;1014.2;25;31;44;90;48.4;44.2;24.9;1841;433.1;73
2026-07-21;04:19:58.707;34;41.017100;28.981500;63;39.4;20.4;647;33;54;51.9;9;904;1014.7;27;39;40;90;48.8;54.6;45.3;919;433.2;36
2026-07-21;04:19:58.708;78;41.016100;28.980500;94;44.2;14.8;705;30;65;50.8;7.7;1495;1014.9;39;45;41;89;48.7;36.9;31.3;717;433.3;50
2026-07-21;04:19:58.708;88;41.015100;28.979500;64;47.7;13.2;455;25;64;55.5;39.4;1280;1015.1;44;38;45;89;48.5;39.5;23.4;2298;433.4;46
2026-07-21;04:19:58.779;29;41.016100;28.980500;76;46.6;7.8;432;40;71;40.3;37.6;1560;1015.3;31;33;37;88;48.5;42;38.6;1112;433.6;84
2026-07-21;04:19:59.220;43;41.017100;28.981500;94;47;9.9;300;36;73;47.4;29.3;1017;1015.5;35;35;45;87;48.9;30.7;7.4;2432;433.7;37
2026-07-21;04:20:00.034;49;41.018100;28.982500;91;47.9;10;431;28;52;58.1;29.1;1831;1015.8;33;42;45;88;49.2;33.5;44.8;1516;433.9;69
2026-07-21;04:20:00.035;45;41.019100;28.983500;96;44.5;24.5;418;40;73;55.5;28.1;1996;1016.0;35;39;30;87;49.7;39.8;22.1;426;434.1;80
2026-07-21;04:20:00.305;42;41.020100;28.984500;75;42.5;20;271;32;61;55.7;14;1476;1016.1;31;47;44;86;49.5;36.7;21.2;656;434.3;37
2026-07-21;04:20:01.174;41;41.021100;28.985500;83;32.4;11.9;340;34;66;53.9;24;1175;1016.4;43;40;42;87;49.4;34;23.2;1991;434.4;40
2026-07-21;04:20:01.176;45;41.022100;28.986500;94;36.4;22.8;401;31;67;40;25.9;633;1016.8;42;33;34;86;49.0;52.5;32.7;1085;434.6;67
2026-07-21;04:20:01.250;84;41.023100;28.987500;75;34.6;9.4;448;27;66;49.2;7.5;685;1017.2;44;29;44;85;49.4;52.1;5.8;837;434.7;52
2026-07-21;04:20:02.168;50;41.024100;28.988500;80;43.1;7.2;543;41;62;46.9;23.1;1199;1017.6;40;32;46;85;49.4;52.2;47.3;2410;434.8;66
2026-07-21;04:20:02.242;30;41.025100;28.989500;93;43.2;5.5;680;30;56;57.8;39.4;1399;1018.0;36;32;45;85;49.3;57.8;46.2;375;434.9;35
2026-07-21;04:20:02.243;50;41.026100;28.990500;66;46.8;16;755;34;68;40.8;23.2;1863;1018.2;35;37;40;84;49.3;30.1;16.3;2443;435.1;21
2026-07-21;04:20:02.729;75;41.025100;28.989500;67;49.9;13.5;455;38;51;57.7;39;572;1018.5;35;42;37;85;49.5;45.6;22.3;1859;435.2;69
2026-07-21;04:20:02.802;41;41.024100;28.988500;86;36.1;14.8;776;43;69;58.2;24.5;1792;1018.7;42;38;30;85;49.2;54.3;46;378;435.4;49
2026-07-21;04:20:03.207;31;41.023100;28.987500;70;45.9;19.3;742;44;63;46.5;14.9;1298;1018.9;35;44;40;85;49.0;50.2;47.7;992;435.5;72
2026-07-21;04:20:04.059;31;41.022100;28.986500;98;44.5;15.1;652;29;66;57.6;39;881;1019.1;41;40;36;86;48.9;48.5;42.2;2466;435.7;37
2026-07-21;04:20:04.059;47;41.021100;28.985500;88;35.7;22.5;337;31;55;41.2;20.7;559;1019.5;33;44;37;86;48.8;44.7;48.1;663;435.8;49
2026-07-21;04:20:04.178;58;41.020100;28.984500;82;44.2;10.9;408;39;68;52.2;8.1;1664;1020.0;34;39;45;85;49.0;37.2;25.3;1248;435.9;41
2026-07-21;04:20:05.087;76;41.019100;28.983500;67;45.8;19.3;775;28;64;44.1;16.2;1230;1020.3;25;36;47;86;49.0;31;31.3;1454;436.1;78
2026-07-21;04:20:05.161;79;41.018100;28.982500;81;44.6;14.2;339;44;57;47.2;23.9;783;1020.5;39;38;31;85;48.5;45.4;42.8;2455;436.2;30
2026-07-21;04:20:05.232;32;41.017100;28.981500;75;34.7;12;321;38;73;56.4;36.1;754;1020.7;37;39;42;85;48.5;53.4;17.7;1807;436.2;42
2026-07-21;04:20:06.650;56;41.016100;28.980500;90;48.1;14.6;687;35;70;57.5;33.5;888;1021.2;30;37;48;85;48.1;52.8;48.4;444;436.4;75
2026-07-21;04:20:06.722;60;41.015100;28.979500;60;30.7;19;423;29;54;46.5;18.9;872;1021.4;44;40;48;85;47.9;39.4;39.8;387;436.5;51
2026-07-21;04:20:06.722;79;41.016100;28.980500;86;36;20.2;650;38;62;50.1;37.2;1598;1021.7;38;31;42;85;47.6;47.8;23.3;1615;436.6;50
2026-07-21;04:20:06.722;58;41.017100;28.981500;93;42.6;5.5;475;35;70;50.4;6.6;1785;1021.9;26;36;41;86;47.4;40;29.2;1386;436.8;87
2026-07-21;04:20:06.797;64;41.018100;28.982500;96;41.2;11.3;689;44;51;40.3;10.9;1568;1022.4;33;46;46;85;47.1;42.8;10.1;1305;436.9;68
2026-07-21;04:20:07.197;60;41.019100;28.983500;95;36.1;17.2;739;25;71;48;8.5;607;1022.6;39;37;32;86;47.0;41.1;43.1;482;437.1;52
2026-07-21;04:20:08.025;69;41.020100;28.984500;79;39.7;17.8;584;32;52;40.3;39.9;557;1022.9;37;43;32;86;46.7;44.2;47.1;664;437.2;79
2026-07-21;04:20:08.026;70;41.021100;28.985500;94;44.1;13;430;34;50;54.3;16.1;1343;1023.1;40;28;30;87;47.1;43.6;30.4;932;437.3;69
2026-07-21;04:20:08.295;32;41.022100;28.986500;71;30.3;21;228;42;58;40.3;8.5;1361;1023.6;32;40;46;88;46.9;51.9;49.3;364;437.5;30
2026-07-21;04:20:09.169;72;41.023100;28.987500;83;42.4;24.3;379;38;59;47.8;22.5;1231;1023.9;27;30;49;87;47.4;51.7;8.9;499;437.6;23
2026-07-21;04:20:09.170;22;41.024100;28.988500;91;30.5;24.1;767;38;69;54.5;11.8;1881;1024.1;30;32;30;87;47.2;56.3;47;2288;437.7;49
2026-07-21;04:20:09.241;39;41.025100;28.989500;75;41.3;14.4;456;43;61;54.2;12.4;780;1024.5;42;29;36;87;47.2;50.5;43.1;1999;437.8;47
2026-07-21;04:20:10.155;27;41.026100;28.990500;63;45.4;12;468;25;52;52.3;36.6;1062;1024.9;26;34;38;87;47.1;51.5;36.3;1374;437.9;50
2026-07-21;04:20:10.230;31;41.025100;28.989500;93;35.3;15.3;726;32;69;52.5;22.3;1361;1025.2;27;42;40;86;46.7;41.7;38.9;373;438.1;77
2026-07-21;04:20:10.230;33;41.024100;28.988500;78;35.1;16.7;625;33;69;40.8;23.5;818;1025.5;40;36;47;87;47.0;36;12.8;1481;438.2;42
2026-07-21;04:20:11.189;86;41.023100;28.987500;88;47.2;22.4;719;31;54;58.3;20.2;1640;1025.8;28;36;48;87;46.7;49.3;31;1477;438.4;80
2026-07-21;04:20:11.260;62;41.022100;28.986500;91;41.7;19.3;257;25;53;56.7;28.8;1170;1026.0;27;45;42;87;46.5;50.3;17.6;1409;438.5;21
2026-07-21;04:20:11.262;71;41.021100;28.985500;83;34.6;19;786;25;60;42.9;32.1;1145;1026.3;29;36;44;88;46.3;37.8;13.4;1308;438.6;75
2026-07-21;04:20:12.238;30;41.020100;28.984500;61;43.3;18.6;264;37;53;56.3;32.4;752;1026.6;42;33;31;87;45.9;47.5;38.3;2179;438.8;49
2026-07-21;04:20:12.322;89;41.019100;28.983500;66;49.5;19.7;279;31;58;55.6;9.6;1767;1026.8;43;30;41;87;46.1;54.3;17.3;2444;438.9;48
2026-07-21;04:20:12.323;84;41.018100;28.982500;73;31.9;11;331;35;63;56;19.1;786;1027.3;32;38;37;88;46.0;35.6;6.5;2262;439.0;38
2026-07-21;04:20:12.988;38;41.017100;28.981500;88;41.4;10.2;565;37;70;51.6;29;514;1027.8;43;40;42;87;46.3;46.2;34.4;480;439.2;67
2026-07-21;04:20:13.113;33;41.016100;28.980500;76;37.3;10.2;798;35;52;47.2;22.8;695;1028.0;32;38;40;88;45.9;41.5;8.9;1081;439.3;21
2026-07-21;04:20:13.230;57;41.015100;28.979500;95;38.4;14.6;633;33;63;49.6;36.6;1826;1028.4;39;36;49;88;46.2;59.1;39.9;1996;439.3;87
2026-07-21;04:20:13.734;64;41.016100;28.980500;94;36;16;319;36;59;47.4;36.2;1840;1028.5;26;45;46;88;46.1;34.6;26;335;439.4;66
2026-07-21;04:20:13.835;23;41.017100;28.981500;97;45.2;13.7;248;28;55;51.3;10.2;1890;1028.7;28;32;34;88;46.0;46.8;20.9;866;439.6;88
2026-07-21;04:20:14.252;31;41.018100;28.982500;96;42.7;22.6;759;32;60;53.8;32.2;1935;1028.8;42;33;34;87;46.4;51.1;10;390;439.7;59
2026-07-21;04:20:15.066;69;41.019100;28.983500;81;38.4;6.4;329;30;72;45.5;34.6;1557;1029.0;40;42;43;86;46.7;35;29.6;440;439.9;21
2026-07-21;04:20:15.067;70;41.020100;28.984500;64;44.4;15.9;494;43;57;57.1;19.1;543;1029.4;28;32;43;87;47.2;37;19.4;1015;440.1;79
2026-07-21;04:20:15.338;72;41.021100;28.985500;76;34.9;8.5;504;42;53;49.3;19.1;1146;1029.6;33;42;44;86;47.2;58;38.1;344;440.3;74
2026-07-21;04:20:16.207;62;41.022100;28.986500;85;46.5;7;521;29;55;59.2;35.3;780;1029.7;36;35;44;86;47.6;56.2;36.1;1375;440.4;51
2026-07-21;04:20:16.207;28;41.023100;28.987500;78;34.8;22.3;511;34;66;49.8;6.1;616;1030.1;43;33;36;86;48.0;52.1;23.7;823;440.5;52
2026-07-21;04:20:16.280;89;41.024100;28.988500;96;45.5;21.5;325;42;54;51.6;8.5;765;1030.5;40;36;43;87;48.5;38.9;11;1497;440.7;44
2026-07-21;04:20:17.198;87;41.025100;28.989500;68;34.3;6.6;474;43;56;55.1;13.7;1586;1030.9;38;29;40;87;48.4;43.7;15.3;537;440.8;71
2026-07-21;04:20:17.269;73;41.026100;28.990500;63;40.1;11.3;237;40;61;45.2;16.3;1157;1031.2;29;28;39;86;48.1;38.1;12.3;2200;440.9;56
2026-07-21;04:20:17.269;87;41.025100;28.989500;96;40.2;12.5;382;43;66;48.5;35.8;1385;1031.7;31;30;45;86;47.7;37.8;6;1764;441.0;29
2026-07-21;04:20:17.755;71;41.024100;28.988500;75;37.9;6.6;713;27;66;59;10.9;901;1032.0;40;47;39;86;47.5;40.8;14.7;1741;441.1;25
2026-07-21;04:20:17.830;31;41.023100;28.987500;89;49.2;24.8;423;40;60;50.3;15.2;1095;1032.4;42;42;34;85;47.9;35.1;37.6;571;441.2;75
2026-07-21;04:20:18.245;58;41.022100;28.986500;62;42.6;10.3;524;26;73;52.5;15.1;1614;1032.9;29;31;36;84;48.0;43.9;27.8;1241;441.4;71
2026-07-21;04:20:19.118;78;41.021100;28.985500;72;31.7;11.2;230;37;64;49;25.1;750;1033.2;29;30;41;84;48.1;32.1;10.7;1107;441.5;89
2026-07-21;04:20:19.118;37;41.020100;28.984500;96;40.2;23.9;443;29;60;57.8;21.8;1128;1033.5;35;28;45;85;48.4;54.6;36.4;1835;441.7;42
2026-07-21;04:20:19.218;51;41.019100;28.983500;93;33.6;23.6;508;36;60;42.3;34.2;724;1033.7;40;43;33;84;48.6;56.4;29.4;1725;441.8;77
2026-07-21;04:20:20.632;68;41.018100;28.982500;68;42.6;10.4;725;38;65;50.4;19;1823;1033.8;31;39;42;84;48.6;53.4;49.6;2344;442.0;29
2026-07-21;04:20:20.706;53;41.017100;28.981500;77;47;19.6;713;42;60;47.4;23.8;1278;1034.3;35;31;37;85;48.1;42.5;27.6;544;442.1;79
2026-07-21;04:20:20.706;75;41.016100;28.980500;89;30.5;15;541;34;72;44.8;29.9;545;1034.7;31;37;38;85;48.5;46.7;7.4;852;442.3;61
2026-07-21;04:20:20.777;47;41.015100;28.979500;63;38.7;16;368;42;69;40.1;24.6;1506;1035.0;26;46;41;86;48.8;35.5;26.6;1996;442.4;84
2026-07-21;04:20:20.849;40;41.016100;28.980500;68;45.5;17.7;416;35;51;58.2;27;1769;1035.3;27;31;35;86;48.7;51;13.6;1213;442.5;52
2026-07-21;04:20:21.279;84;41.017100;28.981500;62;46.9;16.5;686;43;67;47.5;11.6;1688;1035.8;33;35;49;86;48.8;32.9;26.5;1073;442.6;64
2026-07-21;04:20:22.083;52;41.018100;28.982500;81;31.1;17;619;25;52;59.1;27.1;1399;1036.1;43;42;42;86;49.2;54.1;12.5;864;442.7;67
2026-07-21;04:20:22.083;83;41.019100;28.983500;76;47.4;12.8;394;37;74;48.5;14.9;1876;1036.5;34;33;42;87;49.0;59.7;29.6;1926;442.9;48
2026-07-21;04:20:22.202;65;41.020100;28.984500;64;48.4;7.8;467;27;61;48.3;31.2;1697;1036.8;35;33;43;86;49.3;30.2;46.2;1232;443.1;85
2026-07-21;04:20:23.108;71;41.021100;28.985500;69;49;23.9;776;34;62;47.6;13.8;788;1037.0;44;31;48;87;49.8;49.4;47.6;876;443.1;46
2026-07-21;04:20:23.181;72;41.022100;28.986500;84;47.3;9.9;507;28;61;51.9;37.4;1603;1037.3;44;29;48;87;50.2;41.9;13.4;373;443.2;20
2026-07-21;04:20:23.252;70;41.023100;28.987500;81;32.1;18.7;228;37;65;49.4;13.3;567;1037.7;31;40;34;87;50.3;32.4;28.1;1309;443.4;63
2026-07-21;04:20:24.158;33;41.024100;28.988500;67;43.1;9.3;782;32;51;44.3;33.2;513;1038.2;37;29;36;88;50.3;45.1;15.6;2112;443.5;54
2026-07-21;04:20:24.241;36;41.025100;28.989500;97;44;17.1;308;33;55;56.8;32;736;1038.3;44;34;49;87;50.0;53.5;27.7;2273;443.6;34
2026-07-21;04:20:24.312;27;41.026100;28.990500;94;44.7;20.6;594;28;70;59;19.5;1283;1038.6;34;42;45;87;50.1;33.2;21.4;683;443.7;73
2026-07-21;04:20:25.193;57;41.025100;28.989500;99;33.4;11.8;704;26;59;57.9;39.2;1731;1038.9;43;46;31;87;49.9;49.7;30.4;1939;443.9;31
2026-07-21;04:20:25.264;56;41.024100;28.988500;67;46.4;5.7;200;31;58;44.1;9.4;1805;1039.0;25;43;37;88;49.5;34.7;48;1873;444.0;73
2026-07-21;04:20:25.265;29;41.023100;28.987500;98;45.9;5.4;753;42;52;41.3;10.2;761;1039.3;36;35;47;88;49.9;42.3;12.4;829;444.0;79
2026-07-21;04:20:26.227;89;41.022100;28.986500;71;43.7;10.9;542;43;51;50.9;29.3;1329;1039.8;39;32;39;88;49.7;51.5;10.1;1954;444.2;32
2026-07-21;04:20:26.302;54;41.021100;28.985500;92;47;23.6;640;39;61;51.5;27.8;1443;1040.2;43;45;37;88;49.8;49.6;45;2056;444.3;45
2026-07-21;04:20:26.303;54;41.020100;28.984500;82;39;14.8;789;26;73;53.4;28.1;1454;1040.7;27;34;42;89;49.4;42.2;23;2085;444.4;79
2026-07-21;04:20:26.788;76;41.019100;28.983500;62;33.4;14.6;411;30;59;59.6;39.7;1592;1041.0;33;45;34;88;48.9;45.6;37.8;1369;444.4;48
2026-07-21;04:20:26.860;79;41.018100;28.982500;77;43.8;13.6;414;28;56;52.4;19.9;862;1041.3;25;32;44;89;49.0;53.7;21.4;779;444.5;69
2026-07-21;04:20:27.275;56;41.017100;28.981500;70;45.7;24.8;736;39;70;50.7;21.1;667;1041.5;30;36;33;89;49.4;31;13.3;1058;444.6;68
2026-07-21;04:20:28.148;78;41.016100;28.980500;82;30.8;20.2;603;34;68;56.1;39.2;824;1041.9;25;42;37;89;49.1;46.4;45;1943;444.8;35
2026-07-21;04:20:28.148;74;41.015100;28.979500;75;36.5;8;794;44;64;42.3;36.2;1957;1042.0;35;33;41;90;48.9;51;32.1;2181;444.9;57
2026-07-21;04:20:28.220;79;41.016100;28.980500;86;30.9;6.1;300;29;52;43.8;10.6;1180;1042.2;32;34;39;90;48.7;32.3;45.3;336;445.0;37
2026-07-21;04:20:29.621;88;41.017100;28.981500;62;33.9;23.7;347;36;58;46.9;28.4;1947;1042.7;31;39;31;90;48.9;44.9;40;1217;445.1;54
2026-07-21;04:20:29.695;78;41.018100;28.982500;67;38;10;280;31;52;54.4;13.8;1565;1042.9;30;34;31;90;48.8;34.5;48.8;2288;445.2;67
2026-07-21;04:20:29.695;31;41.019100;28.983500;70;47.9;8.7;422;38;74;44.1;30.5;978;1043.4;26;40;35;89;49.2;43;26.8;2425;445.3;42
2026-07-21;04:20:29.762;51;41.020100;28.984500;78;34.9;5.8;283;38;73;56.6;33.1;1208;1043.5;40;38;44;89;49.3;45.8;17.1;1653;445.4;38
2026-07-21;04:20:29.835;59;41.021100;28.985500;89;41.7;6.3;793;32;70;52.1;24.5;1607;1043.6;35;30;47;90;49.2;55.6;6.9;1514;445.5;27
2026-07-21;04:20:30.279;47;41.022100;28.986500;87;48.6;12.2;327;30;50;52.3;12.9;1895;1043.8;29;43;33;89;49.5;34.5;42.6;337;445.7;55
2026-07-21;04:20:31.089;40;41.023100;28.987500;79;39.2;15.5;599;33;53;47.4;30.4;915;1044.0;35;35;38;90;49.4;47.5;6.8;2469;445.8;28
2026-07-21;04:20:31.158;63;41.024100;28.988500;89;43.1;21.5;488;42;55;46.2;16.1;937;1044.3;40;38;49;90;49.5;38.4;45.6;2389;446.0;24
2026-07-21;04:20:31.234;21;41.025100;28.989500;75;37.3;13.3;612;27;72;56.7;17.9;1402;1044.4;26;34;36;90;49.6;40.1;42.9;1097;446.1;46
2026-07-21;04:20:32.142;71;41.026100;28.990500;81;43.8;10.4;545;28;73;43.5;27.6;672;1044.8;44;30;40;90;49.2;39.1;15;2313;446.2;37
2026-07-21;04:20:32.215;23;41.025100;28.989500;67;39.9;19.5;523;28;57;47.7;19.1;1316;1044.9;39;37;42;90;49.4;58.5;34.9;2300;446.2;61
2026-07-21;04:20:32.287;28;41.024100;28.988500;67;48.4;22.8;201;35;63;50.7;31.3;1870;1045.4;39;47;48;91;49.0;38.7;20.3;734;446.4;53
2026-07-21;04:20:33.707;77;41.023100;28.987500;68;43.7;24;443;43;72;48.5;38.6;516;1045.6;31;44;39;92;49.1;40.7;38.6;1206;446.5;49
2026-07-21;04:20:33.778;33;41.022100;28.986500;79;49.4;18.6;536;38;62;51.4;26.8;1339;1045.8;26;45;38;93;49.1;53.8;30.9;798;446.7;27
2026-07-21;04:20:33.778;35;41.021100;28.985500;85;37.4;10.8;579;41;53;53.7;33.3;1155;1046.0;41;28;47;92;49.1;34.1;41.5;2201;446.8;32
2026-07-21;04:20:33.779;24;41.020100;28.984500;78;31.6;15.1;485;41;74;56.9;13.6;1361;1046.3;41;45;32;91;48.8;33.6;23.5;2462;446.9;70
2026-07-21;04:20:33.890;32;41.019100;28.983500;82;39.2;10.5;473;38;70;53.1;5.1;1891;1046.8;26;40;40;91;48.5;50.4;37.9;534;447.1;81
2026-07-21;04:20:34.254;86;41.018100;28.982500;85;36.8;5.3;315;30;62;56.7;18.8;1451;1046.9;30;37;40;91;48.4;44.2;48.3;1998;447.2;68
2026-07-21;04:20:35.082;73;41.017100;28.981500;98;38;6.4;733;27;50;49.1;12.9;602;1047.0;31;37;36;91;48.5;50.6;13.7;2439;447.3;67
2026-07-21;04:20:35.082;27;41.016100;28.980500;60;38.1;11;368;39;59;43.7;11.6;1269;1047.3;41;31;42;92;48.1;59.1;47.4;2111;447.4;25
2026-07-21;04:20:35.351;79;41.015100;28.979500;76;35.7;11;494;42;68;59.2;36.2;1160;1047.4;30;43;48;92;47.7;44.6;30.8;1421;447.5;38
2026-07-21;04:20:36.222;31;41.016100;28.980500;61;41.8;14.4;675;33;64;58.6;9.6;1558;1047.6;26;42;48;92;48.0;49.6;48.9;2107;447.6;73
2026-07-21;04:20:36.223;68;41.017100;28.981500;87;31.5;13.7;272;33;52;53.9;13.9;881;1047.8;32;29;44;92;48.2;44.3;12.9;1960;447.8;61
2026-07-21;04:20:36.292;37;41.018100;28.982500;92;47.1;24;621;40;71;51;37.8;585;1048.3;35;47;45;93;48.7;56.5;27.9;393;447.9;23
2026-07-21;04:20:37.717;80;41.019100;28.983500;76;49.2;11;522;34;61;45.7;16.5;1751;1048.5;40;37;31;92;48.7;32.2;12.1;1958;448.1;38
2026-07-21;04:20:37.790;40;41.020100;28.984500;64;32.9;22.6;524;43;53;59.6;24.6;1180;1048.7;34;35;43;92;49.1;50.1;17.8;2458;448.3;49
2026-07-21;04:20:37.790;84;41.021100;28.985500;94;44.7;7.7;702;42;74;40;15.1;1575;1048.9;29;38;45;93;48.8;39.3;46.3;1975;448.4;24
2026-07-21;04:20:37.791;74;41.022100;28.986500;85;45.1;23.9;741;32;55;55.5;24.3;1551;1049.4;38;32;48;94;48.3;46.3;21.7;644;448.5;46
2026-07-21;04:20:37.866;64;41.023100;28.987500;86;40.7;19;475;25;61;51.7;21.5;627;1049.8;38;44;39;93;48.5;58.1;29.3;1588;448.6;20
2026-07-21;04:20:38.263;24;41.024100;28.988500;63;40.2;9.9;424;32;61;44.9;8.8;1920;1050.3;33;38;47;94;48.7;41;45.7;1320;448.8;20
2026-07-21;04:20:39.089;65;41.025100;28.989500;89;32.1;14.2;295;32;69;43.1;8.7;871;1050.4;28;39;43;95;48.9;55.7;34.8;1624;449.0;49
2026-07-21;04:20:39.089;72;41.026100;28.990500;73;42;13.7;263;29;53;44.6;13.4;1372;1050.6;41;42;34;95;48.6;59.1;40;1196;449.1;37
2026-07-21;04:20:39.209;59;41.025100;28.989500;80;33.3;10.2;604;38;50;45.3;34.3;1511;1050.9;37;39;41;96;48.7;36;37;407;449.3;70
2026-07-21;04:20:40.592;62;41.024100;28.988500;90;47.5;19.8;481;26;54;58.2;38.8;1475;1051.2;39;45;32;97;48.5;55;5.8;1137;449.4;35
2026-07-21;04:20:40.663;53;41.023100;28.987500;71;42.2;8.1;371;44;58;59;18.6;1005;1051.3;29;35;33;97;48.9;40.2;23.1;2003;449.4;73
2026-07-21;04:20:40.663;57;41.022100;28.986500;96;41.2;11.4;347;29;70;48;9.8;1020;1051.4;26;35;31;97;49.1;31.5;19.5;1045;449.5;42
2026-07-21;04:20:40.755;71;41.021100;28.985500;94;40.3;9.9;709;30;57;52.3;26.4;819;1051.7;34;41;32;97;49.3;59.3;5.9;1688;449.7;52
2026-07-21;04:20:40.826;67;41.020100;28.984500;79;38.2;24.2;667;32;55;49.8;11.6;1457;1052.0;30;36;41;97;49.0;39.2;21.5;458;449.8;61
2026-07-21;04:20:41.249;28;41.019100;28.983500;85;45.5;12.2;414;27;61;40.2;23;1574;1052.5;25;37;42;96;48.8;47.7;28.4;2214;449.9;29
2026-07-21;04:20:42.115;20;41.018100;28.982500;98;38.4;23;552;31;73;52.1;20.1;1373;1052.7;29;45;45;96;49.1;48.2;33.1;1986;450.0;65
2026-07-21;04:20:42.116;80;41.017100;28.981500;70;34.3;20.5;719;25;50;57.7;7.6;1646;1053.1;33;47;42;95;48.8;38;49.1;2342;450.2;62
2026-07-21;04:20:42.387;76;41.016100;28.980500;85;32.5;6.9;519;39;52;45.2;5.6;1722;1053.5;34;33;35;96;48.6;30.2;13.9;2082;450.3;43
2026-07-21;04:20:43.254;78;41.015100;28.979500;65;39.1;20.2;787;39;54;56.5;27.6;1107;1053.9;42;34;38;96;48.9;49;14.1;2166;450.5;49
2026-07-21;04:20:43.254;75;41.016100;28.980500;63;44.4;5.8;500;28;50;45.9;34.2;1859;1054.2;38;40;35;95;48.9;44.8;36.2;2322;450.6;27
2026-07-21;04:20:43.326;88;41.017100;28.981500;73;49.3;21;390;29;67;51.9;11.3;541;1054.6;34;47;34;96;48.6;46.7;8.2;1164;450.7;52
2026-07-21;04:20:44.723;69;41.018100;28.982500;94;42.8;18.1;445;43;65;47.8;26.4;1175;1054.9;37;41;47;96;48.3;58.7;20;859;450.9;32
2026-07-21;04:20:44.796;88;41.019100;28.983500;66;32.1;5.6;262;44;50;54.2;30.2;1109;1055.1;43;29;49;96;48.8;40.7;5.8;345;451.0;73
2026-07-21;04:20:44.796;55;41.020100;28.984500;75;44;10.5;754;34;54;42.3;9.6;882;1055.3;35;45;38;96;49.2;39.7;38.1;2431;451.1;42
2026-07-21;04:20:44.797;35;41.021100;28.985500;98;46.3;19.3;235;28;74;50.7;28.6;531;1055.7;30;40;41;95;49.0;57;38.6;828;451.2;71
2026-07-21;04:20:44.867;79;41.022100;28.986500;90;34.6;22.6;692;25;71;42.7;6.6;1762;1056.1;31;28;39;96;49.0;49.8;23.1;1647;451.3;76
2026-07-21;04:20:45.281;82;41.023100;28.987500;72;38.1;13.4;621;26;50;42;28.4;1398;1056.4;35;37;38;97;49.3;38.3;20;1473;451.4;70
2026-07-21;04:20:46.109;68;41.024100;28.988500;65;49.2;7.7;656;31;58;43.1;19.9;655;1056.8;32;40;37;96;49.2;48.8;26.5;387;451.5;83
2026-07-21;04:20:46.109;69;41.025100;28.989500;73;42.2;24.8;292;29;64;46.4;16.7;500;1057.2;38;40;37;96;49.1;41;37.4;2182;451.6;35
2026-07-21;04:20:46.380;53;41.026100;28.990500;69;48.7;17.2;272;39;73;43.4;19.9;778;1057.6;39;34;37;96;49.2;42.5;23.3;1064;451.7;35
2026-07-21;04:20:47.227;89;41.025100;28.989500;73;36.8;21.7;580;32;65;53;10.4;813;1058.0;44;31;45;97;49.1;46;28.3;633;451.8;65
2026-07-21;04:20:47.298;36;41.024100;28.988500;69;36.1;18.5;249;39;53;42.1;33.1;1301;1058.4;37;32;35;96;49.3;33.9;9.3;1802;452.0;84
2026-07-21;04:20:47.301;58;41.023100;28.987500;84;41.7;15.9;314;40;72;56.8;38.5;1963;1058.6;40;39;49;95;49.3;42;19.2;968;452.1;44
2026-07-21;04:20:48.229;80;41.022100;28.986500;90;33.4;22.7;606;43;50;57.6;28.8;802;1059.1;34;39;49;95;49.5;45.8;13.9;2298;452.2;44
2026-07-21;04:20:48.302;42;41.021100;28.985500;65;41.1;23.1;529;30;74;56.8;23.6;853;1059.2;25;43;34;95;49.8;30.5;42.5;1251;452.3;86
2026-07-21;04:20:48.302;61;41.020100;28.984500;79;30.5;23.2;424;31;63;47;19.7;1946;1059.3;42;32;30;95;49.9;44.9;23.1;1220;452.4;32
2026-07-21;04:20:49.349;37;41.019100;28.983500;84;35.2;17.1;256;31;68;40.4;7.6;1095;1059.7;28;40;38;95;49.9;34;26.6;750;452.5;52
2026-07-21;04:20:49.420;60;41.018100;28.982500;66;35.1;16.4;321;43;50;50.9;37.6;1503;1059.9;25;42;34;96;49.9;39.6;32.4;500;452.6;35
2026-07-21;04:20:49.420;54;41.017100;28.981500;82;43.2;16.6;404;29;72;42.4;14.3;897;1060.1;37;34;36;96;49.6;48;5.3;2011;452.6;44
2026-07-21;04:20:49.893;73;41.016100;28.980500;60;34.7;5.7;251;39;65;46.1;32.2;517;1060.5;34;44;42;96;49.7;50.6;12;1389;452.7;69
2026-07-21;04:20:49.965;46;41.015100;28.979500;66;46;12.5;319;35;61;59.2;15.5;1105;1060.7;34;32;39;97;49.6;30;19.2;2190;452.8;64
2026-07-21;04:20:50.277;62;41.016100;28.980500;74;45.1;6.6;667;44;73;52.3;19.5;1771;1061.0;28;46;38;97;49.7;46.1;46.8;676;453.0;40
2026-07-21;04:20:51.143;51;41.017100;28.981500;80;31.6;12.8;778;28;59;57.2;10.7;1568;1061.5;37;42;36;97;50.0;52.8;48.2;660;453.1;35
2026-07-21;04:20:51.144;67;41.018100;28.982500;87;37.4;16.1;518;27;73;41.5;38.1;1715;1061.7;38;29;46;97;49.8;56.2;16.2;916;453.1;86
2026-07-21;04:20:51.216;60;41.019100;28.983500;70;37.2;18.8;426;38;70;59.5;15.7;1424;1062.2;34;44;36;96;49.3;55.6;33.7;2150;453.3;71
2026-07-21;04:20:52.620;25;41.020100;28.984500;85;48.8;6.2;695;37;58;58.8;21.1;1054;1062.3;27;46;48;95;49.4;35.1;7.5;1515;453.4;37
2026-07-21;04:20:52.692;24;41.021100;28.985500;79;34.4;12.2;309;31;55;42;8.8;1185;1062.8;37;32;37;95;49.8;34.2;45.3;409;453.5;62
2026-07-21;04:20:52.693;57;41.022100;28.986500;97;40.6;19.9;474;34;53;42.2;27.5;1259;1063.1;34;31;38;95;49.9;35.6;22.4;2228;453.7;41
2026-07-21;04:20:52.914;85;41.023100;28.987500;70;35.6;10.6;687;38;56;52.3;19.9;1687;1063.4;40;47;38;95;50.0;47.7;32.5;328;453.8;39
2026-07-21;04:20:52.987;41;41.024100;28.988500;76;34.6;19.8;242;31;64;45.1;22.4;1159;1063.9;40;28;44;95;50.4;30.7;13.2;1831;453.8;32
2026-07-21;04:20:53.285;40;41.025100;28.989500;61;38.2;12.9;581;34;57;42.2;6.6;648;1064.3;28;41;46;95;50.9;48.3;39.8;2499;454.0;62
2026-07-21;04:20:54.124;87;41.026100;28.990500;85;39.3;11;688;30;58;45.7;25.7;1171;1064.6;29;36;48;96;51.0;32;33.7;930;454.1;23
2026-07-21;04:20:54.125;82;41.025100;28.989500;82;46.7;20.6;623;39;65;41.4;29.5;1056;1064.8;37;38;49;95;51.5;30.8;41.4;2367;454.2;65
2026-07-21;04:20:54.393;46;41.024100;28.988500;83;42.8;9.7;528;28;73;55.2;14.7;610;1065.2;28;29;40;96;51.9;47.4;29.8;838;454.4;87
2026-07-21;04:20:55.256;37;41.023100;28.987500;97;49.3;18.2;593;26;56;45;25.4;571;1065.4;25;31;30;97;52.3;58.4;33.3;1218;454.5;24
2026-07-21;04:20:55.256;28;41.022100;28.986500;93;33.4;14.1;647;43;63;44.8;22;699;1065.7;30;42;30;97;52.6;35;16.3;537;454.7;52
2026-07-21;04:20:55.338;86;41.021100;28.985500;97;35;11.2;507;25;70;46.8;20.2;538;1065.9;32;29;49;97;52.4;51.5;13.6;697;454.9;64
2026-07-21;04:20:56.752;25;41.020100;28.984500;65;33.5;8;384;36;62;43.1;13.8;656;1066.1;44;29;30;97;52.0;57.9;46.6;1310;455.1;60
2026-07-21;04:20:56.824;76;41.019100;28.983500;83;30.1;7.5;602;28;59;49.2;27.8;744;1066.4;35;31;30;97;51.6;49.2;36.3;2369;455.2;86
2026-07-21;04:20:56.824;47;41.018100;28.982500;95;46.9;9.9;344;25;74;54.9;16.8;1001;1066.8;44;37;31;96;51.8;47.9;17.8;493;455.2;69
2026-07-21;04:20:56.824;58;41.017100;28.981500;93;43;22.4;230;36;60;40.5;22.4;1123;1067.1;39;29;38;95;51.4;55.3;25.5;1027;455.3;33
2026-07-21;04:20:56.894;88;41.016100;28.980500;88;46.4;17.3;352;26;59;56.7;27.6;1527;1067.4;40;40;43;95;51.1;45.6;36.9;1507;455.4;27
2026-07-21;04:20:57.295;68;41.015100;28.979500;89;45.2;13.9;212;29;60;51.2;14.4;1839;1067.6;37;39;38;95;51.3;34;38.9;1651;455.6;22
2026-07-21;04:20:58.126;72;41.016100;28.980500;91;37.6;14.4;648;36;50;55.4;26.8;1690;1067.9;37;35;38;94;51.4;52.8;46.6;403;455.8;26
2026-07-21;04:20:58.127;71;41.017100;28.981500;70;33.9;10.2;239;37;59;44.8;37.4;1475;1068.2;42;39;39;93;51.7;46.7;11;694;456.0;20
2026-07-21;04:20:58.394;30;41.018100;28.982500;89;49.2;8.7;217;33;63;40.4;28.1;1046;1068.4;33;41;47;92;51.8;57.5;10.6;942;456.1;29
2026-07-21;04:20:59.261;51;41.019100;28.983500;75;33.6;7;399;32;69;47.7;19.5;1463;1068.9;34;29;45;93;52.0;39.9;48.6;1021;456.2;66
2026-07-21;04:20:59.262;77;41.020100;28.984500;90;36.7;24.4;772;33;68;54.2;20;1802;1069.1;43;37;30;93;51.6;50;34.1;778;456.3;77
2026-07-21;04:20:59.333;34;41.021100;28.985500;89;34;13.7;769;39;51;48.3;8.9;1585;1069.5;26;35;38;93;51.7;35.3;10.4;1564;456.4;64
2026-07-21;04:21:00.258;53;41.022100;28.986500;99;38.8;20.7;338;31;57;56.5;39;775;1069.9;26;36;32;93;52.2;46.5;26.9;1931;456.5;63
2026-07-21;04:21:00.325;52;41.023100;28.987500;83;30.8;24.2;601;40;71;47.4;18.1;780;1070.3;34;35;40;93;52.6;48;23.3;1389;456.6;66
2026-07-21;04:21:00.326;85;41.024100;28.988500;85;35.8;6.3;790;40;56;44.3;36.4;1920;1070.5;31;31;38;93;52.5;54.8;17.3;2019;456.7;25
2026-07-21;04:21:01.285;63;41.025100;28.989500;81;30.1;23.9;377;31;67;46.7;24.1;548;1070.8;26;31;43;94;52.6;57.5;49.5;946;456.8;50
2026-07-21;04:21:01.357;39;41.026100;28.990500;89;31.9;23.6;311;43;56;55.9;35.7;1565;1071.2;38;37;32;94;53.1;43.7;11.8;1724;456.9;51
2026-07-21;04:21:01.357;62;41.025100;28.989500;96;33.6;23.5;687;42;53;48.2;20.9;1635;1071.5;36;40;38;95;53.5;39.8;6.8;2478;457.1;66
2026-07-21;04:21:02.310;34;41.024100;28.988500;87;30.7;15.3;538;32;50;59.7;17.7;1961;1071.9;26;44;48;94;53.8;53.2;48.2;1980;457.2;25
2026-07-21;04:21:02.379;53;41.023100;28.987500;96;40.3;21.2;236;25;71;52.2;29.6;824;1072.3;31;40;33;94;53.9;44.9;15.2;979;457.4;53
2026-07-21;04:21:02.379;86;41.022100;28.986500;73;36.9;20.2;679;38;73;55.3;23.1;1011;1072.4;43;30;39;95;53.6;53.5;9.4;2020;457.5;65
2026-07-21;04:21:02.864;44;41.021100;28.985500;63;43.8;5.9;687;30;60;41.4;24.5;1740;1072.9;41;36;39;95;53.5;43.4;23;1317;457.7;42
2026-07-21;04:21:02.938;35;41.020100;28.984500;86;37.5;13.8;492;26;64;55.2;23.6;571;1073.2;38;40;39;96;53.2;52.4;47.5;608;457.8;84
2026-07-21;04:21:03.319;72;41.019100;28.983500;87;37;6;225;35;51;40.2;15.1;988;1073.6;31;41;34;96;53.0;38;19.7;714;458.0;86
2026-07-21;04:21:04.129;76;41.018100;28.982500;92;49.3;7.2;257;41;74;40.6;11.7;532;1074.0;35;32;38;96;53.2;57.1;15.4;2306;458.1;37
2026-07-21;04:21:04.133;75;41.017100;28.981500;91;47.5;10.9;580;36;53;50.4;38.9;1219;1074.1;39;31;35;97;53.5;40.2;42.9;1171;458.2;41
2026-07-21;04:21:04.399;27;41.016100;28.980500;88;34.6;7.7;594;29;61;54.3;20.4;564;1074.2;34;46;48;96;53.8;45.1;17.6;340;458.4;60
2026-07-21;04:21:05.267;31;41.015100;28.979500;95;43.9;17.2;476;44;64;58.6;17.7;749;1074.6;34;45;49;97;54.2;46.3;21.1;2432;458.5;64
2026-07-21;04:21:05.267;81;41.016100;28.980500;67;36.4;15.6;753;30;66;54.8;20.3;1919;1075.0;35;35;31;97;54.2;51.5;26.5;1951;458.6;42
2026-07-21;04:21:05.340;36;41.017100;28.981500;80;35.7;6.8;652;34;58;50.9;15.9;1047;1075.3;35;37;40;97;53.9;49.2;22.7;2425;458.6;56
2026-07-21;04:21:06.258;83;41.018100;28.982500;75;44.2;19.9;283;43;72;57.2;32.5;1599;1075.6;31;37;30;96;54.0;39.1;27.6;1061;458.8;60
2026-07-21;04:21:06.333;65;41.019100;28.983500;63;44.1;23.6;501;36;54;45.3;27.7;1876;1076.0;25;39;33;96;54.0;40.9;35.8;2337;458.8;82
2026-07-21;04:21:06.333;63;41.020100;28.984500;68;40.1;18.4;770;35;66;51.8;7.6;1432;1076.3;36;38;47;97;53.8;35;9.4;851;458.9;89
2026-07-21;04:21:07.785;82;41.021100;28.985500;80;41.7;21.9;455;35;52;58;34.8;672;1076.7;30;35;41;96;53.4;48.4;39.8;2499;459.1;63
2026-07-21;04:21:07.859;56;41.022100;28.986500;81;38.4;11.2;371;35;59;58.6;23.2;510;1077.1;42;31;35;95;53.4;45.3;37.8;818;459.1;84
2026-07-21;04:21:07.862;72;41.023100;28.987500;79;48.4;12.5;399;26;71;58.4;19.7;973;1077.6;32;33;43;96;53.8;54.9;43;2403;459.2;29
2026-07-21;04:21:07.863;24;41.024100;28.988500;82;34.8;25;596;34;59;40;13;1340;1077.8;44;40;46;96;53.9;39.6;25.1;597;459.4;47
2026-07-21;04:21:07.939;52;41.025100;28.989500;69;35.5;12.3;418;37;51;48.5;21.9;1534;1078.1;31;29;42;96;54.3;59.7;25.8;1468;459.6;84
2026-07-21;04:21:08.329;41;41.026100;28.990500;90;47.8;17.7;762;43;69;45.1;24.1;1804;1078.3;36;32;34;95;53.8;38.9;15.8;517;459.7;27
2026-07-21;04:21:09.139;60;41.025100;28.989500;62;46.2;6.9;552;30;63;45.1;21.3;1172;1078.8;40;34;48;94;53.8;37.6;39.3;2405;459.8;54
2026-07-21;04:21:09.139;24;41.024100;28.988500;68;45.7;23.9;379;33;51;59.7;15.7;1736;1079.0;29;42;38;95;53.7;32.5;48.5;1318;459.9;33
2026-07-21;04:21:09.408;86;41.023100;28.987500;80;45.9;21.8;204;28;72;54.3;7.7;559;1079.5;37;35;44;96;53.8;53.7;28.9;926;460.0;46
2026-07-21;04:21:10.275;38;41.022100;28.986500;92;41.9;17.2;486;36;74;50.7;9.9;1935;1079.9;37;36;33;95;53.4;58.5;24.3;887;460.1;73
2026-07-21;04:21:10.276;36;41.021100;28.985500;71;41.1;15.8;675;36;69;59.5;38.7;1154;1080.1;28;30;33;96;53.2;30.3;21.4;1957;460.2;83
2026-07-21;04:21:10.347;87;41.020100;28.984500;88;37.2;20.3;522;38;68;49.2;37.4;1898;1080.3;28;28;31;96;53.3;35.8;8.2;625;460.3;81
2026-07-21;04:21:11.269;55;41.019100;28.983500;68;35.8;5.8;476;25;69;58.9;36.3;581;1080.5;32;44;47;95;53.7;39.6;18;1208;460.4;39
2026-07-21;04:21:11.341;64;41.018100;28.982500;93;33.7;11;287;28;73;42.5;10.8;1392;1080.7;25;47;34;95;53.9;49.4;11.2;508;460.5;45
2026-07-21;04:21:11.342;69;41.017100;28.981500;80;36.4;5.8;560;29;70;46.9;24.4;847;1081.1;26;28;35;94;53.5;31.1;44.8;581;460.6;88
2026-07-21;04:21:12.300;31;41.016100;28.980500;96;49.5;20.1;253;36;72;46.6;34.4;1727;1081.3;40;29;38;94;53.9;45.1;49.2;2055;460.7;65
2026-07-21;04:21:12.373;70;41.015100;28.979500;89;49;14.3;591;43;65;40.3;11.3;989;1081.8;29;46;44;94;53.9;33.8;10.4;2449;460.8;57
2026-07-21;04:21:12.373;62;41.016100;28.980500;65;45.3;21.2;215;36;64;44.4;14.9;588;1082.2;37;45;49;93;54.4;54.2;33.1;1753;460.9;58
2026-07-21;04:21:13.332;25;41.017100;28.981500;89;42.6;13.1;693;38;51;52.2;17.2;1625;1082.5;40;44;41;94;54.8;32.8;36.7;1620;461.0;22
2026-07-21;04:21:13.405;31;41.018100;28.982500;98;48.6;17.4;795;42;68;56.9;10.9;1543;1083.0;34;33;45;93;54.4;33.4;14.4;474;461.2;67
2026-07-21;04:21:13.406;51;41.019100;28.983500;97;33.9;24.4;551;44;64;52.6;18.1;1218;1083.3;31;28;49;92;54.9;30.2;26.8;1938;461.3;81
2026-07-21;04:21:14.275;73;41.020100;28.984500;98;45.1;7.8;647;35;55;54.7;9.9;1321;1083.6;35;42;34;92;55.0;59.6;18.4;1083;461.3;35
2026-07-21;04:21:14.276;89;41.021100;28.985500;61;37.1;9.6;414;31;50;58.2;9.8;1457;1083.8;44;37;39;92;54.8;42.9;30.7;504;461.5;63
2026-07-21;04:21:14.351;79;41.022100;28.986500;73;49.3;5.9;437;26;50;41.3;20.1;1965;1083.9;43;32;40;92;54.6;46.2;26.7;2145;461.7;71
2026-07-21;04:21:15.764;87;41.023100;28.987500;65;33.1;8.6;784;42;69;57.8;39.9;852;1084.2;36;28;41;92;54.6;51.3;31.1;457;461.8;28
2026-07-21;04:21:15.836;42;41.024100;28.988500;84;44.7;18.7;409;43;55;54.4;17;1097;1084.5;25;29;43;93;54.4;43.7;42.3;2334;461.9;89
2026-07-21;04:21:15.836;39;41.025100;28.989500;73;31.6;6.4;502;39;63;40.5;37;1488;1084.7;26;43;42;94;54.3;32;8.2;763;462.0;41
2026-07-21;04:21:15.907;51;41.026100;28.990500;80;33.4;17.7;648;33;53;58.7;23.7;642;1085.1;31;45;35;93;54.3;30.2;46;2136;462.1;53
2026-07-21;04:21:15.978;89;41.025100;28.989500;96;47.5;18.5;219;32;72;50;8;1076;1085.5;39;32;31;93;54.5;39.2;33.4;473;462.1;65
2026-07-21;04:21:16.300;73;41.024100;28.988500;90;35;9.1;283;41;68;50.2;14.4;550;1085.8;42;45;35;92;54.8;53.5;5.3;1594;462.3;20
2026-07-21;04:21:17.143;67;41.023100;28.987500;96;35.6;10.4;442;25;58;41.9;34.4;729;1085.9;35;46;31;92;54.5;49.8;25.5;1300;462.4;34
2026-07-21;04:21:17.144;54;41.022100;28.986500;73;32.4;7.1;485;32;74;48.5;24.3;557;1086.3;40;43;39;92;55.0;46.3;30.4;1953;462.5;83
2026-07-21;04:21:17.411;33;41.021100;28.985500;82;36.4;10.2;395;42;67;57.3;38.1;1735;1086.8;27;36;36;92;55.2;54.7;24.3;737;462.7;24
2026-07-21;04:21:18.279;32;41.020100;28.984500;81;39.5;24.5;220;43;52;41.2;11.1;1132;1087.1;33;30;32;92;55.0;53.1;18.4;369;462.8;56
2026-07-21;04:21:18.279;51;41.019100;28.983500;76;32.2;10.9;612;34;58;55;8.9;843;1087.5;38;44;38;92;55.3;33;12.1;2354;462.8;36
2026-07-21;04:21:18.350;71;41.018100;28.982500;62;31.1;5;504;43;55;52.1;32.7;1373;1087.7;34;37;41;91;55.0;36.4;13;1048;463.0;47
2026-07-21;04:21:19.773;77;41.017100;28.981500;70;34.9;5;414;27;65;42.3;30.9;1634;1088.1;27;32;34;90;54.7;42.3;30.1;988;463.1;31
2026-07-21;04:21:19.846;42;41.016100;28.980500;76;30.5;16.8;677;36;71;55.5;15.6;1080;1088.2;33;30;49;91;54.5;38.1;38.7;1915;463.2;64
2026-07-21;04:21:19.847;20;41.015100;28.979500;84;39.6;15.3;415;40;72;46;35.3;708;1088.7;43;44;43;90;54.5;51.6;36;1149;463.3;51
2026-07-21;04:21:19.918;30;41.016100;28.980500;85;36.4;15.6;752;30;69;53.4;17.5;726;1088.9;27;33;40;91;54.8;51.6;8.4;871;463.4;63
2026-07-21;04:21:19.918;33;41.017100;28.981500;73;30.6;18.7;789;37;69;57.9;9.9;1903;1089.4;28;36;38;92;54.7;45.7;16.1;1462;463.5;51
2026-07-21;04:21:20.353;36;41.018100;28.982500;71;45.7;14.6;544;33;56;46.3;10.9;1879;1089.8;44;33;44;92;55.0;39.7;38.5;1620;463.7;41
2026-07-21;04:21:21.154;82;41.019100;28.983500;71;35.7;15.5;481;38;60;55;32.7;1713;1090.2;30;36;48;91;55.1;47.1;34.4;785;463.8;44
2026-07-21;04:21:21.154;39;41.020100;28.984500;93;33.3;13.5;436;40;72;41.2;29.6;1638;1090.5;29;36;47;91;55.4;46;44.3;583;463.9;70
2026-07-21;04:21:21.422;70;41.021100;28.985500;84;36;6.4;460;30;73;56.4;33;977;1090.8;41;38;33;92;55.7;41.7;33.3;2493;464.1;54
2026-07-21;04:21:22.290;81;41.022100;28.986500;97;32.5;14.3;463;39;58;41.3;10.3;716;1091.1;34;33;30;92;55.8;32.3;23.4;476;464.1;24
2026-07-21;04:21:22.290;47;41.023100;28.987500;63;46.1;10.9;347;39;63;58.1;10.8;640;1091.4;31;30;35;91;55.6;43.9;30.8;1495;464.3;86
2026-07-21;04:21:22.290;30;41.024100;28.988500;94;42.6;23.5;249;34;57;42;18.5;1209;1091.8;38;30;40;92;55.9;38.7;25.9;906;464.5;29
2026-07-21;04:21:23.718;60;41.025100;28.989500;97;45.3;20.8;276;39;63;56.7;17.8;1236;1092.0;29;29;31;93;56.4;35;48.6;365;464.6;88
2026-07-21;04:21:23.794;21;41.026100;28.990500;97;44;23.6;551;35;67;46.5;10.8;1312;1092.3;32;32;45;93;56.4;53.6;33.2;578;464.8;58
2026-07-21;04:21:23.795;34;41.025100;28.989500;92;30.4;16;680;38;51;53.5;9.1;719;1092.5;44;43;40;92;56.2;51.7;34.6;2137;464.9;26
2026-07-21;04:21:23.866;57;41.024100;28.988500;97;39.4;23.7;340;34;72;56.7;15.9;1697;1092.8;29;30;30;92;56.2;41.6;24.6;1246;465.0;25
2026-07-21;04:21:23.938;39;41.023100;28.987500;91;44.9;22.5;329;42;62;52.6;30.2;831;1093.2;26;42;37;91;56.5;46.5;30.8;2480;465.1;84
2026-07-21;04:21:24.361;32;41.022100;28.986500;72;38;14.3;786;44;73;43.3;32.8;1973;1093.6;44;33;42;90;56.4;59.3;15.2;452;465.3;69
2026-07-21;04:21:25.206;31;41.021100;28.985500;87;34.5;7.1;311;44;73;53.8;14.4;1581;1093.9;39;31;37;90;56.8;58;5.3;762;465.4;86
2026-07-21;04:21:25.206;50;41.020100;28.984500;89;35.1;12.8;623;39;66;54;34.8;1263;1094.1;37;30;36;90;57.0;35.3;20.9;2169;465.6;58
2026-07-21;04:21:25.304;68;41.019100;28.983500;81;33.5;6;562;37;51;52.9;24.1;681;1094.4;26;46;45;91;57.0;45.9;42;1908;465.7;39
2026-07-21;04:21:26.230;30;41.018100;28.982500;96;36.3;8.8;774;39;71;56.5;6;946;1094.8;29;32;42;91;57.5;58.5;19.7;2420;465.8;21
2026-07-21;04:21:26.303;28;41.017100;28.981500;68;36.9;8.1;254;28;72;53.2;39;560;1095.2;35;43;33;92;57.0;57.9;12.6;955;465.9;53
2026-07-21;04:21:26.378;54;41.016100;28.980500;98;49.2;11.1;524;39;60;52.8;31.2;1064;1095.6;44;35;45;92;57.1;35.1;44;2085;466.0;54
2026-07-21;04:21:27.793;50;41.015100;28.979500;97;34.5;11.8;723;25;73;42.9;37.5;1393;1095.9;33;37;37;92;57.2;56.5;47.7;2299;466.2;31
2026-07-21;04:21:27.866;20;41.016100;28.980500;95;44.3;19.8;470;41;67;53.8;26.2;1743;1096.3;34;43;39;93;57.3;52.3;30.7;1388;466.3;44
2026-07-21;04:21:27.866;51;41.017100;28.981500;94;46.2;16.1;343;31;74;46.8;24.6;725;1096.4;39;44;40;93;56.9;31.4;29.4;1875;466.5;50
2026-07-21;04:21:27.938;78;41.018100;28.982500;66;42.7;10.4;329;29;72;54.5;6.3;1185;1096.7;43;41;38;93;57.0;33.6;22.6;545;466.6;85
2026-07-21;04:21:28.010;54;41.019100;28.983500;73;46.2;7.6;273;39;57;58.5;19.3;1794;1097.1;35;39;42;93;56.8;39.7;29.7;1337;466.8;85
2026-07-21;04:21:28.368;25;41.020100;28.984500;86;49.4;14.9;561;30;65;59.9;16.1;874;1097.5;32;33;37;93;57.0;54.4;33.5;740;466.9;60
2026-07-21;04:21:29.170;65;41.021100;28.985500;76;31.2;15.9;457;27;61;41.5;23.4;1036;1097.9;36;36;30;92;57.0;57.9;23.1;1694;467.1;38
2026-07-21;04:21:29.171;39;41.022100;28.986500;92;45.9;6;428;33;67;46;30.1;689;1098.2;38;41;41;92;56.6;38.1;34.9;2162;467.1;22
2026-07-21;04:21:29.441;41;41.023100;28.987500;60;37.6;12.4;605;29;74;42.7;34.1;1487;1098.6;25;35;39;92;56.8;35.4;38.8;1329;467.2;53
2026-07-21;04:21:30.306;68;41.024100;28.988500;84;49;8.3;687;38;52;42.9;6.6;1340;1099.1;44;34;49;93;57.0;41.5;31.5;2085;467.3;86
2026-07-21;04:21:30.306;25;41.025100;28.989500;83;34.2;17.8;710;32;53;40.2;29.6;1044;1099.6;34;45;43;94;56.7;58.6;13.5;773;467.3;64
2026-07-21;04:21:30.378;57;41.026100;28.990500;74;30.4;13.9;458;42;51;51.7;37.2;1336;1099.9;43;34;48;95;56.6;32.1;49.6;355;467.4;48
2026-07-21;04:21:31.306;20;41.025100;28.989500;66;43.9;23.5;341;26;57;42.9;31.3;1477;1100.1;34;31;40;95;56.8;36.2;25.4;2074;467.6;58
2026-07-21;04:21:31.377;72;41.024100;28.988500;68;46.8;10.4;485;28;64;41.2;15;1347;1100.5;33;31;35;96;56.9;33.8;31.8;1032;467.8;51
2026-07-21;04:21:31.378;65;41.023100;28.987500;90;32.1;9.2;308;27;74;52.6;12.1;756;1100.6;35;30;49;96;57.3;54;10.2;2418;467.9;67
2026-07-21;04:21:32.324;32;41.022100;28.986500;66;34.4;9.7;375;37;56;41;18;695;1100.8;31;38;40;97;57.3;33.1;45.1;347;468.0;51
2026-07-21;04:21:32.397;69;41.021100;28.985500;78;40;20.1;736;28;56;45;9.7;973;1101.2;43;41;35;98;57.1;54.6;12.2;2483;468.2;36
2026-07-21;04:21:32.398;73;41.020100;28.984500;98;40.7;21.3;584;25;66;54.9;12.5;790;1101.5;42;28;41;97;57.5;50;31.4;2372;468.3;38
2026-07-21;04:21:33.356;58;41.019100;28.983500;83;40.9;9.6;364;39;65;51.5;35.7;1317;1101.9;32;35;32;98;57.3;49.3;47.8;582;468.5;56
2026-07-21;04:21:33.430;51;41.018100;28.982500;75;46.7;13.5;232;38;61;51.7;14.1;706;1102.4;26;34;32;98;57.4;54.3;37.3;947;468.7;50
2026-07-21;04:21:33.431;47;41.017100;28.981500;68;45.7;11.8;495;44;52;55.9;16.7;670;1102.7;33;39;40;99;56.9;38;18.9;2380;468.8;54
2026-07-21;04:21:33.912;41;41.016100;28.980500;73;38;7.4;781;27;54;46.1;23.3;940;1103.0;26;46;39;99;56.9;37.5;47.3;428;469.0;78
2026-07-21;04:21:33.998;70;41.015100;28.979500;88;49.1;11.5;256;39;52;48.2;30.8;871;1103.1;32;42;36;98;56.6;58.2;31.5;389;469.1;42
2026-07-21;04:21:34.337;36;41.016100;28.980500;88;36;6.1;791;35;52;51.1;17.1;1217;1103.4;43;28;45;98;56.4;46.8;31.5;2200;469.3;68
2026-07-21;04:21:35.204;87;41.017100;28.981500;74;36.4;6.2;760;27;72;53.7;24.9;1142;1103.8;31;44;33;98;56.5;38.3;11;2246;469.4;24
2026-07-21;04:21:35.204;35;41.018100;28.982500;85;46.2;19.9;294;27;62;50.3;26.1;1663;1104.1;36;47;47;98;56.6;53.2;41.1;409;469.5;31
2026-07-21;04:21:35.474;55;41.019100;28.983500;74;48.8;19.3;372;28;58;51.6;34.4;1000;1104.3;26;37;42;98;56.9;38.8;39.4;2000;469.6;50
2026-07-21;04:21:36.340;87;41.020100;28.984500;62;42.9;12.1;627;37;65;40.4;36.4;594;1104.6;27;46;33;98;57.1;57.2;36.6;713;469.7;56
2026-07-21;04:21:36.340;66;41.021100;28.985500;99;39.4;17;300;27;68;51.2;24.2;1944;1104.8;40;38;32;97;57.2;34.8;29.9;1520;469.8;66
2026-07-21;04:21:36.415;76;41.022100;28.986500;93;43.8;7.1;269;27;70;47;24.1;604;1105.0;37;38;31;97;57.3;42.9;35;2053;470.0;72
2026-07-21;04:21:37.332;62;41.023100;28.987500;93;46.8;20.7;781;37;59;54.6;7.3;794;1105.5;29;47;44;97;57.1;55.1;9.6;1746;470.2;23
2026-07-21;04:21:37.404;62;41.024100;28.988500;91;47.4;13.4;759;34;74;47.3;32.4;762;1105.9;34;47;44;97;57.1;45.1;44.2;1782;470.3;86
2026-07-21;04:21:37.404;21;41.025100;28.989500;65;48.4;5.5;220;38;53;40.2;10.4;543;1106.1;31;36;49;96;57.3;37;49.5;1820;470.5;52
2026-07-21;04:21:38.364;50;41.026100;28.990500;71;32.6;15.4;551;43;52;46.7;37.6;1751;1106.2;39;28;46;95;57.4;49;6.2;308;470.6;58
2026-07-21;04:21:38.437;28;41.025100;28.989500;97;37.9;22.2;673;38;62;45;15.1;1677;1106.5;28;30;45;95;57.3;49.6;29.5;1660;470.8;29
2026-07-21;04:21:38.437;60;41.024100;28.988500;99;31.4;19.1;659;36;74;45.5;35.3;871;1106.8;33;47;47;96;57.1;45.5;46.6;1290;470.9;23
2026-07-21;04:21:38.921;24;41.023100;28.987500;94;46.3;11.1;725;31;66;56.7;35.1;766;1107.1;25;45;40;96;57.1;40.4;47.6;1062;470.9;64
2026-07-21;04:21:38.994;86;41.022100;28.986500;95;34.3;14.1;312;34;74;51.2;5.7;780;1107.5;34;39;49;96;56.6;52.3;13.6;2497;471.1;67
2026-07-21;04:21:39.377;84;41.021100;28.985500;76;49.9;20.6;372;31;67;55.2;29.1;1193;1107.7;40;34;37;97;57.1;44.7;48.2;1717;471.3;35
2026-07-21;04:21:40.186;33;41.020100;28.984500;85;35.7;10.2;684;28;60;43.6;10.4;1302;1107.8;34;45;46;98;56.7;58.2;47.7;1696;471.4;49
2026-07-21;04:21:40.187;59;41.019100;28.983500;82;39.1;22.1;686;31;55;59.6;34.4;1446;1108.1;30;29;33;98;56.6;55.7;30;1848;471.5;24
2026-07-21;04:21:40.459;70;41.018100;28.982500;68;45.3;23.6;202;29;51;55;19.6;995;1108.2;27;29;36;97;56.6;35.2;37.4;449;471.6;24
2026-07-21;04:21:41.357;82;41.017100;28.981500;93;48.3;9.1;766;26;59;44.5;36.3;785;1108.3;26;32;46;96;56.9;52.2;5.3;1835;471.7;39
2026-07-21;04:21:41.358;58;41.016100;28.980500;90;35.4;20.9;620;44;65;52.5;16.4;1987;1108.5;27;33;47;96;56.7;47.5;45.3;2484;471.8;40
2026-07-21;04:21:41.430;27;41.015100;28.979500;96;46.5;23.3;752;31;74;42.8;19.3;1487;1108.7;41;46;49;97;56.5;30.7;24.5;859;471.8;84
2026-07-21;04:21:42.835;77;41.016100;28.980500;63;44.1;9;744;28;52;55.4;18.4;801;1109.2;31;37;39;96;56.7;34.1;17.3;2263;472.0;41
2026-07-21;04:21:42.907;27;41.017100;28.981500;67;37.2;9.1;245;30;61;46;37;1277;1109.5;30;36;48;96;56.8;33.6;16.7;1291;472.0;51
2026-07-21;04:21:42.908;23;41.018100;28.982500;83;49;23.3;469;38;61;41.7;36.5;1612;1109.9;32;39;30;95;56.5;44.8;33.2;1596;472.2;49
2026-07-21;04:21:42.908;86;41.019100;28.983500;96;40.6;21.1;636;28;53;58.1;18.5;1970;1110.2;35;46;38;96;56.2;50.4;21.3;2013;472.3;39
2026-07-21;04:21:42.981;59;41.020100;28.984500;86;30.7;6.9;610;38;69;43.1;13.7;1927;1110.5;36;33;31;95;56.7;40.3;17.2;733;472.4;73
2026-07-21;04:21:43.368;28;41.021100;28.985500;75;37.9;12.3;709;34;67;44.6;39.9;636;1110.9;30;28;32;96;56.2;38.9;48.8;373;472.5;42
2026-07-21;04:21:44.182;38;41.022100;28.986500;62;31.6;10.9;792;37;54;40.5;5.2;1646;1111.2;28;44;31;96;56.1;31.6;7.5;437;472.6;68
2026-07-21;04:21:44.182;43;41.023100;28.987500;96;43.7;12.2;690;30;65;51.2;11.4;574;1111.6;31;32;40;97;56.1;41.6;43.7;1805;472.8;39
2026-07-21;04:21:44.451;21;41.024100;28.988500;81;30.3;13.4;418;35;51;43.6;22.7;1124;1112.0;42;37;42;96;56.1;43;29;995;472.9;51
2026-07-21;04:21:45.306;72;41.025100;28.989500;96;45.8;9.1;631;28;73;53.5;39.8;848;1112.3;25;43;38;97;55.8;52.5;46.7;2315;473.1;58
2026-07-21;04:21:45.379;80;41.026100;28.990500;94;49.7;12.5;369;41;70;42.9;23.8;1193;1112.6;26;28;44;98;55.4;41;44.6;1519;473.1;77
2026-07-21;04:21:45.380;89;41.025100;28.989500;79;46.1;9.3;588;41;68;43;11.3;1273;1113.1;44;41;41;98;55.8;50.1;37.2;1105;473.2;83
2026-07-21;04:21:46.333;67;41.024100;28.988500;89;39.9;22;225;42;57;53.9;28.1;616;1113.5;27;46;38;98;56.0;46.9;40.1;932;473.3;31
2026-07-21;04:21:46.406;30;41.023100;28.987500;92;42.3;15;425;41;69;49.2;16.1;1561;1113.7;38;41;36;99;55.7;31;27.6;1862;473.4;69
2026-07-21;04:21:46.406;36;41.022100;28.986500;81;43.4;18.6;681;43;73;47.8;13.1;1819;1114.0;38;43;33;99;55.4;57.2;7.3;1620;473.6;42
2026-07-21;04:21:47.370;59;41.021100;28.985500;77;42.2;15.1;745;27;61;43.8;9.8;1419;1114.4;44;41;37;99;55.0;50.6;38.3;1469;473.7;89
2026-07-21;04:21:47.443;79;41.020100;28.984500;81;32.1;19.8;271;44;65;48.5;30;1770;1114.7;30;30;45;98;54.5;57.7;15.8;1636;473.9;87
2026-07-21;04:21:47.447;86;41.019100;28.983500;82;41.2;21.6;660;38;56;52.4;31;589;1114.9;29;34;49;98;54.1;33.5;45.6;1640;474.1;80
2026-07-21;04:21:48.313;67;41.018100;28.982500;97;42;16.5;697;39;59;58.7;33.2;870;1115.3;37;44;32;98;54.3;46.3;22.7;1856;474.3;58
2026-07-21;04:21:48.313;69;41.017100;28.981500;63;33.9;10.9;227;31;57;42.6;15.5;812;1115.5;40;43;38;97;54.5;36.6;45;1495;474.5;25
2026-07-21;04:21:48.386;34;41.016100;28.980500;79;32;18.6;566;36;57;48.9;38.6;1609;1115.8;28;35;49;97;54.0;57.4;13.9;684;474.5;68
2026-07-21;04:21:49.814;41;41.015100;28.979500;63;37.7;6.4;411;30;68;53.3;7.9;1376;1116.1;29;40;47;97;54.1;49.2;16;2053;474.6;43
2026-07-21;04:21:49.887;66;41.016100;28.980500;94;47.3;9.2;726;31;54;54.1;38.2;1316;1116.5;40;45;48;97;53.7;47.3;15.1;1109;474.8;28
2026-07-21;04:21:49.889;74;41.017100;28.981500;86;49.6;7.2;409;43;62;54.7;18.6;1452;1116.6;28;28;45;98;53.3;47;24.8;1897;475.0;32
2026-07-21;04:21:49.959;33;41.018100;28.982500;92;46.3;23.8;422;32;59;51.7;29.3;825;1116.9;27;32;41;98;53.5;37.6;35.3;1041;475.1;83
2026-07-21;04:21:50.034;51;41.019100;28.983500;84;49.1;19.3;244;34;65;55.6;15.2;1460;1117.3;39;45;49;98;54.0;53.5;40.6;1122;475.3;48
2026-07-21;04:21:50.324;58;41.020100;28.984500;65;45.8;14.3;733;41;59;45.7;33.1;1500;1117.4;44;46;48;98;54.2;59.5;45.9;881;475.4;58
2026-07-21;04:21:51.169;61;41.021100;28.985500;60;38.4;14.5;528;40;58;53.1;22.3;1947;1117.9;28;47;30;99;54.5;38;25.1;1674;475.5;70
2026-07-21;04:21:51.170;79;41.022100;28.986500;90;43.9;7.4;785;39;72;46.5;38.2;1290;1118.3;38;45;35;99;54.1;41.9;46.8;2305;475.6;37
2026-07-21;04:21:51.441;60;41.023100;28.987500;82;48.6;17.3;561;33;66;57.9;9.9;1107;1118.5;31;32;37;99;54.4;56.8;29.9;1024;475.7;75
2026-07-21;04:21:52.307;67;41.024100;28.988500;61;42.7;22.6;428;28;51;57.6;38.6;746;1118.9;29;45;38;100;54.2;39.2;28.8;472;475.9;80
2026-07-21;04:21:52.307;76;41.025100;28.989500;70;38.5;10.9;760;30;66;44.8;13.9;1784;1119.3;34;28;32;99;54.5;50.9;39.2;963;476.0;42
2026-07-21;04:21:52.380;24;41.026100;28.990500;72;48.4;14.7;668;32;55;58.5;7.8;1807;1119.6;27;47;41;100;54.8;49.2;16.6;1222;476.2;54
2026-07-21;04:21:53.313;31;41.025100;28.989500;83;41.1;12;771;29;68;57.6;20.9;1851;1120.1;26;40;32;100;54.9;49.8;48.2;1135;476.3;89
2026-07-21;04:21:53.386;89;41.024100;28.988500;79;45.7;21.2;756;43;57;55.7;35.8;1745;1120.4;37;41;31;100;54.5;43.1;29.9;2394;476.5;20
2026-07-21;04:21:53.396;59;41.023100;28.987500;90;37.3;18.5;389;41;67;43.8;15.7;1092;1120.7;30;28;45;99;54.1;58.3;36.2;549;476.7;72
2026-07-21;04:21:54.346;71;41.022100;28.986500;75;43.6;6.8;683;31;52;44.9;24.1;1054;1121.2;31;29;42;99;54.4;42.2;21.5;1561;476.9;44
2026-07-21;04:21:54.417;88;41.021100;28.985500;67;37.3;5.5;416;27;60;55.7;34.5;1076;1121.3;44;39;42;100;54.4;32.7;29.8;1505;477.1;57
2026-07-21;04:21:54.418;52;41.020100;28.984500;79;46.8;10.4;745;28;51;51.5;19;1301;1121.5;28;38;35;100;54.5;42.6;17.6;1588;477.2;89
2026-07-21;04:21:55.381;64;41.019100;28.983500;72;48.2;5.1;563;43;58;53.9;30.5;948;1121.6;34;41;30;100;54.6;59.4;33.1;377;477.3;69
2026-07-21;04:21:55.453;56;41.018100;28.982500;85;32.8;23.3;239;27;68;48.9;20.5;1088;1121.7;26;42;48;100;54.4;49.7;17.5;962;477.3;59
2026-07-21;04:21:55.453;60;41.017100;28.981500;82;44.6;14.3;359;39;61;53.9;7.5;1078;1122.2;27;31;40;99;54.3;37.5;33.6;1774;477.4;57
2026-07-21;04:21:56.409;56;41.016100;28.980500;60;48.5;12.7;456;31;66;50.6;9.3;1839;1122.7;43;43;33;99;54.2;49.8;31.7;2392;477.6;53
2026-07-21;04:21:56.482;41;41.015100;28.979500;79;37.3;8.7;601;31;52;59.1;15.4;1624;1123.2;44;34;43;100;53.8;44.6;33.8;1897;477.7;20
2026-07-21;04:21:56.482;56;41.016100;28.980500;73;42.1;19;211;35;67;44;15.4;1534;1123.7;31;38;44;100;54.1;35.2;12.4;678;477.9;49
2026-07-21;04:21:56.973;58;41.017100;28.981500;89;43.4;13.4;640;43;51;51.6;36;1850;1124.1;29;28;34;100;54.6;48.7;38.7;611;478.0;87
2026-07-21;04:21:57.046;30;41.018100;28.982500;88;49.5;13.5;291;33;67;45;20;704;1124.3;38;46;44;99;54.2;37;19.4;838;478.0;33
2026-07-21;04:21:57.362;42;41.019100;28.983500;90;32.9;22.9;605;36;61;46.8;14.3;1853;1124.6;37;29;33;100;53.9;45.7;35.4;1073;478.2;32
2026-07-21;04:21:58.230;50;41.020100;28.984500;72;42.5;7.9;511;36;59;45.4;30.2;1788;1124.9;26;39;32;100;53.8;50.8;11.7;960;478.3;68
2026-07-21;04:21:58.231;86;41.021100;28.985500;73;30.8;9;616;43;57;55.9;8.2;1397;1125.3;31;47;47;99;54.2;52.9;39.5;420;478.4;59
2026-07-21;04:21:58.500;39;41.022100;28.986500;76;42.4;7;662;31;62;53.9;15.2;1720;1125.5;30;47;43;99;54.3;53.6;28.6;1393;478.5;67
2026-07-21;04:21:59.371;88;41.023100;28.987500;75;33.7;22.9;498;31;55;52.8;36.8;689;1125.8;40;39;48;98;54.4;39.6;10.5;996;478.7;83
2026-07-21;04:21:59.371;84;41.024100;28.988500;92;33.8;8.9;751;30;55;42.8;19.2;749;1126.1;27;37;31;99;54.8;39.2;35.1;361;478.8;20
2026-07-21;04:21:59.445;20;41.025100;28.989500;67;47.7;16;655;28;66;48.5;9.6;1941;1126.4;38;47;38;98;54.9;41.1;31.6;488;479.0;38
2026-07-21;04:22:00.370;81;41.026100;28.990500;92;44.5;8.8;735;40;62;53.4;11.7;665;1126.6;43;34;44;99;54.6;54.6;28.8;1718;479.2;28
2026-07-21;04:22:00.442;81;41.025100;28.989500;62;37.6;20;340;39;52;45.9;12.8;1745;1126.9;31;28;30;98;54.1;38.1;10;1799;479.2;87
2026-07-21;04:22:00.443;86;41.024100;28.988500;70;39.2;8.3;433;38;54;53.9;33.2;1998;1127.1;40;28;33;99;54.1;33.4;10.9;520;479.4;71
2026-07-21;04:22:01.402;47;41.023100;28.987500;65;45.5;7.2;753;35;61;43.8;23.2;1804;1127.4;35;45;36;99;53.9;39.6;48;1360;479.6;33
2026-07-21;04:22:01.477;33;41.022100;28.986500;99;48.8;5.8;208;39;54;54.1;26.2;859;1127.6;41;44;33;99;54.1;41.8;16;1920;479.7;72
2026-07-21;04:22:01.478;31;41.021100;28.985500;60;34.6;10.8;344;36;58;49.8;35.9;1606;1128.0;39;37;40;99;54.4;50.6;8.7;2288;479.7;65
2026-07-21;04:22:01.966;79;41.020100;28.984500;92;41.9;12.4;388;44;66;56.5;15.2;1819;1128.4;35;35;34;99;54.4;46.5;8.8;1885;479.8;32
2026-07-21;04:22:02.033;42;41.019100;28.983500;86;49.6;15.3;243;30;52;51.6;14;1499;1128.6;32;34;37;99;54.3;34.6;48.1;2090;479.8;75
2026-07-21;04:22:02.419;69;41.018100;28.982500;78;49.3;13.5;232;36;71;47.9;32.1;1745;1128.9;33;39;45;99;54.3;49.7;5.4;1023;479.9;66
2026-07-21;04:22:03.233;33;41.017100;28.981500;60;30.2;17.4;646;32;61;47.9;26.4;1205;1129.3;26;45;31;100;54.5;42.4;22.1;1300;480.0;60
2026-07-21;04:22:03.233;27;41.016100;28.980500;95;40.9;24.1;789;32;73;56.2;38.1;584;1129.6;30;42;31;100;54.1;32.3;47.6;1040;480.1;54
2026-07-21;04:22:03.501;77;41.015100;28.979500;86;33.6;15.9;655;26;74;53.7;20;1055;1129.7;27;44;39;100;54.0;38.5;19.4;526;480.3;78
2026-07-21;04:22:04.372;46;41.016100;28.980500;72;44;22.7;770;33;68;53.8;9;1061;1130.0;39;32;44;100;54.3;55.8;35;2476;480.4;54
2026-07-21;04:22:04.372;77;41.017100;28.981500;87;41.3;15.3;233;25;58;50.9;20.2;1302;1130.2;36;40;49;99;53.9;38.7;45.8;1137;480.5;58
2026-07-21;04:22:04.444;73;41.018100;28.982500;65;43.4;7.5;705;35;54;48.5;9.8;1004;1130.5;31;43;46;100;53.8;31.1;6.3;2437;480.6;69
2026-07-21;04:22:05.876;83;41.019100;28.983500;65;30.8;23.2;576;26;61;54.1;11.8;976;1130.7;29;28;39;99;53.5;35.9;47.3;1428;480.7;47
2026-07-21;04:22:05.951;49;41.020100;28.984500;83;37.4;23.2;274;38;50;50.2;7.2;625;1131.0;39;37;33;100;53.4;42.8;27.3;704;480.8;42
2026-07-21;04:22:05.952;20;41.021100;28.985500;61;40.7;11.3;305;35;61;45.7;18.2;1649;1131.4;27;35;30;99;53.6;58.5;24.3;934;480.9;74
2026-07-21;04:22:05.952;72;41.022100;28.986500;81;30.5;5.3;654;34;71;52.4;9.5;1042;1131.8;25;30;40;100;54.0;33.5;47.8;1567;481.0;40
2026-07-21;04:22:06.018;32;41.023100;28.987500;86;35.8;14.6;593;27;50;45;18.3;1263;1131.9;42;40;40;99;54.1;51.1;8.7;457;481.2;64
2026-07-21;04:22:06.422;54;41.024100;28.988500;67;49.9;14.2;393;35;64;55.9;36;1551;1132.4;40;37;37;98;54.2;33;11.4;1156;481.2;20
2026-07-21;04:22:07.253;80;41.025100;28.989500;80;33.9;9.2;482;32;50;50.6;19.8;515;1132.8;39;34;48;99;54.2;38.9;9.7;1083;481.4;75
2026-07-21;04:22:07.253;45;41.026100;28.990500;75;36;6.2;695;37;66;59;19.4;941;1133.1;27;42;41;99;54.5;31.3;49.4;1619;481.6;20
2026-07-21;04:22:07.325;26;41.025100;28.989500;99;38.2;9.8;518;33;55;43.7;6.8;1456;1133.2;36;29;36;99;54.4;31.7;33.8;2412;481.6;22
2026-07-21;04:22:08.734;63;41.024100;28.988500;85;47.7;16.3;236;29;60;50.1;7.7;1599;1133.4;35;43;36;99;54.6;34.2;5.6;591;481.7;57
2026-07-21;04:22:08.806;33;41.023100;28.987500;84;49.7;14.3;588;26;63;42.3;24.8;1453;1133.6;40;41;46;100;54.9;53;30.4;1879;481.9;53
2026-07-21;04:22:08.806;25;41.022100;28.986500;72;42.5;24.9;301;27;62;53.1;31.2;1747;1133.9;38;46;43;100;55.1;33;11;663;482.0;51
2026-07-21;04:22:09.024;51;41.021100;28.985500;66;31.6;14.1;423;42;64;50.2;35.9;802;1134.3;30;29;33;100;55.6;30.1;25.5;2095;482.1;26
2026-07-21;04:22:09.106;82;41.020100;28.984500;87;46.7;6;409;38;60;57.4;9.4;523;1134.6;27;38;49;99;55.5;56;33.7;1738;482.2;85
2026-07-21;04:22:09.406;61;41.019100;28.983500;97;45.4;6.1;371;31;73;41.7;22;1220;1134.9;28;31;31;100;55.8;57.9;45;1461;482.3;78
2026-07-21;04:22:10.257;37;41.018100;28.982500;64;47.2;15;227;27;71;46.3;17.5;773;1135.0;31;40;49;99;55.5;51.6;31.6;1000;482.4;24
2026-07-21;04:22:10.258;74;41.017100;28.981500;78;39.8;9.8;794;34;55;57.1;39.1;1726;1135.2;32;35;49;100;55.4;30.6;21.9;734;482.5;21
2026-07-21;04:22:10.530;47;41.016100;28.980500;60;38.1;7.9;519;33;63;45.2;28.6;697;1135.6;43;31;42;99;55.7;39.2;11.6;478;482.6;40
2026-07-21;04:22:11.422;29;41.015100;28.979500;67;46.7;20.8;750;37;53;47.4;32.2;1338;1136.0;36;43;42;98;56.1;48.8;40.9;2130;482.6;88
2026-07-21;04:22:11.422;40;41.016100;28.980500;64;40.1;5.9;320;27;63;46.8;29.4;913;1136.5;28;38;37;98;56.2;36.1;20.9;1666;482.7;25
2026-07-21;04:22:11.500;61;41.017100;28.981500;88;44.2;13.7;619;43;58;40.4;17.6;695;1136.9;33;29;43;98;55.9;49.9;26.6;1389;482.8;78
2026-07-21;04:22:12.916;54;41.018100;28.982500;95;39.1;17.2;583;40;60;52.9;10;1072;1137.4;36;39;45;99;55.7;31.4;16.9;1270;482.9;24
2026-07-21;04:22:12.990;64;41.019100;28.983500;83;39.3;16.5;465;36;60;45.9;21.4;1440;1137.8;27;46;30;100;56.1;44.9;29.1;418;483.0;61
2026-07-21;04:22:12.991;36;41.020100;28.984500;78;33.5;21.3;364;36;54;43.3;26.8;528;1138.3;28;32;35;100;55.8;31.3;39.2;1364;483.2;39
2026-07-21;04:22:12.991;59;41.021100;28.985500;86;40.8;18.3;459;39;50;46.5;34.6;1836;1138.6;32;28;48;99;56.1;57;24.9;2094;483.3;85
2026-07-21;04:22:13.060;33;41.022100;28.986500;90;37.4;20.9;511;36;70;58.9;30.9;602;1139.1;34;42;42;100;56.4;44.6;29.4;350;483.4;30
2026-07-21;04:22:13.421;44;41.023100;28.987500;90;30.8;22.3;530;30;57;51.8;27.4;1858;1139.5;41;45;35;99;56.8;36.6;46.7;424;483.4;68
2026-07-21;04:22:14.229;68;41.024100;28.988500;92;35.8;23.8;333;40;63;47.8;34.5;600;1139.9;36;43;31;99;57.0;35.3;42;970;483.6;81
2026-07-21;04:22:14.231;58;41.025100;28.989500;81;36;9.2;292;40;72;50.2;19.1;1022;1140.1;37;45;31;98;56.5;51.4;46.2;2237;483.6;37
2026-07-21;04:22:14.498;72;41.026100;28.990500;60;49.7;19.8;649;40;63;51.1;15.8;1985;1140.5;34;34;42;98;56.6;31;34.8;572;483.8;89
2026-07-21;04:22:15.367;49;41.025100;28.989500;65;49.9;23.6;661;32;59;45.4;21.5;1450;1140.8;33;41;40;98;56.6;57.9;33.4;1185;483.9;72
2026-07-21;04:22:15.367;68;41.024100;28.988500;93;43.9;9;610;32;63;59.5;32.8;710;1141.1;39;33;32;98;57.1;51.8;26.4;1089;484.0;35
2026-07-21;04:22:15.438;88;41.023100;28.987500;65;44.3;24.2;495;43;61;54.1;22.2;574;1141.3;35;46;32;98;57.3;46.7;12.1;1781;484.1;74
2026-07-21;04:22:16.358;58;41.022100;28.986500;78;35.1;9.8;776;43;74;50.4;29.6;1172;1141.6;30;30;31;98;57.5;58.2;45.1;385;484.2;83
2026-07-21;04:22:16.429;59;41.021100;28.985500;90;34.2;12.2;277;40;57;49.7;27.2;1742;1142.0;34;42;30;98;57.9;31.4;32.1;408;484.3;50
2026-07-21;04:22:16.430;79;41.020100;28.984500;68;49.4;23.4;556;38;50;41.7;32.5;558;1142.2;26;45;45;97;57.8;57.3;37.4;2184;484.5;44
2026-07-21;04:22:17.388;89;41.019100;28.983500;84;36.8;21.2;356;30;74;58.1;27.8;1777;1142.7;32;34;32;97;58.0;32.2;10.3;2019;484.6;83
2026-07-21;04:22:17.472;76;41.018100;28.982500;82;43.3;11.1;237;25;70;56.2;29.5;1884;1143.0;35;45;33;98;57.6;43.3;18.3;2168;484.7;56
2026-07-21;04:22:17.473;69;41.017100;28.981500;99;46.1;16.7;357;34;72;55.2;13.3;1035;1143.4;43;35;39;99;57.3;53.4;9.9;1856;484.8;24
2026-07-21;04:22:18.422;51;41.016100;28.980500;63;42.3;23.3;470;35;70;42.2;35.9;1156;1143.6;25;40;39;99;57.1;31.8;16.7;2234;485.0;43
2026-07-21;04:22:18.495;48;41.015100;28.979500;60;46.7;5.3;200;30;67;40.1;10.8;1739;1143.8;42;40;37;99;56.8;50;12.7;377;485.1;81
2026-07-21;04:22:18.495;76;41.016100;28.980500;69;45.9;21.2;703;35;74;43;15.7;1832;1144.1;30;32;39;99;56.7;35.6;18.8;1079;485.2;42
2026-07-21;04:22:19.443;33;41.017100;28.981500;92;41.5;12;721;27;73;59.2;36.9;1463;1144.4;30;42;36;100;56.4;44.3;44.4;1917;485.3;43
2026-07-21;04:22:19.516;78;41.018100;28.982500;62;44.1;11.2;398;44;66;40.4;5.6;1337;1144.6;34;34;43;99;56.2;36.6;37.5;1311;485.5;47
2026-07-21;04:22:19.516;69;41.019100;28.983500;79;46.9;11.8;753;31;73;43.6;21.1;698;1144.9;32;39;37;99;56.0;30.1;23.3;718;485.7;78
2026-07-21;04:22:20.002;24;41.020100;28.984500;64;31.2;25;604;29;68;49.9;5.2;823;1145.0;43;40;48;100;55.6;41.5;32.5;2285;485.8;36
2026-07-21;04:22:20.074;42;41.021100;28.985500;77;45.1;6.7;566;32;58;51.1;21.4;1612;1145.2;34;31;34;99;55.1;46.1;46.6;362;485.9;65
2026-07-21;04:22:20.402;30;41.022100;28.986500;99;49.7;23.6;466;26;62;55.8;35.7;1996;1145.4;32;28;41;99;54.7;46.2;31.4;2267;486.0;67
2026-07-21;04:22:21.273;80;41.023100;28.987500;89;32.4;18.1;360;34;57;43;23.5;1156;1145.5;34;46;35;99;54.9;48.1;38.8;2133;486.2;81
2026-07-21;04:22:21.274;78;41.024100;28.988500;79;42.8;5.6;634;28;53;53.1;29.5;500;1145.7;40;35;44;99;55.3;58.4;45.8;1325;486.3;62
2026-07-21;04:22:21.560;43;41.025100;28.989500;97;37.6;8.4;527;32;58;49.4;22.3;1378;1146.0;44;32;45;99;55.5;34.3;33.4;1407;486.4;20
2026-07-21;04:22:22.414;20;41.026100;28.990500;62;40.3;20.1;692;31;66;42;13.4;896;1146.2;37;31;37;99;55.9;52.1;26.5;781;486.6;42
2026-07-21;04:22:22.414;22;41.025100;28.989500;73;42.9;14.7;681;34;54;52.6;25.9;887;1146.7;27;41;32;99;55.6;53.2;12.8;2207;486.6;43
2026-07-21;04:22:22.486;28;41.024100;28.988500;90;43.5;21.4;235;25;66;43.9;39.4;997;1147.1;35;47;42;99;55.7;44.4;21.4;597;486.8;89
2026-07-21;04:22:23.410;68;41.023100;28.987500;92;32.8;10.5;508;33;55;55.3;22;831;1147.5;44;34;39;100;56.0;48.2;8.9;2176;487.0;72
2026-07-21;04:22:23.483;46;41.022100;28.986500;92;35.3;15.5;424;39;67;47.7;16.5;1028;1147.8;25;37;48;99;56.4;47.7;27.8;1327;487.1;53
2026-07-21;04:22:23.484;78;41.021100;28.985500;92;34.8;11.3;748;37;60;45.1;21.4;614;1148.3;38;43;33;100;56.5;45.1;25.1;1648;487.2;44
2026-07-21;04:22:24.448;71;41.020100;28.984500;61;36.2;17.5;246;43;51;47.8;16.5;563;1148.5;37;41;49;100;56.2;45.4;37.5;359;487.3;77
2026-07-21;04:22:24.520;45;41.019100;28.983500;76;39.8;11.6;303;39;66;50.9;7.5;791;1148.8;27;39;37;99;56.2;32.2;9.5;369;487.5;88
2026-07-21;04:22:24.521;81;41.018100;28.982500;91;35.5;18.2;468;44;72;53.2;35.3;1454;1149.1;26;30;36;100;55.7;45.7;12.6;2433;487.6;27
2026-07-21;04:22:25.008;34;41.017100;28.981500;73;35.8;23.4;551;35;52;55.6;18.2;1890;1149.5;34;47;44;100;56.2;42.8;16.2;621;487.7;39
2026-07-21;04:22:25.078;52;41.016100;28.980500;80;41.7;10.1;507;42;60;50.6;37.8;800;1149.9;42;38;40;99;56.4;59.4;17.1;689;487.9;53
2026-07-21;04:22:25.394;75;41.015100;28.979500;75;45;6.1;542;35;68;42.3;26.9;912;1150.1;31;34;44;99;56.7;32.6;21;332;488.0;33
2026-07-21;04:22:26.269;38;41.016100;28.980500;89;30.4;6.3;253;35;51;53.4;17.3;1064;1150.5;32;35;47;100;56.6;41.4;44.9;2300;488.1;53
2026-07-21;04:22:26.269;35;41.017100;28.981500;95;47.7;9.3;525;36;51;54.4;9.5;903;1150.8;39;33;30;99;56.8;52.7;13.6;1571;488.2;77
2026-07-21;04:22:26.533;64;41.018100;28.982500;65;36.8;6.4;381;31;74;40.3;32.9;1768;1151.1;40;47;31;98;56.7;31.9;46.3;2386;488.4;51
2026-07-21;04:22:27.405;32;41.019100;28.983500;61;47.5;14.9;448;29;56;51.2;34.6;724;1151.4;43;47;32;99;56.9;34.3;44.2;1572;488.6;72
2026-07-21;04:22:27.405;42;41.020100;28.984500;88;44;21.1;201;27;51;55;39.3;1985;1151.8;38;41;45;99;57.1;43;47;1732;488.7;72
2026-07-21;04:22:27.405;64;41.021100;28.985500;63;34;10.7;383;42;55;40.4;9.2;516;1152.0;29;44;44;99;57.0;38.6;49;1842;488.8;20
2026-07-21;04:22:28.406;87;41.022100;28.986500;61;41.7;9.8;767;34;50;48.8;37.6;788;1152.3;28;44;45;99;56.8;53.2;47.6;2216;488.8;72
2026-07-21;04:22:28.476;59;41.023100;28.987500;98;34.6;11.3;624;34;50;56;22;1892;1152.7;30;28;46;99;57.2;45;24.7;1161;488.9;59
2026-07-21;04:22:28.477;86;41.024100;28.988500;80;45.7;11;727;34;70;46.5;24.8;773;1153.0;42;42;36;98;57.3;31.2;27.6;1999;489.0;80
2026-07-21;04:22:29.457;72;41.025100;28.989500;80;33.1;21.1;678;28;50;59.1;38.6;1454;1153.4;28;36;35;98;57.5;59.8;46.1;2051;489.1;52
2026-07-21;04:22:29.530;48;41.026100;28.990500;91;36;20.3;214;27;58;59.9;14.2;780;1153.8;28;35;34;98;57.8;37;19.7;1032;489.1;28
2026-07-21;04:22:29.530;65;41.025100;28.989500;68;39.7;10.1;462;36;72;44.8;29.7;1381;1154.2;34;32;35;99;57.7;56.5;34.6;2198;489.3;54
2026-07-21;04:22:30.021;79;41.024100;28.988500;87;41.2;22.6;267;37;52;48.3;20.9;684;1154.7;35;35;41;98;57.9;50.6;46;724;489.3;34
2026-07-21;04:22:30.090;82;41.023100;28.987500;87;35.4;12.5;360;29;67;46.2;12;1428;1155.1;43;45;40;99;57.8;43.7;46.1;792;489.5;62
2026-07-21;04:22:30.404;27;41.022100;28.986500;71;48.9;22.5;238;36;50;57;9.9;708;1155.3;39;39;38;98;57.9;50.8;18.6;2347;489.7;26
2026-07-21;04:22:31.280;33;41.021100;28.985500;84;35.6;10.4;611;37;63;47.2;19.1;1326;1155.7;36;39;31;98;57.5;56.2;41.8;1207;489.8;54
2026-07-21;04:22:31.281;29;41.020100;28.984500;90;30.9;11.8;738;40;70;41;28.5;1643;1155.8;35;30;36;97;57.8;40.5;21.7;765;489.9;77
2026-07-21;04:22:31.549;22;41.019100;28.983500;74;36;8.8;268;36;68;43.6;38.9;788;1156.0;38;38;43;97;58.2;48.6;18.8;1558;490.1;58
2026-07-21;04:22:32.396;48;41.018100;28.982500;92;36.6;21.4;622;28;74;51.1;10;655;1156.3;25;43;32;98;58.3;56;39.7;2259;490.2;68
2026-07-21;04:22:32.468;46;41.017100;28.981500;68;48.9;24.2;433;40;62;58;35.8;1202;1156.6;36;42;36;97;58.0;53.1;44.9;2177;490.3;23
2026-07-21;04:22:32.469;50;41.016100;28.980500;78;35.5;7.2;655;35;53;55.5;34.7;1450;1157.0;27;30;44;96;57.5;39.6;6.5;305;490.4;56
2026-07-21;04:38:57.035;24;41.016100;28.980500;63;47.3;13.7;739;30;52;42;23.2;1613;100.3;27;44;49;85;45.4;56.6;37.4;1730;50.2;40
2026-07-21;04:38:58.592;59;41.017100;28.981500;75;40.1;24.6;453;44;58;52.4;27.2;1473;100.6;28;34;32;85;45.2;53.1;43.1;1726;50.3;82
2026-07-21;04:38:59.462;20;41.018100;28.982500;71;40.2;13.6;204;31;63;57.7;19.3;885;100.8;28;43;48;84;45.6;50.6;36.7;1407;50.3;22
2026-07-21;04:39:00.304;62;41.019100;28.983500;85;49.3;5.1;482;37;68;50.6;15.8;926;100.9;40;39;30;84;45.4;57.4;47.3;633;50.4;40
2026-07-21;04:39:01.143;29;41.020100;28.984500;62;41.9;17.3;301;29;63;49.3;26.4;958;101.3;42;32;38;83;45.2;45.8;45.8;2030;50.5;63
